2.852295525372028351e-03,-2.116870880126953125e-02,8.207980990409851074e-01,-3.108256123960018158e-02,3.120717406272888184e-02,7.043600678443908691e-01,7.084749937057495117e-01,-1.240024864673614502e-01,1.571522802114486694e-01,3.101552724838256836e-01,3.035572469234466553e-01,-2.228501588106155396e-01,3.240795060992240906e-02,-2.151651978492736816e-01,-9.497439861297607422e-02,-1.360580027103424072e-01,3.820271193981170654e-01,-1.595658361911773682e-01,3.153528645634651184e-02,-2.582289278507232666e-01,-2.445702552795410156e-01,7.246726155281066895e-01,-6.217272877693176270e-01,8.058351278305053711e-01,2.355809509754180908e-01,2.860191278159618378e-02,-4.792311787605285645e-01,4.808512032032012939e-01,1.186946749687194824e+00,-2.097185105085372925e-01
5.250595044344663620e-03,-2.199642173945903778e-02,8.217443823814392090e-01,-3.160643205046653748e-02,3.410565853118896484e-02,7.048304677009582520e-01,7.078501582145690918e-01,-1.284670531749725342e-01,1.537809520959854126e-01,3.029707372188568115e-01,2.963326275348663330e-01,-2.109959572553634644e-01,2.037643082439899445e-02,-2.189305871725082397e-01,-9.667494893074035645e-02,-1.432188153266906738e-01,3.770949542522430420e-01,-1.557340025901794434e-01,2.688133157789707184e-02,-2.569437325000762939e-01,-2.705949544906616211e-01,7.226728796958923340e-01,-6.438107490539550781e-01,8.167728185653686523e-01,2.220251113176345825e-01,2.163411118090152740e-02,-4.730893075466156006e-01,4.726832509040832520e-01,1.216701745986938477e+00,-2.124008685350418091e-01
7.419820874929428101e-03,-2.268322557210922241e-02,8.227295875549316406e-01,-3.174282982945442200e-02,3.580440580844879150e-02,7.051994800567626953e-01,7.073925137519836426e-01,-1.330215483903884888e-01,1.519751548767089844e-01,2.918419837951660156e-01,2.946113049983978271e-01,-1.979647725820541382e-01,1.111127715557813644e-02,-2.197704315185546875e-01,-9.566956758499145508e-02,-1.438609510660171509e-01,3.697423040866851807e-01,-1.494524925947189331e-01,2.393041923642158508e-02,-2.523919045925140381e-01,-2.824135124683380127e-01,7.249583601951599121e-01,-6.589784622192382812e-01,8.093647360801696777e-01,2.087166309356689453e-01,1.547413412481546402e-02,-4.766320586204528809e-01,4.668470025062561035e-01,1.226718187332153320e+00,-2.105079293251037598e-01
1.045917160809040070e-02,-2.504602074623107910e-02,8.233744502067565918e-01,-2.999432012438774109e-02,3.725713118910789490e-02,7.049109339714050293e-01,7.076812982559204102e-01,-1.410012990236282349e-01,1.503455936908721924e-01,2.779799699783325195e-01,3.041048049926757812e-01,-1.832273006439208984e-01,-5.288968328386545181e-03,-2.233928143978118896e-01,-9.483423829078674316e-02,-1.386106610298156738e-01,3.690328598022460938e-01,-1.459353864192962646e-01,1.997712813317775726e-02,-2.452176958322525024e-01,-2.913506329059600830e-01,7.340793013572692871e-01,-6.673297882080078125e-01,7.870543003082275391e-01,1.963934153318405151e-01,4.868286196142435074e-03,-4.807808101177215576e-01,4.580615758895874023e-01,1.226441144943237305e+00,-1.995734125375747681e-01
1.307019032537937164e-02,-2.734974585473537445e-02,8.230676054954528809e-01,-2.868434041738510132e-02,3.809855878353118896e-02,7.059397697448730469e-01,7.066645026206970215e-01,-1.486398130655288696e-01,1.490931957960128784e-01,2.566331624984741211e-01,3.193024098873138428e-01,-1.855046004056930542e-01,-2.031844854354858398e-02,-2.285432815551757812e-01,-9.565598517656326294e-02,-1.395858079195022583e-01,3.752008676528930664e-01,-1.457857340574264526e-01,2.282462082803249359e-02,-2.344941794872283936e-01,-3.027601242065429688e-01,7.435890436172485352e-01,-6.789108514785766602e-01,7.661627531051635742e-01,1.874514222145080566e-01,-1.376952696591615677e-02,-4.927098453044891357e-01,4.552734792232513428e-01,1.220909953117370605e+00,-1.899467110633850098e-01
1.447494421154260635e-02,-2.738787792623043060e-02,8.218249082565307617e-01,-2.678217738866806030e-02,3.913599252700805664e-02,7.075271010398864746e-01,7.050932049751281738e-01,-1.587438881397247314e-01,1.535475999116897583e-01,2.441617399454116821e-01,3.600288629531860352e-01,-1.969803869724273682e-01,-2.353184856474399567e-02,-2.358403503894805908e-01,-1.011274904012680054e-01,-1.406926661729812622e-01,3.957486748695373535e-01,-1.556198596954345703e-01,2.633747272193431854e-02,-2.228311747312545776e-01,-3.139157593250274658e-01,7.517217993736267090e-01,-6.884641051292419434e-01,7.403311133384704590e-01,1.834314167499542236e-01,-3.707070276141166687e-02,-5.048276782035827637e-01,4.557684957981109619e-01,1.210657119750976562e+00,-1.876939982175827026e-01
1.594903506338596344e-02,-2.624803036451339722e-02,8.189054727554321289e-01,-2.657986246049404144e-02,4.125197231769561768e-02,7.108877301216125488e-01,7.015913724899291992e-01,-1.803450882434844971e-01,1.704573631286621094e-01,2.456739097833633423e-01,4.257343113422393799e-01,-2.154855877161026001e-01,-1.871604099869728088e-02,-2.507720291614532471e-01,-1.100685223937034607e-01,-1.507619470357894897e-01,4.303462207317352295e-01,-1.784068197011947632e-01,2.436710149049758911e-02,-2.136200666427612305e-01,-3.225268423557281494e-01,7.590541839599609375e-01,-6.926341056823730469e-01,7.219507098197937012e-01,1.736617982387542725e-01,-7.841956615447998047e-02,-5.240272879600524902e-01,4.509368240833282471e-01,1.202460646629333496e+00,-1.865044981241226196e-01
1.788746006786823273e-02,-2.461880818009376526e-02,8.145526051521301270e-01,-2.569052577018737793e-02,4.153010621666908264e-02,7.142118215560913086e-01,6.982239484786987305e-01,-2.038628756999969482e-01,1.956914216279983521e-01,2.405390143394470215e-01,5.105630159378051758e-01,-2.561310231685638428e-01,-3.613697597756981850e-03,-2.668956816196441650e-01,-1.187624558806419373e-01,-1.644879728555679321e-01,4.802101552486419678e-01,-2.086669504642486572e-01,2.432436868548393250e-02,-1.964054554700851440e-01,-3.244458436965942383e-01,7.648341655731201172e-01,-6.927166581153869629e-01,7.038695216178894043e-01,1.743932813405990601e-01,-1.158398985862731934e-01,-5.481787919998168945e-01,4.488093554973602295e-01,1.186952233314514160e+00,-1.814617961645126343e-01
1.991749554872512817e-02,-2.528770826756954193e-02,8.093684315681457520e-01,-2.381247654557228088e-02,3.950237110257148743e-02,7.175213098526000977e-01,6.950076818466186523e-01,-2.245508730411529541e-01,2.159952521324157715e-01,2.301009297370910645e-01,5.869360566139221191e-01,-2.876707315444946289e-01,8.172629401087760925e-03,-2.793897092342376709e-01,-1.251882314682006836e-01,-1.773383170366287231e-01,5.262518525123596191e-01,-2.393142879009246826e-01,2.191632799804210663e-02,-1.800595968961715698e-01,-3.125260174274444580e-01,7.590299248695373535e-01,-6.745446324348449707e-01,6.968243718147277832e-01,1.762924194335937500e-01,-1.514512002468109131e-01,-5.688516497611999512e-01,4.424153268337249756e-01,1.178222656250000000e+00,-1.898141652345657349e-01
2.203321270644664764e-02,-2.573422342538833618e-02,8.038708567619323730e-01,-2.315419726073741913e-02,3.639977052807807922e-02,7.210155725479125977e-01,6.915746927261352539e-01,-2.411759346723556519e-01,2.318856865167617798e-01,2.171359658241271973e-01,6.442908644676208496e-01,-3.245507478713989258e-01,1.515876781195402145e-02,-2.863124310970306396e-01,-1.279160380363464355e-01,-1.932684928178787231e-01,5.626650452613830566e-01,-2.739579081535339355e-01,1.808687672019004822e-02,-1.620067507028579712e-01,-2.900916635990142822e-01,7.428520917892456055e-01,-6.426030397415161133e-01,6.976246833801269531e-01,1.735357344150543213e-01,-1.850240677595138550e-01,-5.893670916557312012e-01,4.305280447006225586e-01,1.174796223640441895e+00,-1.874776184558868408e-01
2.442158199846744537e-02,-2.772705443203449249e-02,7.994930148124694824e-01,-1.996054686605930328e-02,3.175184875726699829e-02,7.227435111999511719e-01,6.900979876518249512e-01,-2.457464635372161865e-01,2.345477938652038574e-01,1.930287629365921021e-01,6.793853044509887695e-01,-3.558696210384368896e-01,2.057046256959438324e-02,-2.866408228874206543e-01,-1.302686631679534912e-01,-2.076692134141921997e-01,5.913744568824768066e-01,-2.989546656608581543e-01,1.920826360583305359e-02,-1.366598606109619141e-01,-2.639158964157104492e-01,7.194061279296875000e-01,-6.082347035408020020e-01,7.160168886184692383e-01,1.773304343223571777e-01,-2.199410498142242432e-01,-6.144980192184448242e-01,4.196422398090362549e-01,1.171032905578613281e+00,-1.948659867048263550e-01
2.413643337786197662e-02,-2.645379491150379181e-02,7.967882752418518066e-01,-1.933015882968902588e-02,2.958003059029579163e-02,7.232816815376281738e-01,6.896484494209289551e-01,-2.437916100025177002e-01,2.365573644638061523e-01,1.883815824985504150e-01,6.892345547676086426e-01,-3.778821229934692383e-01,2.782809734344482422e-02,-2.838663458824157715e-01,-1.348617523908615112e-01,-2.218932956457138062e-01,6.050203442573547363e-01,-3.175033032894134521e-01,1.922628656029701233e-02,-1.163177341222763062e-01,-2.286135703325271606e-01,6.955817937850952148e-01,-5.825020074844360352e-01,7.432270050048828125e-01,1.772252321243286133e-01,-2.514734566211700439e-01,-6.328060030937194824e-01,4.070988595485687256e-01,1.158367753028869629e+00,-1.890094280242919922e-01
2.318250201642513275e-02,-2.508812583982944489e-02,7.962163686752319336e-01,-1.889974810183048248e-02,2.910887822508811951e-02,7.245336771011352539e-01,6.883650422096252441e-01,-2.415028214454650879e-01,2.284061908721923828e-01,1.747532486915588379e-01,6.873701810836791992e-01,-3.852094411849975586e-01,3.319116309285163879e-02,-2.740499377250671387e-01,-1.395212411880493164e-01,-2.325479388236999512e-01,5.970103144645690918e-01,-3.288121223449707031e-01,1.857450418174266815e-02,-8.398512750864028931e-02,-1.816680431365966797e-01,6.535776853561401367e-01,-5.477142930030822754e-01,8.114232420921325684e-01,1.800244152545928955e-01,-2.848256230354309082e-01,-6.572227478027343750e-01,3.887040019035339355e-01,1.155403494834899902e+00,-1.737294197082519531e-01
2.175433747470378876e-02,-2.178241126239299774e-02,7.975180745124816895e-01,-1.956635899841785431e-02,3.084092400968074799e-02,7.251625061035156250e-01,6.876084208488464355e-01,-2.292578071355819702e-01,2.179155051708221436e-01,1.701571941375732422e-01,6.600657105445861816e-01,-3.852939009666442871e-01,4.356967657804489136e-02,-2.579121887683868408e-01,-1.408254206180572510e-01,-2.359642237424850464e-01,5.671505331993103027e-01,-3.345431983470916748e-01,1.184704061597585678e-02,-5.764364823698997498e-02,-1.387551426887512207e-01,6.155651807785034180e-01,-5.260494947433471680e-01,8.748908042907714844e-01,1.868962049484252930e-01,-3.102757632732391357e-01,-6.721345186233520508e-01,3.759061694145202637e-01,1.149482488632202148e+00,-1.518498957157135010e-01
2.037645131349563599e-02,-1.863449066877365112e-02,8.001389503479003906e-01,-2.027681283652782440e-02,3.372864425182342529e-02,7.255013585090637207e-01,6.870946288108825684e-01,-2.138341218233108521e-01,2.037276774644851685e-01,1.638644635677337646e-01,6.205986142158508301e-01,-3.754110932350158691e-01,4.511667788028717041e-02,-2.412902563810348511e-01,-1.444657146930694580e-01,-2.429514676332473755e-01,5.303831100463867188e-01,-3.287702798843383789e-01,1.202940195798873901e-02,-3.140681609511375427e-02,-9.068705886602401733e-02,5.755073428153991699e-01,-4.955601692199707031e-01,9.449799656867980957e-01,1.806840449571609497e-01,-3.370696604251861572e-01,-6.927204728126525879e-01,3.655360341072082520e-01,1.129238724708557129e+00,-1.320387721061706543e-01
1.642771065235137939e-02,-1.481938455253839493e-02,8.039260506629943848e-01,-2.075234800577163696e-02,3.658927977085113525e-02,7.256117463111877441e-01,6.868174076080322266e-01,-1.969584822654724121e-01,1.877800822257995605e-01,1.641133427619934082e-01,5.822496414184570312e-01,-3.566793799400329590e-01,5.221031233668327332e-02,-2.226723879575729370e-01,-1.504343152046203613e-01,-2.456702888011932373e-01,4.906591773033142090e-01,-3.136322200298309326e-01,1.060796715319156647e-02,-5.595184396952390671e-03,-5.102929845452308655e-02,5.417894124984741211e-01,-4.665093421936035156e-01,1.013919830322265625e+00,1.734675914049148560e-01,-3.541143238544464111e-01,-7.028673887252807617e-01,3.575509190559387207e-01,1.117502450942993164e+00,-1.104703620076179504e-01
1.159240398555994034e-02,-1.298168394714593887e-02,8.078679442405700684e-01,-2.118915505707263947e-02,3.875070437788963318e-02,7.254543900489807129e-01,6.868517398834228516e-01,-1.824077069759368896e-01,1.716652214527130127e-01,1.632747203111648560e-01,5.457593202590942383e-01,-3.343296647071838379e-01,4.778844118118286133e-02,-2.043953835964202881e-01,-1.563715636730194092e-01,-2.492502927780151367e-01,4.473823010921478271e-01,-2.917454242706298828e-01,1.594525016844272614e-02,1.817358843982219696e-02,-1.233439706265926361e-02,5.151866078376770020e-01,-4.345815479755401611e-01,1.072722315788269043e+00,1.604646593332290649e-01,-3.662961721420288086e-01,-7.156065106391906738e-01,3.552285432815551758e-01,1.099120378494262695e+00,-9.774713963270187378e-02
6.253466941416263580e-03,-1.365271769464015961e-02,8.117795586585998535e-01,-2.062359079718589783e-02,3.943118453025817871e-02,7.256183028221130371e-01,6.866570115089416504e-01,-1.720297783613204956e-01,1.580244153738021851e-01,1.660983562469482422e-01,5.194588303565979004e-01,-3.102162778377532959e-01,4.212830960750579834e-02,-1.913880109786987305e-01,-1.650855839252471924e-01,-2.569608688354492188e-01,4.171140193939208984e-01,-2.628065943717956543e-01,2.316060476005077362e-02,4.026868194341659546e-02,2.140736766159534454e-02,5.008165240287780762e-01,-4.092292785644531250e-01,1.111573100090026855e+00,1.477436125278472900e-01,-3.713824748992919922e-01,-7.233614921569824219e-01,3.579033017158508301e-01,1.085325479507446289e+00,-9.260269999504089355e-02
-1.083222334273159504e-03,-1.557794399559497833e-02,8.149929046630859375e-01,-2.104533091187477112e-02,4.034226015210151672e-02,7.263291478157043457e-01,6.858393549919128418e-01,-1.615619361400604248e-01,1.429144591093063354e-01,1.727239936590194702e-01,4.862759113311767578e-01,-2.966162562370300293e-01,3.633255884051322937e-02,-1.836754828691482544e-01,-1.768061667680740356e-01,-2.658423781394958496e-01,3.905602991580963135e-01,-2.331028282642364502e-01,3.202401101589202881e-02,6.494367122650146484e-02,5.623169988393783569e-02,4.891047179698944092e-01,-3.774718940258026123e-01,1.145304441452026367e+00,1.313948929309844971e-01,-3.738969266414642334e-01,-7.333931922912597656e-01,3.670167326927185059e-01,1.068417191505432129e+00,-9.170874208211898804e-02
-7.064641453325748444e-03,-1.695068553090095520e-02,8.174254298210144043e-01,-2.084859274327754974e-02,4.105611518025398254e-02,7.262813448905944824e-01,6.858536005020141602e-01,-1.578784883022308350e-01,1.305316090583801270e-01,1.765582263469696045e-01,4.719276726245880127e-01,-2.796602845191955566e-01,3.290775790810585022e-02,-1.795125305652618408e-01,-1.862731128931045532e-01,-2.683939933776855469e-01,3.748353421688079834e-01,-2.096662372350692749e-01,3.912080451846122742e-02,8.288627117872238159e-02,8.778222650289535522e-02,4.810809493064880371e-01,-3.533298373222351074e-01,1.168318271636962891e+00,1.162948906421661377e-01,-3.738060295581817627e-01,-7.386110424995422363e-01,3.752157688140869141e-01,1.055183649063110352e+00,-8.976799249649047852e-02
-1.329597830772399902e-02,-1.845894195139408112e-02,8.186119794845581055e-01,-2.118761837482452393e-02,4.115378856658935547e-02,7.270762324333190918e-01,6.849946379661560059e-01,-1.572233736515045166e-01,1.200263574719429016e-01,1.795886456966400146e-01,4.639042019844055176e-01,-2.742673456668853760e-01,3.081860579550266266e-02,-1.780270934104919434e-01,-1.950375586748123169e-01,-2.695316076278686523e-01,3.665618896484375000e-01,-1.950574666261672974e-01,4.397293552756309509e-02,9.408812969923019409e-02,1.175206601619720459e-01,4.727503061294555664e-01,-3.280846774578094482e-01,1.184121608734130859e+00,1.035574749112129211e-01,-3.693578243255615234e-01,-7.420219779014587402e-01,3.789457380771636963e-01,1.036871671676635742e+00,-9.196368604898452759e-02
-1.887992396950721741e-02,-1.892884820699691772e-02,8.187605738639831543e-01,-2.147880382835865021e-02,4.060932248830795288e-02,7.270057797431945801e-01,6.850928068161010742e-01,-1.572411656379699707e-01,1.129878535866737366e-01,1.831035166978836060e-01,4.637356996536254883e-01,-2.762317061424255371e-01,3.189390525221824646e-02,-1.798130571842193604e-01,-2.025682181119918823e-01,-2.682524025440216064e-01,3.699105381965637207e-01,-1.875058561563491821e-01,5.068104714155197144e-02,1.026190444827079773e-01,1.372801065444946289e-01,4.638777673244476318e-01,-3.050240278244018555e-01,1.197997331619262695e+00,9.224048256874084473e-02,-3.615885078907012939e-01,-7.399347424507141113e-01,3.822920322418212891e-01,1.017470598220825195e+00,-9.440449625253677368e-02
-2.368857897818088531e-02,-1.871698722243309021e-02,8.181238770484924316e-01,-2.221446298062801361e-02,4.065356031060218811e-02,7.260791659355163574e-01,6.860487461090087891e-01,-1.622676104307174683e-01,1.091136261820793152e-01,1.892268061637878418e-01,4.742456376552581787e-01,-2.811368703842163086e-01,3.401241078972816467e-02,-1.902655363082885742e-01,-2.112424820661544800e-01,-2.666147351264953613e-01,3.896463513374328613e-01,-1.839037835597991943e-01,5.777539685368537903e-02,1.041008532047271729e-01,1.476821154356002808e-01,4.530924260616302490e-01,-2.869520485401153564e-01,1.213464856147766113e+00,8.180502802133560181e-02,-3.498273789882659912e-01,-7.318655848503112793e-01,3.805705606937408447e-01,9.876123666763305664e-01,-9.124937653541564941e-02
-2.964222617447376251e-02,-2.090750634670257568e-02,8.164339661598205566e-01,-2.376750484108924866e-02,4.009221866726875305e-02,7.254643440246582031e-01,6.866798996925354004e-01,-1.717766076326370239e-01,1.065016239881515503e-01,1.966464221477508545e-01,4.872791767120361328e-01,-2.987048923969268799e-01,4.251565411686897278e-02,-2.104484289884567261e-01,-2.197904437780380249e-01,-2.580936849117279053e-01,4.209166765213012695e-01,-1.819475144147872925e-01,6.082428246736526489e-02,9.998776018619537354e-02,1.430758833885192871e-01,4.426048099994659424e-01,-2.728727161884307861e-01,1.231373906135559082e+00,8.389609307050704956e-02,-3.364142477512359619e-01,-7.211209535598754883e-01,3.788839280605316162e-01,9.599220156669616699e-01,-1.002266705036163330e-01
-3.635396063327789307e-02,-2.486727572977542877e-02,8.141856789588928223e-01,-2.516365610063076019e-02,3.750111907720565796e-02,7.238742113113403320e-01,6.884523034095764160e-01,-1.817172765731811523e-01,1.079799979925155640e-01,2.082553803920745850e-01,5.072378516197204590e-01,-3.230782151222229004e-01,4.853101819753646851e-02,-2.430570423603057861e-01,-2.329319715499877930e-01,-2.580563724040985107e-01,4.808790683746337891e-01,-1.705127805471420288e-01,6.759460270404815674e-02,9.091673791408538818e-02,1.310112774372100830e-01,4.297357499599456787e-01,-2.596285343170166016e-01,1.250018000602722168e+00,7.955162972211837769e-02,-3.198747336864471436e-01,-7.000676989555358887e-01,3.762879669666290283e-01,9.319129586219787598e-01,-1.028277426958084106e-01
-3.816171735525131226e-02,-2.969156391918659210e-02,8.112891912460327148e-01,-2.385376393795013428e-02,3.539733961224555969e-02,7.223507165908813477e-01,6.902083158493041992e-01,-1.901392340660095215e-01,1.121621653437614441e-01,2.196781337261199951e-01,5.278466939926147461e-01,-3.448919951915740967e-01,6.013228744268417358e-02,-2.711184322834014893e-01,-2.445583790540695190e-01,-2.522161602973937988e-01,5.369282960891723633e-01,-1.689009964466094971e-01,6.485359370708465576e-02,7.865746319293975830e-02,1.081587895750999451e-01,4.201569855213165283e-01,-2.563382089138031006e-01,1.268576145172119141e+00,8.857335895299911499e-02,-3.014114797115325928e-01,-6.792407631874084473e-01,3.820445835590362549e-01,9.229063987731933594e-01,-1.164929270744323730e-01
-4.273701831698417664e-02,-3.577639162540435791e-02,8.083180785179138184e-01,-2.357051335275173187e-02,2.982042171061038971e-02,7.201303839683532715e-01,6.927967667579650879e-01,-1.988392472267150879e-01,1.214340850710868835e-01,2.321940064430236816e-01,5.560290813446044922e-01,-3.726727664470672607e-01,6.847514957189559937e-02,-3.055830299854278564e-01,-2.605416774749755859e-01,-2.490981966257095337e-01,6.132372617721557617e-01,-1.734142750501632690e-01,6.360542774200439453e-02,6.295394897460937500e-02,7.158013433218002319e-02,4.150214493274688721e-01,-2.589870095252990723e-01,1.290406703948974609e+00,9.521971642971038818e-02,-2.801315486431121826e-01,-6.414445638656616211e-01,3.911363780498504639e-01,9.340773820877075195e-01,-1.290750056505203247e-01
-4.710337519645690918e-02,-4.381423816084861755e-02,8.054162263870239258e-01,-2.194492146372795105e-02,2.292835339903831482e-02,7.170389890670776367e-01,6.963101625442504883e-01,-2.056748121976852417e-01,1.298749446868896484e-01,2.407749146223068237e-01,5.830913186073303223e-01,-3.987472057342529297e-01,8.023674041032791138e-02,-3.380235135555267334e-01,-2.677778601646423340e-01,-2.350182533264160156e-01,6.926311254501342773e-01,-2.040618956089019775e-01,4.945025593042373657e-02,4.250245541334152222e-02,2.455275878310203552e-02,4.152235686779022217e-01,-2.692672610282897949e-01,1.310877680778503418e+00,1.108805611729621887e-01,-2.643452882766723633e-01,-5.969980955123901367e-01,4.048588573932647705e-01,9.652770161628723145e-01,-1.446261107921600342e-01
-5.081313103437423706e-02,-4.974390566349029541e-02,8.027028441429138184e-01,-2.037345245480537415e-02,1.868605799973011017e-02,7.155829071998596191e-01,6.979805231094360352e-01,-2.133554816246032715e-01,1.348464041948318481e-01,2.505322992801666260e-01,6.072432398796081543e-01,-4.182752072811126709e-01,9.034287184476852417e-02,-3.638419806957244873e-01,-2.710675597190856934e-01,-2.227157056331634521e-01,7.504770755767822266e-01,-2.350872009992599487e-01,4.078881815075874329e-02,1.976918987929821014e-02,-3.037797473371028900e-02,4.169986248016357422e-01,-2.797673344612121582e-01,1.333449244499206543e+00,1.254127770662307739e-01,-2.479979842901229858e-01,-5.483792424201965332e-01,4.204932153224945068e-01,1.016864776611328125e+00,-1.574143916368484497e-01
-5.098788067698478699e-02,-5.195342376828193665e-02,8.004155158996582031e-01,-1.980532519519329071e-02,1.867622882127761841e-02,7.142356634140014648e-01,6.993756890296936035e-01,-2.230562567710876465e-01,1.383540779352188110e-01,2.562115788459777832e-01,6.271139383316040039e-01,-4.291385412216186523e-01,9.630451351404190063e-02,-3.761191964149475098e-01,-2.674697339534759521e-01,-2.111733108758926392e-01,7.689581513404846191e-01,-2.539632320404052734e-01,3.738426044583320618e-02,-3.066093660891056061e-03,-8.355322480201721191e-02,4.220153391361236572e-01,-2.930675745010375977e-01,1.349045276641845703e+00,1.366741359233856201e-01,-2.325362414121627808e-01,-5.052441358566284180e-01,4.293397963047027588e-01,1.070347547531127930e+00,-1.527944803237915039e-01
-5.188768357038497925e-02,-5.544951185584068298e-02,7.991371750831604004e-01,-1.995898783206939697e-02,1.860432885587215424e-02,7.127112150192260742e-01,7.009266614913940430e-01,-2.327179759740829468e-01,1.428730934858322144e-01,2.656496167182922363e-01,6.411155462265014648e-01,-4.336661398410797119e-01,9.862335771322250366e-02,-3.835221230983734131e-01,-2.617080509662628174e-01,-2.049523144960403442e-01,7.742156386375427246e-01,-2.768103778362274170e-01,3.345616906881332397e-02,-3.459858894348144531e-02,-1.460860669612884521e-01,4.342117309570312500e-01,-3.114421665668487549e-01,1.363935232162475586e+00,1.542365849018096924e-01,-2.099964171648025513e-01,-4.571613669395446777e-01,4.359927177429199219e-01,1.139787554740905762e+00,-1.495994776487350464e-01
-5.035907402634620667e-02,-5.663551762700080872e-02,7.988463640213012695e-01,-2.082172222435474396e-02,1.980071887373924255e-02,7.125576138496398926e-01,7.010250091552734375e-01,-2.401621937751770020e-01,1.471012085676193237e-01,2.692945599555969238e-01,6.467639207839965820e-01,-4.322986900806427002e-01,9.984453767538070679e-02,-3.820630311965942383e-01,-2.516188621520996094e-01,-2.023885548114776611e-01,7.604597806930541992e-01,-2.921281754970550537e-01,2.639816328883171082e-02,-5.933227390050888062e-02,-2.005546838045120239e-01,4.504211246967315674e-01,-3.250510096549987793e-01,1.368206024169921875e+00,1.634753346443176270e-01,-1.867160946130752563e-01,-4.205157458782196045e-01,4.395436346530914307e-01,1.200641751289367676e+00,-1.484483629465103149e-01
-4.575170949101448059e-02,-5.719219148159027100e-02,7.996662259101867676e-01,-2.043757215142250061e-02,2.244826592504978180e-02,7.111898660659790039e-01,7.023442387580871582e-01,-2.386403679847717285e-01,1.506128609180450439e-01,2.760912775993347168e-01,6.359505653381347656e-01,-4.243534803390502930e-01,9.786501526832580566e-02,-3.689778149127960205e-01,-2.406386137008666992e-01,-2.054663151502609253e-01,7.254817485809326172e-01,-3.100918829441070557e-01,1.571637764573097229e-02,-8.473230153322219849e-02,-2.457993179559707642e-01,4.695554375648498535e-01,-3.385292887687683105e-01,1.355299949645996094e+00,1.710429042577743530e-01,-1.540960967540740967e-01,-3.962761461734771729e-01,4.383098483085632324e-01,1.248163342475891113e+00,-1.452874541282653809e-01
-3.862704336643218994e-02,-5.639408901333808899e-02,8.016797900199890137e-01,-1.982394233345985413e-02,2.534596435725688934e-02,7.102954387664794922e-01,7.031677961349487305e-01,-2.326091378927230835e-01,1.556564569473266602e-01,2.810085713863372803e-01,6.177642941474914551e-01,-4.093736708164215088e-01,9.672228991985321045e-02,-3.536282181739807129e-01,-2.264552861452102661e-01,-2.051135897636413574e-01,6.885606646537780762e-01,-3.237819075584411621e-01,5.507085006684064865e-04,-1.083218529820442200e-01,-2.885049879550933838e-01,4.937236309051513672e-01,-3.605068922042846680e-01,1.329083085060119629e+00,1.846048682928085327e-01,-1.246838495135307312e-01,-3.807543814182281494e-01,4.350805580615997314e-01,1.285622000694274902e+00,-1.422325372695922852e-01
-3.270520269870758057e-02,-5.361146852374076843e-02,8.047207593917846680e-01,-2.072888612747192383e-02,2.862478606402873993e-02,7.092666029930114746e-01,7.040538191795349121e-01,-2.213472127914428711e-01,1.589517593383789062e-01,2.864540219306945801e-01,5.877243280410766602e-01,-3.908478915691375732e-01,9.310090541839599609e-02,-3.354561030864715576e-01,-2.125033289194107056e-01,-2.052260190248489380e-01,6.448673009872436523e-01,-3.317668735980987549e-01,-1.654894836246967316e-02,-1.290245205163955688e-01,-3.278306424617767334e-01,5.207914113998413086e-01,-3.877963125705718994e-01,1.281695485115051270e+00,1.928494423627853394e-01,-9.309527277946472168e-02,-3.748211562633514404e-01,4.367894232273101807e-01,1.305033683776855469e+00,-1.483256965875625610e-01
-2.771882526576519012e-02,-5.163063108921051025e-02,8.087581992149353027e-01,-2.178172208368778229e-02,3.102462366223335266e-02,7.084193229675292969e-01,7.047730684280395508e-01,-2.090153098106384277e-01,1.616638004779815674e-01,2.916828691959381104e-01,5.543742179870605469e-01,-3.647508025169372559e-01,8.554567396640777588e-02,-3.191379010677337646e-01,-2.018619775772094727e-01,-2.110507041215896606e-01,6.049664616584777832e-01,-3.228299617767333984e-01,-2.282329462468624115e-02,-1.455567926168441772e-01,-3.563388586044311523e-01,5.432360172271728516e-01,-4.118052423000335693e-01,1.238499045372009277e+00,1.944092065095901489e-01,-6.604196876287460327e-02,-3.742551505565643311e-01,4.375274479389190674e-01,1.315692424774169922e+00,-1.482845693826675415e-01
-2.182922512292861938e-02,-4.927601292729377747e-02,8.131865859031677246e-01,-2.319827675819396973e-02,3.394025191664695740e-02,7.073886990547180176e-01,7.056282162666320801e-01,-1.891075223684310913e-01,1.618475615978240967e-01,2.953362762928009033e-01,5.020288825035095215e-01,-3.375002145767211914e-01,7.436291873455047607e-02,-2.968000173568725586e-01,-1.880057454109191895e-01,-2.165753841400146484e-01,5.497050881385803223e-01,-3.141082227230072021e-01,-2.952103875577449799e-02,-1.666193008422851562e-01,-3.866231739521026611e-01,5.746114850044250488e-01,-4.364576637744903564e-01,1.160690307617187500e+00,1.877248138189315796e-01,-3.267010673880577087e-02,-3.799132704734802246e-01,4.379107356071472168e-01,1.307999610900878906e+00,-1.472447663545608521e-01
-1.574758812785148621e-02,-4.641318693757057190e-02,8.179607391357421875e-01,-2.397012710571289062e-02,3.621213138103485107e-02,7.071329951286315918e-01,7.057456970214843750e-01,-1.696059256792068481e-01,1.626380383968353271e-01,2.985984683036804199e-01,4.555819034576416016e-01,-3.036141395568847656e-01,5.973366647958755493e-02,-2.777767479419708252e-01,-1.760143190622329712e-01,-2.219463735818862915e-01,5.077713727951049805e-01,-2.942088544368743896e-01,-3.156441077589988708e-02,-1.820032745599746704e-01,-4.039352834224700928e-01,6.049757599830627441e-01,-4.623291492462158203e-01,1.088359236717224121e+00,1.794040948152542114e-01,-7.232473231852054596e-03,-3.937073051929473877e-01,4.395502209663391113e-01,1.295560240745544434e+00,-1.534985303878784180e-01
-9.669793769717216492e-03,-4.462853446602821350e-02,8.221853971481323242e-01,-2.394343726336956024e-02,3.809110447764396667e-02,7.063514590263366699e-01,7.064300775527954102e-01,-1.529233604669570923e-01,1.635515391826629639e-01,3.017297685146331787e-01,4.166885912418365479e-01,-2.700543403625488281e-01,4.935043677687644958e-02,-2.633055448532104492e-01,-1.649205386638641357e-01,-2.247501313686370850e-01,4.750362038612365723e-01,-2.741057276725769043e-01,-3.259934857487678528e-02,-1.922951936721801758e-01,-4.149662554264068604e-01,6.350402832031250000e-01,-4.828391075134277344e-01,1.015641450881958008e+00,1.695192605257034302e-01,1.159119978547096252e-02,-4.054185748100280762e-01,4.370938837528228760e-01,1.280153870582580566e+00,-1.577013283967971802e-01
-3.701359033584594727e-03,-4.073725268244743347e-02,8.253546953201293945e-01,-2.387982048094272614e-02,4.040492326021194458e-02,7.050295472145080566e-01,7.076231241226196289e-01,-1.398731917142868042e-01,1.653624475002288818e-01,3.053204715251922607e-01,3.930197060108184814e-01,-2.435628026723861694e-01,4.222272336483001709e-02,-2.528379261493682861e-01,-1.553820222616195679e-01,-2.246691584587097168e-01,4.553378522396087646e-01,-2.608640789985656738e-01,-3.877189010381698608e-02,-1.989619582891464233e-01,-4.202380180358886719e-01,6.590374112129211426e-01,-4.960627257823944092e-01,9.484813809394836426e-01,1.517686992883682251e-01,2.713986858725547791e-02,-4.195007383823394775e-01,4.327085018157958984e-01,1.268935680389404297e+00,-1.627483963966369629e-01
1.950737088918685913e-03,-3.678707405924797058e-02,8.271543383598327637e-01,-2.330881170928478241e-02,4.217261075973510742e-02,7.047690153121948242e-01,7.077985405921936035e-01,-1.366375982761383057e-01,1.692547500133514404e-01,3.075921833515167236e-01,3.947817981243133545e-01,-2.270886003971099854e-01,3.815717250108718872e-02,-2.477131038904190063e-01,-1.491158753633499146e-01,-2.245542109012603760e-01,4.525992572307586670e-01,-2.544737756252288818e-01,-4.125512018799781799e-02,-2.027474045753479004e-01,-4.281625449657440186e-01,6.855403184890747070e-01,-5.024104118347167969e-01,8.886631727218627930e-01,1.397630125284194946e-01,3.330386430025100708e-02,-4.329386651515960693e-01,4.255267083644866943e-01,1.259538650512695312e+00,-1.662404090166091919e-01
7.813237607479095459e-03,-3.314374014735221863e-02,8.269863724708557129e-01,-2.254600077867507935e-02,4.459982365369796753e-02,7.049034833908081055e-01,7.075405120849609375e-01,-1.435280591249465942e-01,1.741038858890533447e-01,3.067181408405303955e-01,4.163870513439178467e-01,-2.254843860864639282e-01,3.619728982448577881e-02,-2.512026727199554443e-01,-1.464927345514297485e-01,-2.235894054174423218e-01,4.657291769981384277e-01,-2.595787346363067627e-01,-4.328262060880661011e-02,-2.007552236318588257e-01,-4.394181072711944580e-01,7.098678350448608398e-01,-5.053169131278991699e-01,8.360381126403808594e-01,1.274790316820144653e-01,2.792179584503173828e-02,-4.445908367633819580e-01,4.145452082157135010e-01,1.251509785652160645e+00,-1.611003279685974121e-01
9.481104090809822083e-03,-3.206962719559669495e-02,8.249682784080505371e-01,-2.195310778915882111e-02,4.472200572490692139e-02,7.058230638504028320e-01,7.066341638565063477e-01,-1.601188480854034424e-01,1.761862039566040039e-01,2.898230254650115967e-01,4.656844735145568848e-01,-2.461291402578353882e-01,2.861924469470977783e-02,-2.591558694839477539e-01,-1.496155261993408203e-01,-2.294121384620666504e-01,4.920187294483184814e-01,-2.720907330513000488e-01,-4.734773933887481689e-02,-1.935157775878906250e-01,-4.651223421096801758e-01,7.454274296760559082e-01,-5.134871602058410645e-01,7.605463266372680664e-01,1.206883788108825684e-01,1.930743269622325897e-02,-4.691225588321685791e-01,4.079793989658355713e-01,1.240377902984619141e+00,-1.684292107820510864e-01
1.017500925809144974e-02,-3.229207918047904968e-02,8.214936256408691406e-01,-2.113469876348972321e-02,4.416655749082565308e-02,7.072966694831848145e-01,7.052191495895385742e-01,-1.844066977500915527e-01,1.864057481288909912e-01,2.766156494617462158e-01,5.423632860183715820e-01,-2.687559425830841064e-01,3.007764741778373718e-02,-2.702047824859619141e-01,-1.528780162334442139e-01,-2.301261276006698608e-01,5.240901708602905273e-01,-2.947406470775604248e-01,-5.840350687503814697e-02,-1.842046827077865601e-01,-4.846508800983428955e-01,7.741928696632385254e-01,-5.172700881958007812e-01,7.036887407302856445e-01,1.184568107128143311e-01,-4.254925996065139771e-03,-4.858653247356414795e-01,3.941819071769714355e-01,1.234685063362121582e+00,-1.647203415632247925e-01
1.235176995396614075e-02,-3.116414509713649750e-02,8.171970844268798828e-01,-2.070593647658824921e-02,4.355362057685852051e-02,7.095869779586791992e-01,7.029656171798706055e-01,-2.107350230216979980e-01,2.073289752006530762e-01,2.751505076885223389e-01,6.276960968971252441e-01,-2.955819964408874512e-01,4.050848633050918579e-02,-2.808597087860107422e-01,-1.571145355701446533e-01,-2.386489808559417725e-01,5.615872144699096680e-01,-3.206031918525695801e-01,-5.683829262852668762e-02,-1.766018569469451904e-01,-5.030323266983032227e-01,7.952142357826232910e-01,-5.235173702239990234e-01,6.606222987174987793e-01,1.265452355146408081e-01,-3.838514164090156555e-02,-5.062894821166992188e-01,3.826953172683715820e-01,1.234681129455566406e+00,-1.660347878932952881e-01
1.166254281997680664e-02,-3.527025133371353149e-02,8.123849630355834961e-01,-2.008052729070186615e-02,3.899776935577392578e-02,7.131004929542541504e-01,6.996881961822509766e-01,-2.366471141576766968e-01,2.224705219268798828e-01,2.688232362270355225e-01,6.988192796707153320e-01,-3.260375857353210449e-01,4.847588390111923218e-02,-2.933887541294097900e-01,-1.607605963945388794e-01,-2.473660409450531006e-01,6.015739440917968750e-01,-3.392849862575531006e-01,-5.696753039956092834e-02,-1.654805541038513184e-01,-5.135365128517150879e-01,8.083882927894592285e-01,-5.236180424690246582e-01,6.234380006790161133e-01,1.345926970243453979e-01,-7.000688463449478149e-02,-5.234835147857666016e-01,3.715066909790039062e-01,1.233022809028625488e+00,-1.702307909727096558e-01
1.172074303030967712e-02,-3.911425545811653137e-02,8.077513575553894043e-01,-2.006889507174491882e-02,3.465390950441360474e-02,7.152695059776306152e-01,6.977003812789916992e-01,-2.562769055366516113e-01,2.336419075727462769e-01,2.639566063880920410e-01,7.466397881507873535e-01,-3.555785417556762695e-01,5.503484606742858887e-02,-3.066518902778625488e-01,-1.614807397127151489e-01,-2.543644309043884277e-01,6.386290788650512695e-01,-3.537424802780151367e-01,-5.479886382818222046e-02,-1.548039019107818604e-01,-5.128774642944335938e-01,8.143727183341979980e-01,-5.294193029403686523e-01,5.939781069755554199e-01,1.441306471824645996e-01,-1.067432463169097900e-01,-5.468314290046691895e-01,3.628112971782684326e-01,1.223524570465087891e+00,-1.740056574344635010e-01
1.032800972461700439e-02,-4.236245155334472656e-02,8.034951686859130859e-01,-2.031658403575420380e-02,2.946738153696060181e-02,7.179696559906005859e-01,6.951535940170288086e-01,-2.686911225318908691e-01,2.364284545183181763e-01,2.534391880035400391e-01,7.672691345214843750e-01,-3.805885612964630127e-01,6.180049851536750793e-02,-3.135413229465484619e-01,-1.600586324930191040e-01,-2.575045526027679443e-01,6.655998826026916504e-01,-3.687601089477539062e-01,-5.623606964945793152e-02,-1.433751434087753296e-01,-5.074121952056884766e-01,8.096944689750671387e-01,-5.304327607154846191e-01,5.836038589477539062e-01,1.575844734907150269e-01,-1.400322169065475464e-01,-5.663722157478332520e-01,3.558528721332550049e-01,1.217227339744567871e+00,-1.810699999332427979e-01
1.166429929435253143e-02,-4.386341571807861328e-02,8.001458644866943359e-01,-2.236214466392993927e-02,2.580272220075130463e-02,7.201291322708129883e-01,6.929994225502014160e-01,-2.745546698570251465e-01,2.378638982772827148e-01,2.546823322772979736e-01,7.781900763511657715e-01,-4.106268882751464844e-01,7.054031640291213989e-02,-3.154869377613067627e-01,-1.550912857055664062e-01,-2.708018720149993896e-01,6.783798933029174805e-01,-3.834479451179504395e-01,-5.280752852559089661e-02,-1.293109953403472900e-01,-4.705944061279296875e-01,7.909888029098510742e-01,-5.393279790878295898e-01,5.955483913421630859e-01,1.695733517408370972e-01,-1.842660903930664062e-01,-6.014623641967773438e-01,3.509587347507476807e-01,1.206041932106018066e+00,-1.824856847524642944e-01
1.309304311871528625e-02,-4.608862102031707764e-02,7.983074784278869629e-01,-2.258847095072269440e-02,2.308180928230285645e-02,7.218962907791137695e-01,6.912472248077392578e-01,-2.719058394432067871e-01,2.334226667881011963e-01,2.564231157302856445e-01,7.610796093940734863e-01,-4.262668490409851074e-01,7.598237693309783936e-02,-3.117665052413940430e-01,-1.521730571985244751e-01,-2.822251319885253906e-01,6.777316927909851074e-01,-3.931593894958496094e-01,-5.081873387098312378e-02,-1.163580045104026794e-01,-4.302928447723388672e-01,7.766392230987548828e-01,-5.528377890586853027e-01,6.139494180679321289e-01,1.759149581193923950e-01,-2.213816344738006592e-01,-6.269846558570861816e-01,3.538776636123657227e-01,1.191416859626770020e+00,-1.836925446987152100e-01
1.328475866466760635e-02,-4.471201822161674500e-02,7.975234985351562500e-01,-2.376582287251949310e-02,2.232244424521923065e-02,7.233272194862365723e-01,6.897351741790771484e-01,-2.658207416534423828e-01,2.274595499038696289e-01,2.557055950164794922e-01,7.418591976165771484e-01,-4.377477169036865234e-01,7.832141220569610596e-02,-3.044453859329223633e-01,-1.499560624361038208e-01,-2.892177999019622803e-01,6.692785024642944336e-01,-4.035795032978057861e-01,-5.019057914614677429e-02,-1.033617556095123291e-01,-3.951612114906311035e-01,7.611697316169738770e-01,-5.609232187271118164e-01,6.385242938995361328e-01,1.791231781244277954e-01,-2.554740309715270996e-01,-6.503774523735046387e-01,3.570568859577178955e-01,1.173986673355102539e+00,-1.819729059934616089e-01
1.350777130573987961e-02,-4.462267458438873291e-02,7.979850769042968750e-01,-2.366412058472633362e-02,2.251475118100643158e-02,7.243274450302124023e-01,6.886819601058959961e-01,-2.592390775680541992e-01,2.192353308200836182e-01,2.535082101821899414e-01,7.201163172721862793e-01,-4.402005672454833984e-01,8.054832369089126587e-02,-2.954780459403991699e-01,-1.494396179914474487e-01,-2.944284379482269287e-01,6.529252529144287109e-01,-4.106379747390747070e-01,-5.028609931468963623e-02,-8.725845813751220703e-02,-3.491077125072479248e-01,7.426628470420837402e-01,-5.670928359031677246e-01,6.849348545074462891e-01,1.854692399501800537e-01,-2.938016057014465332e-01,-6.773254871368408203e-01,3.693449497222900391e-01,1.147530913352966309e+00,-1.756513863801956177e-01
1.327223703265190125e-02,-4.281951487064361572e-02,7.995302677154541016e-01,-2.324433065950870514e-02,2.368877455592155457e-02,7.262560725212097168e-01,6.866226196289062500e-01,-2.469633370637893677e-01,2.082763463258743286e-01,2.515514492988586426e-01,6.894694566726684570e-01,-4.364133775234222412e-01,8.353394269943237305e-02,-2.821451127529144287e-01,-1.507931351661682129e-01,-2.988268435001373291e-01,6.306122541427612305e-01,-4.123039543628692627e-01,-5.531061813235282898e-02,-7.205068320035934448e-02,-2.892941236495971680e-01,7.225257158279418945e-01,-5.650750994682312012e-01,7.462157011032104492e-01,1.937042921781539917e-01,-3.216764926910400391e-01,-6.976085305213928223e-01,3.827251493930816650e-01,1.123237252235412598e+00,-1.696523278951644897e-01
1.124484464526176453e-02,-3.920352086424827576e-02,8.017087578773498535e-01,-2.421121485531330109e-02,2.541044540703296661e-02,7.269566059112548828e-01,6.857858300209045410e-01,-2.305428981781005859e-01,1.962116211652755737e-01,2.508293390274047852e-01,6.536310315132141113e-01,-4.345196187496185303e-01,8.569369465112686157e-02,-2.670653164386749268e-01,-1.518779098987579346e-01,-3.035108149051666260e-01,6.024569272994995117e-01,-4.087890386581420898e-01,-5.871275812387466431e-02,-5.481318011879920959e-02,-2.319241315126419067e-01,7.067852020263671875e-01,-5.548689961433410645e-01,7.946578860282897949e-01,1.930927187204360962e-01,-3.370577991008758545e-01,-7.130444645881652832e-01,3.896230459213256836e-01,1.098985314369201660e+00,-1.662874221801757812e-01
7.347621489316225052e-03,-3.208367899060249329e-02,8.047126531600952148e-01,-2.597217075526714325e-02,2.836503461003303528e-02,7.255401015281677246e-01,6.871044039726257324e-01,-2.113819569349288940e-01,1.808302700519561768e-01,2.477595508098602295e-01,6.175725460052490234e-01,-4.239153563976287842e-01,9.455970674753189087e-02,-2.500296235084533691e-01,-1.505165398120880127e-01,-2.954554557800292969e-01,5.675789117813110352e-01,-4.023863375186920166e-01,-6.793980300426483154e-02,-3.999927267432212830e-02,-1.653240621089935303e-01,6.724531650543212891e-01,-5.203517079353332520e-01,9.008452296257019043e-01,1.949496120214462280e-01,-3.607939481735229492e-01,-7.401088476181030273e-01,4.096800386905670166e-01,1.057407736778259277e+00,-1.573614478111267090e-01
8.403239771723747253e-04,-2.784928120672702789e-02,8.082128167152404785e-01,-2.756012417376041412e-02,3.059365414083003998e-02,7.246189117431640625e-01,6.879185438156127930e-01,-1.949250400066375732e-01,1.641043126583099365e-01,2.503910362720489502e-01,5.825988650321960449e-01,-4.082172811031341553e-01,1.000954732298851013e-01,-2.373695224523544312e-01,-1.559893041849136353e-01,-2.934835255146026611e-01,5.376110672950744629e-01,-3.819072246551513672e-01,-7.046916335821151733e-02,-2.375910244882106781e-02,-1.055008843541145325e-01,6.361627578735351562e-01,-4.758495390415191650e-01,9.958613514900207520e-01,1.914966106414794922e-01,-3.752518594264984131e-01,-7.636647224426269531e-01,4.231135249137878418e-01,1.020831584930419922e+00,-1.488365828990936279e-01
-2.952249487861990929e-03,-2.692586369812488556e-02,8.115046024322509766e-01,-2.692383341491222382e-02,3.236678242683410645e-02,7.235361933708190918e-01,6.890013813972473145e-01,-1.817148029804229736e-01,1.497237831354141235e-01,2.531611621379852295e-01,5.525108575820922852e-01,-3.868743479251861572e-01,1.023030728101730347e-01,-2.274262458086013794e-01,-1.619491577148437500e-01,-2.947775721549987793e-01,5.122466087341308594e-01,-3.607020378112792969e-01,-7.051897048950195312e-02,-3.437648527324199677e-03,-5.992920324206352234e-02,6.057185530662536621e-01,-4.251211881637573242e-01,1.067849636077880859e+00,1.820577979087829590e-01,-3.859775066375732422e-01,-7.808151245117187500e-01,4.357570409774780273e-01,9.953919053077697754e-01,-1.507430821657180786e-01
-7.639118004590272903e-03,-2.781198173761367798e-02,8.143539428710937500e-01,-2.636080794036388397e-02,3.333075717091560364e-02,7.225712537765502930e-01,6.899890899658203125e-01,-1.737973093986511230e-01,1.373435258865356445e-01,2.576434612274169922e-01,5.316455960273742676e-01,-3.665093779563903809e-01,9.815011173486709595e-02,-2.205179184675216675e-01,-1.703143417835235596e-01,-3.010198473930358887e-01,4.916080534458160400e-01,-3.382880687713623047e-01,-6.492119282484054565e-02,1.509261038154363632e-02,-2.398055791854858398e-02,5.853754878044128418e-01,-3.770454227924346924e-01,1.121619224548339844e+00,1.627880632877349854e-01,-3.917175233364105225e-01,-7.924673557281494141e-01,4.452649652957916260e-01,9.739632606506347656e-01,-1.529845595359802246e-01
-1.160414330661296844e-02,-3.027427755296230316e-02,8.162968158721923828e-01,-2.506334893405437469e-02,3.369381651282310486e-02,7.210424542427062988e-01,6.916171908378601074e-01,-1.662805527448654175e-01,1.252244263887405396e-01,2.603449821472167969e-01,5.123662948608398438e-01,-3.522766530513763428e-01,9.189046174287796021e-02,-2.143913358449935913e-01,-1.773934364318847656e-01,-3.068710863590240479e-01,4.718157649040222168e-01,-3.205325603485107422e-01,-5.627309158444404602e-02,3.447704017162322998e-02,9.623374789953231812e-03,5.716688036918640137e-01,-3.401122093200683594e-01,1.153937697410583496e+00,1.439920663833618164e-01,-3.958866298198699951e-01,-8.042950630187988281e-01,4.536414146423339844e-01,9.515349268913269043e-01,-1.563774049282073975e-01
-1.612708531320095062e-02,-3.358421474695205688e-02,8.176481723785400391e-01,-2.424528449773788452e-02,3.314010053873062134e-02,7.197678685188293457e-01,6.929993629455566406e-01,-1.660095900297164917e-01,1.169595420360565186e-01,2.620024681091308594e-01,5.067431330680847168e-01,-3.405955731868743896e-01,8.494803309440612793e-02,-2.184987366199493408e-01,-1.855445653200149536e-01,-3.082139194011688232e-01,4.714562892913818359e-01,-2.995028495788574219e-01,-4.429740458726882935e-02,4.457771033048629761e-02,3.032924048602581024e-02,5.569922924041748047e-01,-3.066115677356719971e-01,1.183367490768432617e+00,1.310194581747055054e-01,-4.054725170135498047e-01,-8.087964057922363281e-01,4.642948210239410400e-01,9.299362897872924805e-01,-1.638669222593307495e-01
-2.189213037490844727e-02,-3.809009492397308350e-02,8.183126449584960938e-01,-2.359041944146156311e-02,3.313286975026130676e-02,7.185709476470947266e-01,6.942632794380187988e-01,-1.710453927516937256e-01,1.065128147602081299e-01,2.637919485569000244e-01,5.067197680473327637e-01,-3.308317363262176514e-01,8.416980504989624023e-02,-2.314976155757904053e-01,-1.975147426128387451e-01,-3.053604066371917725e-01,4.816022217273712158e-01,-2.737002968788146973e-01,-3.280467167496681213e-02,5.675140395760536194e-02,5.300484225153923035e-02,5.371887087821960449e-01,-2.741066217422485352e-01,1.219263195991516113e+00,1.121866777539253235e-01,-4.070306718349456787e-01,-8.086714148521423340e-01,4.674399495124816895e-01,8.946733474731445312e-01,-1.559255123138427734e-01
-2.631472237408161163e-02,-4.053799808025360107e-02,8.180199861526489258e-01,-2.398499846458435059e-02,3.272779285907745361e-02,7.176033854484558105e-01,6.952689886093139648e-01,-1.774319410324096680e-01,1.009068265557289124e-01,2.626474201679229736e-01,5.131990313529968262e-01,-3.304429948329925537e-01,8.549618721008300781e-02,-2.472168058156967163e-01,-2.049258947372436523e-01,-2.983565926551818848e-01,5.011651515960693359e-01,-2.505285441875457764e-01,-2.017756924033164978e-02,5.979187041521072388e-02,6.550075858831405640e-02,5.248562097549438477e-01,-2.584150135517120361e-01,1.241327404975891113e+00,1.063793450593948364e-01,-4.044794440269470215e-01,-8.021977543830871582e-01,4.694658219814300537e-01,8.681300282478332520e-01,-1.576135009527206421e-01
-3.033373504877090454e-02,-4.475155845284461975e-02,8.165880441665649414e-01,-2.290662564337253571e-02,3.159128502011299133e-02,7.168679833412170410e-01,6.961160898208618164e-01,-1.828395426273345947e-01,9.696157276630401611e-02,2.681008875370025635e-01,5.214719772338867188e-01,-3.390995562076568604e-01,9.012696892023086548e-02,-2.713074088096618652e-01,-2.128671854734420776e-01,-2.806826233863830566e-01,5.382242798805236816e-01,-2.193165123462677002e-01,3.357366193085908890e-03,5.780062079429626465e-02,6.625388562679290771e-02,5.115848779678344727e-01,-2.499313354492187500e-01,1.263579010963439941e+00,1.072917133569717407e-01,-3.957196772098541260e-01,-7.849966883659362793e-01,4.714068472385406494e-01,8.459176421165466309e-01,-1.621395796537399292e-01
-3.360908851027488708e-02,-5.289576575160026550e-02,8.143948912620544434e-01,-2.025278843939304352e-02,2.806280180811882019e-02,7.176973819732666016e-01,6.954946517944335938e-01,-1.927911788225173950e-01,9.445914626121520996e-02,2.683268189430236816e-01,5.388799309730529785e-01,-3.524268269538879395e-01,1.040624603629112244e-01,-3.019001483917236328e-01,-2.175327241420745850e-01,-2.473409920930862427e-01,5.934896469116210938e-01,-1.772203296422958374e-01,3.727624937891960144e-02,4.734130576252937317e-02,5.630576983094215393e-02,4.945815205574035645e-01,-2.477928400039672852e-01,1.281375288963317871e+00,1.108869016170501709e-01,-3.811118006706237793e-01,-7.584657669067382812e-01,4.753381013870239258e-01,8.325967788696289062e-01,-1.718661487102508545e-01
-3.542085364460945129e-02,-5.906125903129577637e-02,8.113206624984741211e-01,-2.019594609737396240e-02,2.587460726499557495e-02,7.172050476074218750e-01,6.960887908935546875e-01,-2.054865360260009766e-01,9.911738336086273193e-02,2.745533585548400879e-01,5.582019090652465820e-01,-3.742305040359497070e-01,1.127351596951484680e-01,-3.274474143981933594e-01,-2.251273691654205322e-01,-2.296995371580123901e-01,6.522617936134338379e-01,-1.681835204362869263e-01,5.372672900557518005e-02,3.624996542930603027e-02,3.906153887510299683e-02,4.830487370491027832e-01,-2.516362667083740234e-01,1.297316789627075195e+00,1.130731031298637390e-01,-3.675470352172851562e-01,-7.310842871665954590e-01,4.747812151908874512e-01,8.297992348670959473e-01,-1.754745841026306152e-01
-3.968410938978195190e-02,-6.675072014331817627e-02,8.082746267318725586e-01,-1.819786801934242249e-02,2.018956094980239868e-02,7.152889966964721680e-01,6.982999444007873535e-01,-2.166577875614166260e-01,1.051943078637123108e-01,2.811923027038574219e-01,5.907986760139465332e-01,-3.927268981933593750e-01,1.156908348202705383e-01,-3.573622703552246094e-01,-2.377905249595642090e-01,-2.084888368844985962e-01,7.456611990928649902e-01,-1.823056936264038086e-01,6.292889267206192017e-02,2.331122197210788727e-02,2.725859405472874641e-03,4.687179923057556152e-01,-2.715665698051452637e-01,1.304812788963317871e+00,1.239022314548492432e-01,-3.493648171424865723e-01,-6.695418953895568848e-01,4.732140898704528809e-01,8.677061796188354492e-01,-1.838910132646560669e-01
-4.113666340708732605e-02,-7.176564633846282959e-02,8.048105835914611816e-01,-1.830792613327503204e-02,1.892174407839775085e-02,7.132285237312316895e-01,7.004368901252746582e-01,-2.307717204093933105e-01,1.120902150869369507e-01,2.910856604576110840e-01,6.156754493713378906e-01,-4.141595661640167236e-01,1.254706233739852905e-01,-3.779720067977905273e-01,-2.524468004703521729e-01,-2.047314643859863281e-01,7.997387051582336426e-01,-2.043058723211288452e-01,5.394839495420455933e-02,1.259277202188968658e-02,-2.952051535248756409e-02,4.604213237762451172e-01,-2.817967832088470459e-01,1.313607931137084961e+00,1.292554736137390137e-01,-3.324291408061981201e-01,-6.310995221138000488e-01,4.657841026782989502e-01,8.950126171112060547e-01,-1.838292926549911499e-01
-4.114172607660293579e-02,-7.505838572978973389e-02,8.019240498542785645e-01,-1.748665422201156616e-02,1.876082830131053925e-02,7.112464904785156250e-01,7.024746537208557129e-01,-2.418272048234939575e-01,1.175480186939239502e-01,2.997796237468719482e-01,6.380614042282104492e-01,-4.281782507896423340e-01,1.314395517110824585e-01,-3.920295834541320801e-01,-2.618296742439270020e-01,-1.985985487699508667e-01,8.305391669273376465e-01,-2.256726771593093872e-01,4.617130383849143982e-02,-9.890951914712786674e-04,-6.831884384155273438e-02,4.534730315208435059e-01,-2.977494001388549805e-01,1.314689517021179199e+00,1.371484547853469849e-01,-3.118695914745330811e-01,-5.879331231117248535e-01,4.597858190536499023e-01,9.384493827819824219e-01,-1.840031743049621582e-01
-4.211171343922615051e-02,-7.621093839406967163e-02,7.999018430709838867e-01,-1.881425082683563232e-02,1.970072463154792786e-02,7.099575400352478027e-01,7.037174105644226074e-01,-2.518168389797210693e-01,1.213680207729339600e-01,3.067708313465118408e-01,6.522721052169799805e-01,-4.399084746837615967e-01,1.367470771074295044e-01,-3.996174037456512451e-01,-2.657081484794616699e-01,-1.984793245792388916e-01,8.393509387969970703e-01,-2.414575666189193726e-01,3.903035074472427368e-02,-1.558796968311071396e-02,-1.022927388548851013e-01,4.518726766109466553e-01,-3.107475042343139648e-01,1.308434605598449707e+00,1.454607993364334106e-01,-2.918949425220489502e-01,-5.615540146827697754e-01,4.523858726024627686e-01,9.714705348014831543e-01,-1.819832772016525269e-01
-4.138591513037681580e-02,-7.823650538921356201e-02,7.991452813148498535e-01,-1.921042427420616150e-02,2.043057791888713837e-02,7.087056040763854980e-01,7.049466967582702637e-01,-2.568781971931457520e-01,1.250843554735183716e-01,3.130863010883331299e-01,6.560294628143310547e-01,-4.449602663516998291e-01,1.392680257558822632e-01,-4.050058424472808838e-01,-2.626667916774749756e-01,-1.963864713907241821e-01,8.399006724357604980e-01,-2.552298605442047119e-01,3.478830680251121521e-02,-3.249745815992355347e-02,-1.411450952291488647e-01,4.542239308357238770e-01,-3.295980691909790039e-01,1.291138768196105957e+00,1.552553921937942505e-01,-2.745625674724578857e-01,-5.283575654029846191e-01,4.451315999031066895e-01,1.022288203239440918e+00,-1.774581223726272583e-01
-4.045872390270233154e-02,-7.776883244514465332e-02,7.999165058135986328e-01,-2.044980786740779877e-02,2.249140851199626923e-02,7.072215080261230469e-01,7.063382267951965332e-01,-2.558367550373077393e-01,1.266527622938156128e-01,3.205680251121520996e-01,6.468594074249267578e-01,-4.416649937629699707e-01,1.385912001132965088e-01,-3.997600972652435303e-01,-2.560696303844451904e-01,-1.990683227777481079e-01,8.188591599464416504e-01,-2.651478350162506104e-01,2.746726013720035553e-02,-5.158777534961700439e-02,-1.754757910966873169e-01,4.587318897247314453e-01,-3.495125472545623779e-01,1.269891977310180664e+00,1.652763485908508301e-01,-2.502723336219787598e-01,-5.048683285713195801e-01,4.434213340282440186e-01,1.065206408500671387e+00,-1.729479581117630005e-01
-3.759550303220748901e-02,-7.729219645261764526e-02,8.020879030227661133e-01,-2.190775983035564423e-02,2.584813162684440613e-02,7.056278586387634277e-01,7.077720761299133301e-01,-2.522022724151611328e-01,1.271146237850189209e-01,3.264334499835968018e-01,6.251080036163330078e-01,-4.314468204975128174e-01,1.380355954170227051e-01,-3.902173340320587158e-01,-2.467436492443084717e-01,-2.058852165937423706e-01,7.813234329223632812e-01,-2.695150375366210938e-01,1.549395266920328140e-02,-6.843641400337219238e-02,-2.164982557296752930e-01,4.668811559677124023e-01,-3.705712556838989258e-01,1.239687681198120117e+00,1.756475269794464111e-01,-2.251822799444198608e-01,-4.807891249656677246e-01,4.427109956741333008e-01,1.114519238471984863e+00,-1.673658937215805054e-01
-3.201621025800704956e-02,-7.688236981630325317e-02,8.052234053611755371e-01,-2.163929678499698639e-02,2.957548573613166809e-02,7.026748657226562500e-01,7.105667591094970703e-01,-2.370483279228210449e-01,1.260493099689483643e-01,3.347232639789581299e-01,5.840048193931579590e-01,-4.178389012813568115e-01,1.414386928081512451e-01,-3.688387572765350342e-01,-2.299492359161376953e-01,-2.087154537439346313e-01,7.181754112243652344e-01,-2.740526497364044189e-01,-4.822908435016870499e-03,-9.183201938867568970e-02,-2.644103467464447021e-01,4.784926176071166992e-01,-3.997435271739959717e-01,1.184054255485534668e+00,1.999685168266296387e-01,-1.905607283115386963e-01,-4.413511157035827637e-01,4.353871941566467285e-01,1.181978821754455566e+00,-1.639228165149688721e-01
-2.366564236581325531e-02,-7.391093671321868896e-02,8.085520863533020020e-01,-2.176607772707939148e-02,3.439944237470626831e-02,6.999253630638122559e-01,7.130550146102905273e-01,-2.185562402009963989e-01,1.253584027290344238e-01,3.383036255836486816e-01,5.371631979942321777e-01,-4.012423455715179443e-01,1.412015259265899658e-01,-3.419890403747558594e-01,-2.110429853200912476e-01,-2.121043801307678223e-01,6.523262262344360352e-01,-2.888257503509521484e-01,-2.804072201251983643e-02,-1.107808053493499756e-01,-3.067569732666015625e-01,5.044300556182861328e-01,-4.295248389244079590e-01,1.103651285171508789e+00,2.148068994283676147e-01,-1.527017802000045776e-01,-4.169297218322753906e-01,4.382771849632263184e-01,1.222444891929626465e+00,-1.661640256643295288e-01
-1.720592938363552094e-02,-7.190914452075958252e-02,8.116795420646667480e-01,-2.144258096814155579e-02,3.610876947641372681e-02,6.980996727943420410e-01,7.147679328918457031e-01,-1.985129117965698242e-01,1.253251731395721436e-01,3.380554318428039551e-01,4.946474134922027588e-01,-3.868013620376586914e-01,1.405369937419891357e-01,-3.193619549274444580e-01,-1.935244053602218628e-01,-2.120121270418167114e-01,6.051464080810546875e-01,-2.905040681362152100e-01,-4.167123511433601379e-02,-1.243155151605606079e-01,-3.438214361667633057e-01,5.309835672378540039e-01,-4.507066011428833008e-01,1.030283927917480469e+00,2.200564295053482056e-01,-1.183991432189941406e-01,-4.051736593246459961e-01,4.406368434429168701e-01,1.250424265861511230e+00,-1.729158312082290649e-01
-1.172174047678709030e-02,-6.871588528156280518e-02,8.147788643836975098e-01,-2.150332927703857422e-02,3.744272142648696899e-02,6.973277330398559570e-01,7.154507040977478027e-01,-1.853173375129699707e-01,1.285711675882339478e-01,3.395102024078369141e-01,4.704907536506652832e-01,-3.642356991767883301e-01,1.322934776544570923e-01,-3.011052608489990234e-01,-1.818535476922988892e-01,-2.164157330989837646e-01,5.729045271873474121e-01,-2.836859524250030518e-01,-4.604861140251159668e-02,-1.354368776082992554e-01,-3.712664842605590820e-01,5.560347437858581543e-01,-4.702355265617370605e-01,9.766259193420410156e-01,2.277452647686004639e-01,-9.151867777109146118e-02,-4.017562866210937500e-01,4.414362609386444092e-01,1.272166967391967773e+00,-1.811500340700149536e-01
-6.329661700874567032e-03,-6.587798893451690674e-02,8.174946308135986328e-01,-2.192535251379013062e-02,3.899487107992172241e-02,6.971082687377929688e-01,7.155688405036926270e-01,-1.727801710367202759e-01,1.311857551336288452e-01,3.407171368598937988e-01,4.432495534420013428e-01,-3.432844877243041992e-01,1.238408088684082031e-01,-2.809183299541473389e-01,-1.692435145378112793e-01,-2.186805456876754761e-01,5.342656970024108887e-01,-2.833777070045471191e-01,-5.330250039696693420e-02,-1.488235443830490112e-01,-3.974831104278564453e-01,5.830577015876770020e-01,-4.815564155578613281e-01,9.111404418945312500e-01,2.283731251955032349e-01,-6.309857219457626343e-02,-4.041984081268310547e-01,4.432401955127716064e-01,1.279515027999877930e+00,-1.977602541446685791e-01
-1.388928503729403019e-03,-6.215114146471023560e-02,8.204849362373352051e-01,-2.238905243575572968e-02,4.039551317691802979e-02,6.970220804214477539e-01,7.155607342720031738e-01,-1.639081090688705444e-01,1.349997371435165405e-01,3.426385819911956787e-01,4.270703494548797607e-01,-3.177383542060852051e-01,1.142851561307907104e-01,-2.640513777732849121e-01,-1.589695364236831665e-01,-2.210073173046112061e-01,5.045794248580932617e-01,-2.734276652336120605e-01,-5.639347806572914124e-02,-1.563777625560760498e-01,-4.134145975112915039e-01,6.020589470863342285e-01,-4.878843128681182861e-01,8.703743219375610352e-01,2.287008017301559448e-01,-4.093631729483604431e-02,-4.068549275398254395e-01,4.370303153991699219e-01,1.288073182106018066e+00,-2.034015953540802002e-01
4.501576069742441177e-03,-6.240728870034217834e-02,8.225103616714477539e-01,-2.083809673786163330e-02,4.136677831411361694e-02,6.972208619117736816e-01,7.153583765029907227e-01,-1.569771766662597656e-01,1.377284973859786987e-01,3.465870022773742676e-01,4.103662073612213135e-01,-2.948560118675231934e-01,1.017197519540786743e-01,-2.475535124540328979e-01,-1.482384353876113892e-01,-2.193374931812286377e-01,4.715828299522399902e-01,-2.745020091533660889e-01,-6.892246007919311523e-02,-1.662426441907882690e-01,-4.358364343643188477e-01,6.283268332481384277e-01,-5.010920166969299316e-01,8.023924231529235840e-01,2.136607915163040161e-01,-1.647355034947395325e-02,-4.118843078613281250e-01,4.298693239688873291e-01,1.285358786582946777e+00,-2.023161351680755615e-01
8.966933935880661011e-03,-6.036200001835823059e-02,8.239822983741760254e-01,-1.992446556687355042e-02,4.202713817358016968e-02,6.977037787437438965e-01,7.148749232292175293e-01,-1.640738695859909058e-01,1.428336501121520996e-01,3.399085998535156250e-01,4.262003898620605469e-01,-2.677709460258483887e-01,8.766330033540725708e-02,-2.350571900606155396e-01,-1.406634747982025146e-01,-2.180190384387969971e-01,4.532684981822967529e-01,-2.749781608581542969e-01,-8.253026753664016724e-02,-1.646407991647720337e-01,-4.530245661735534668e-01,6.492550969123840332e-01,-5.044670104980468750e-01,7.473534345626831055e-01,1.906512081623077393e-01,-2.601773943752050400e-03,-4.153772592544555664e-01,4.200786352157592773e-01,1.284362077713012695e+00,-2.011395841836929321e-01
1.143837440758943558e-02,-5.959605053067207336e-02,8.240439891815185547e-01,-1.885617524385452271e-02,4.106653481721878052e-02,6.974301934242248535e-01,7.152265906333923340e-01,-1.744064390659332275e-01,1.476318091154098511e-01,3.322268426418304443e-01,4.494786560535430908e-01,-2.528299391269683838e-01,7.462979108095169067e-02,-2.277916371822357178e-01,-1.359113901853561401e-01,-2.189143151044845581e-01,4.487757980823516846e-01,-2.795375883579254150e-01,-8.511799573898315430e-02,-1.620480567216873169e-01,-4.662613272666931152e-01,6.651683449745178223e-01,-5.017976760864257812e-01,7.095725536346435547e-01,1.794411242008209229e-01,4.309764597564935684e-03,-4.164592027664184570e-01,4.068286418914794922e-01,1.290562748908996582e+00,-1.970344632863998413e-01
1.335636340081691742e-02,-5.908220261335372925e-02,8.228285312652587891e-01,-1.827066205441951752e-02,4.015149176120758057e-02,6.968109011650085449e-01,7.158970832824707031e-01,-1.853782385587692261e-01,1.502945572137832642e-01,3.201548159122467041e-01,4.719923734664916992e-01,-2.541148066520690918e-01,6.805355101823806763e-02,-2.226694226264953613e-01,-1.309261620044708252e-01,-2.181940674781799316e-01,4.459844827651977539e-01,-2.928383052349090576e-01,-9.083324670791625977e-02,-1.548981517553329468e-01,-4.741106629371643066e-01,6.728390455245971680e-01,-5.073041319847106934e-01,6.870734691619873047e-01,1.803800314664840698e-01,6.127657368779182434e-03,-4.205201864242553711e-01,4.042937755584716797e-01,1.291574358940124512e+00,-1.970088034868240356e-01
1.587353460490703583e-02,-5.879227817058563232e-02,8.212226033210754395e-01,-1.727459765970706940e-02,3.908396884799003601e-02,6.963826417922973633e-01,7.163974046707153320e-01,-2.009939998388290405e-01,1.563970297574996948e-01,3.096431791782379150e-01,5.027285218238830566e-01,-2.617039680480957031e-01,6.691060215234756470e-02,-2.213281989097595215e-01,-1.290622651576995850e-01,-2.242592126131057739e-01,4.539507031440734863e-01,-3.053799271583557129e-01,-8.758118748664855957e-02,-1.454435139894485474e-01,-4.813323915004730225e-01,6.773272156715393066e-01,-5.067735314369201660e-01,6.670358777046203613e-01,1.879479140043258667e-01,-4.956569056957960129e-03,-4.257204830646514893e-01,4.016750156879425049e-01,1.296547055244445801e+00,-2.034509778022766113e-01
1.510061416774988174e-02,-5.921447649598121643e-02,8.192125558853149414e-01,-1.738885231316089630e-02,3.715617582201957703e-02,6.963315010070800781e-01,7.165468931198120117e-01,-2.119145244359970093e-01,1.594162434339523315e-01,3.027158975601196289e-01,5.168336033821105957e-01,-2.697998881340026855e-01,7.048611342906951904e-02,-2.199101001024246216e-01,-1.267516762018203735e-01,-2.243206351995468140e-01,4.572712182998657227e-01,-3.193055093288421631e-01,-9.268646687269210815e-02,-1.371833235025405884e-01,-4.739610850811004639e-01,6.756180524826049805e-01,-5.059686303138732910e-01,6.547063589096069336e-01,1.934313625097274780e-01,-2.132188156247138977e-02,-4.301814138889312744e-01,3.983045220375061035e-01,1.294438362121582031e+00,-2.046251893043518066e-01
1.551674492657184601e-02,-5.735159665346145630e-02,8.172951936721801758e-01,-1.874432340264320374e-02,3.444518148899078369e-02,6.963392496109008789e-01,7.166406512260437012e-01,-2.166310399770736694e-01,1.623108685016632080e-01,3.000766932964324951e-01,5.213543176651000977e-01,-2.817113399505615234e-01,7.343314588069915771e-02,-2.093468159437179565e-01,-1.206610798835754395e-01,-2.346462607383728027e-01,4.498690068721771240e-01,-3.337851762771606445e-01,-8.729004114866256714e-02,-1.278028339147567749e-01,-4.551779031753540039e-01,6.636046767234802246e-01,-5.076758265495300293e-01,6.647190451622009277e-01,2.084179520606994629e-01,-5.152829363942146301e-02,-4.349071681499481201e-01,3.935723006725311279e-01,1.291589856147766113e+00,-2.008801251649856567e-01
1.644189283251762390e-02,-5.318842828273773193e-02,8.158945441246032715e-01,-2.078850008547306061e-02,3.316549211740493774e-02,6.957786083221435547e-01,7.171890139579772949e-01,-2.123860418796539307e-01,1.573185771703720093e-01,2.966949343681335449e-01,4.989099800586700439e-01,-2.841993570327758789e-01,7.443469017744064331e-02,-1.958802789449691772e-01,-1.116494983434677124e-01,-2.371521890163421631e-01,4.331020116806030273e-01,-3.479436635971069336e-01,-9.012523293495178223e-02,-1.195566579699516296e-01,-4.288185834884643555e-01,6.417590379714965820e-01,-5.096120238304138184e-01,6.866222620010375977e-01,2.216167151927947998e-01,-7.742398977279663086e-02,-4.407111108303070068e-01,3.889661133289337158e-01,1.284657120704650879e+00,-1.957132369279861450e-01
1.819496788084506989e-02,-4.691975191235542297e-02,8.153677582740783691e-01,-2.234322205185890198e-02,3.168116137385368347e-02,6.949489712715148926e-01,7.180132269859313965e-01,-2.054516375064849854e-01,1.509315669536590576e-01,2.952751517295837402e-01,4.733327031135559082e-01,-2.857947647571563721e-01,7.630570977926254272e-02,-1.798743903636932373e-01,-1.019572466611862183e-01,-2.381996661424636841e-01,4.190833866596221924e-01,-3.549561798572540283e-01,-8.825787156820297241e-02,-1.079724580049514771e-01,-3.969292938709259033e-01,6.182675361633300781e-01,-5.108532309532165527e-01,7.238880395889282227e-01,2.386291176080703735e-01,-1.044486612081527710e-01,-4.444706439971923828e-01,3.852413892745971680e-01,1.278479456901550293e+00,-1.922931522130966187e-01
2.107263356447219849e-02,-3.625955060124397278e-02,8.154761195182800293e-01,-2.518108859658241272e-02,3.280150890350341797e-02,6.926830410957336426e-01,7.200556993484497070e-01,-1.938035339117050171e-01,1.391950398683547974e-01,2.896495163440704346e-01,4.398853480815887451e-01,-2.830035388469696045e-01,7.636502385139465332e-02,-1.626894921064376831e-01,-9.162075072526931763e-02,-2.371720075607299805e-01,4.008555412292480469e-01,-3.588386476039886475e-01,-8.829541504383087158e-02,-9.632226079702377319e-02,-3.540458679199218750e-01,5.888752341270446777e-01,-5.147791504859924316e-01,7.817818522453308105e-01,2.534619569778442383e-01,-1.284490674734115601e-01,-4.507375955581665039e-01,3.846438825130462646e-01,1.266357421875000000e+00,-1.913039386272430420e-01
2.247012965381145477e-02,-3.022695146501064301e-02,8.158640861511230469e-01,-2.710650116205215454e-02,3.298797458410263062e-02,6.912760138511657715e-01,7.213283181190490723e-01,-1.804372966289520264e-01,1.316853165626525879e-01,2.926763296127319336e-01,4.072245955467224121e-01,-2.805370986461639404e-01,7.832091301679611206e-02,-1.485498994588851929e-01,-8.520490676164627075e-02,-2.415018975734710693e-01,3.819272816181182861e-01,-3.568798601627349854e-01,-8.259201049804687500e-02,-8.690911531448364258e-02,-3.127127885818481445e-01,5.618504285812377930e-01,-5.159683823585510254e-01,8.312922716140747070e-01,2.656577229499816895e-01,-1.487914621829986572e-01,-4.562549889087677002e-01,3.850406706333160400e-01,1.246829032897949219e+00,-1.851014792919158936e-01
2.199644781649112701e-02,-2.410998754203319550e-02,8.165619373321533203e-01,-2.928405068814754486e-02,3.343513980507850647e-02,6.907743215560913086e-01,7.217031121253967285e-01,-1.672783792018890381e-01,1.260494291782379150e-01,3.008629977703094482e-01,3.786578178405761719e-01,-2.785627245903015137e-01,8.546809107065200806e-02,-1.347002387046813965e-01,-8.198307454586029053e-02,-2.457928508520126343e-01,3.621009290218353271e-01,-3.514929115772247314e-01,-7.706940174102783203e-02,-7.801687717437744141e-02,-2.684824466705322266e-01,5.336450338363647461e-01,-5.125759243965148926e-01,8.885817527770996094e-01,2.721034288406372070e-01,-1.672730892896652222e-01,-4.603494107723236084e-01,3.826909661293029785e-01,1.224295854568481445e+00,-1.756023764610290527e-01
2.233360707759857178e-02,-1.593225635588169098e-02,8.175997734069824219e-01,-3.224061056971549988e-02,3.701398521661758423e-02,6.870999336242675781e-01,7.249028682708740234e-01,-1.547103822231292725e-01,1.186129674315452576e-01,3.054972887039184570e-01,3.533520400524139404e-01,-2.742790877819061279e-01,9.884705394506454468e-02,-1.252137273550033569e-01,-7.897399365901947021e-02,-2.440285384654998779e-01,3.404463231563568115e-01,-3.449866771697998047e-01,-7.662759721279144287e-02,-6.988930702209472656e-02,-2.045807242393493652e-01,4.794884920120239258e-01,-4.973606765270233154e-01,1.024160981178283691e+00,2.758927643299102783e-01,-1.982079893350601196e-01,-4.748860895633697510e-01,3.803803920745849609e-01,1.187258958816528320e+00,-1.546191275119781494e-01
1.634442806243896484e-02,-1.143631432205438614e-02,8.181181550025939941e-01,-3.409888967871665955e-02,3.619070723652839661e-02,6.857087016105651855e-01,7.261756658554077148e-01,-1.434034407138824463e-01,1.105747222900390625e-01,3.080312609672546387e-01,3.392287194728851318e-01,-2.771464586257934570e-01,1.055085733532905579e-01,-1.169070750474929810e-01,-8.291373401880264282e-02,-2.453929036855697632e-01,3.313392400741577148e-01,-3.365677893161773682e-01,-7.084251195192337036e-02,-6.149157509207725525e-02,-1.536385416984558105e-01,4.497323632240295410e-01,-4.842715859413146973e-01,1.100569725036621094e+00,2.770334184169769287e-01,-2.210069447755813599e-01,-4.845950305461883545e-01,3.741155862808227539e-01,1.138937473297119141e+00,-1.353722512722015381e-01
6.987031549215316772e-03,-4.615263547748327255e-03,8.183063268661499023e-01,-3.783193603157997131e-02,3.661470487713813782e-02,6.836693286895751953e-01,7.278903126716613770e-01,-1.421680599451065063e-01,1.003300622105598450e-01,3.018062412738800049e-01,3.414438366889953613e-01,-2.790953814983367920e-01,1.112394854426383972e-01,-1.156161725521087646e-01,-9.277797490358352661e-02,-2.469309866428375244e-01,3.316166400909423828e-01,-3.258897960186004639e-01,-6.237149238586425781e-02,-4.878153651952743530e-02,-1.059776395559310913e-01,4.091806113719940186e-01,-4.412106275558471680e-01,1.219360828399658203e+00,2.697880268096923828e-01,-2.519641816616058350e-01,-5.172309875488281250e-01,3.678943812847137451e-01,1.030627608299255371e+00,-1.036844700574874878e-01
1.806472428143024445e-03,-2.302090171724557877e-03,8.174764513969421387e-01,-3.867845237255096436e-02,3.500666469335556030e-02,6.838040947914123535e-01,7.277983427047729492e-01,-1.428704410791397095e-01,9.734574705362319946e-02,3.017455637454986572e-01,3.521572649478912354e-01,-2.881355881690979004e-01,1.161955073475837708e-01,-1.231340095400810242e-01,-1.018239557743072510e-01,-2.526493370532989502e-01,3.584336340427398682e-01,-3.217328190803527832e-01,-5.528661981225013733e-02,-3.886763751506805420e-02,-7.323543727397918701e-02,3.931699097156524658e-01,-4.153797626495361328e-01,1.275621771812438965e+00,2.762597501277923584e-01,-2.772447466850280762e-01,-5.431998968124389648e-01,3.561943471431732178e-01,9.499342441558837891e-01,-8.251335471868515015e-02
-1.927591278217732906e-03,3.790630493313074112e-03,8.158864378929138184e-01,-3.975493460893630981e-02,3.508572280406951904e-02,6.834812164306640625e-01,7.280398011207580566e-01,-1.471770703792572021e-01,9.571889787912368774e-02,3.000940084457397461e-01,3.761163353919982910e-01,-2.991429567337036133e-01,1.240348964929580688e-01,-1.408200412988662720e-01,-1.159423589706420898e-01,-2.614996433258056641e-01,4.138254523277282715e-01,-3.162134885787963867e-01,-4.742289334535598755e-02,-2.631228417158126831e-02,-4.641981795430183411e-02,3.911921083927154541e-01,-3.814293146133422852e-01,1.318278074264526367e+00,2.718232274055480957e-01,-3.147312104701995850e-01,-5.872010588645935059e-01,3.360698521137237549e-01,8.395344614982604980e-01,-6.463470309972763062e-02
-5.776109639555215836e-03,8.568956516683101654e-03,8.133874535560607910e-01,-3.996599093079566956e-02,3.346182033419609070e-02,6.838738918304443359e-01,7.277358770370483398e-01,-1.532178372144699097e-01,9.622279554605484009e-02,2.976907193660736084e-01,4.089119434356689453e-01,-3.187627792358398438e-01,1.328795403242111206e-01,-1.797700971364974976e-01,-1.342235952615737915e-01,-2.623277902603149414e-01,5.207461118698120117e-01,-2.901157736778259277e-01,-3.496359661221504211e-02,-2.234940789639949799e-02,-2.535689063370227814e-02,4.032196998596191406e-01,-3.513003289699554443e-01,1.343308925628662109e+00,2.580338716506958008e-01,-3.723352849483489990e-01,-6.537286043167114258e-01,3.194868862628936768e-01,7.042576670646667480e-01,-5.311978235840797424e-02
-8.063810877501964569e-03,8.563744835555553436e-03,8.097990751266479492e-01,-3.704130277037620544e-02,3.040603920817375183e-02,6.859778761863708496e-01,7.260425090789794922e-01,-1.600801050662994385e-01,9.576879441738128662e-02,2.940602004528045654e-01,4.435392022132873535e-01,-3.433134853839874268e-01,1.440108567476272583e-01,-2.206435203552246094e-01,-1.556581258773803711e-01,-2.603423595428466797e-01,6.363426446914672852e-01,-2.262921631336212158e-01,-4.892889875918626785e-03,-2.447659149765968323e-02,-1.626843772828578949e-02,4.129019975662231445e-01,-3.368705809116363525e-01,1.362238764762878418e+00,2.553622126579284668e-01,-4.384796917438507080e-01,-7.083016037940979004e-01,3.084347248077392578e-01,5.885071158409118652e-01,-4.826398938894271851e-02
-1.142429187893867493e-02,8.794007822871208191e-03,8.058882355690002441e-01,-3.576024994254112244e-02,2.665838412940502167e-02,6.875962018966674805e-01,7.247220277786254883e-01,-1.663013249635696411e-01,9.729509055614471436e-02,2.911037206649780273e-01,4.752306640148162842e-01,-3.740153014659881592e-01,1.564723849296569824e-01,-2.605125904083251953e-01,-1.781444996595382690e-01,-2.648924589157104492e-01,7.468435168266296387e-01,-1.615145355463027954e-01,1.322061754763126373e-02,-2.835512161254882812e-02,-1.920622587203979492e-02,4.233046174049377441e-01,-3.281323909759521484e-01,1.366625905036926270e+00,2.590171694755554199e-01,-4.986658096313476562e-01,-7.432513833045959473e-01,3.033422529697418213e-01,5.220246315002441406e-01,-5.966258794069290161e-02
-1.896717026829719543e-02,7.594686001539230347e-03,8.026768565177917480e-01,-3.536016121506690979e-02,1.903323642909526825e-02,6.923457384109497070e-01,7.204476594924926758e-01,-1.748152077198028564e-01,1.003364622592926025e-01,2.865538597106933594e-01,5.146774053573608398e-01,-4.005732834339141846e-01,1.704554557800292969e-01,-3.271661698818206787e-01,-2.031131535768508911e-01,-2.559761703014373779e-01,8.795573115348815918e-01,-1.563048064708709717e-01,1.196506805717945099e-02,-4.654190316796302795e-02,-4.396185651421546936e-02,4.349263012409210205e-01,-3.319886624813079834e-01,1.374787449836730957e+00,2.686533331871032715e-01,-6.135876178741455078e-01,-7.832911014556884766e-01,3.000128269195556641e-01,4.236057400703430176e-01,-7.869370281696319580e-02
-2.257353067398071289e-02,7.292072288691997528e-03,8.002969026565551758e-01,-3.499459847807884216e-02,1.448591426014900208e-02,6.955232024192810059e-01,7.175046801567077637e-01,-1.772817820310592651e-01,1.025866046547889709e-01,2.838784158229827881e-01,5.350396633148193359e-01,-4.207823276519775391e-01,1.770855188369750977e-01,-3.797106444835662842e-01,-2.116606384515762329e-01,-2.461054921150207520e-01,9.544298648834228516e-01,-1.572255939245223999e-01,7.554401177912950516e-03,-6.140278279781341553e-02,-7.088302075862884521e-02,4.419113695621490479e-01,-3.427390754222869873e-01,1.373038887977600098e+00,2.771015167236328125e-01,-6.851866841316223145e-01,-7.972560524940490723e-01,3.161904215812683105e-01,3.827894032001495361e-01,-1.017550826072692871e-01
-2.768356353044509888e-02,5.279234144836664200e-03,7.991863489151000977e-01,-3.455439209938049316e-02,7.999774999916553497e-03,7.010658979415893555e-01,7.122138738632202148e-01,-1.800846606492996216e-01,1.051950454711914062e-01,2.804727554321289062e-01,5.543388724327087402e-01,-4.317373037338256836e-01,1.834534704685211182e-01,-4.368008077144622803e-01,-2.143312096595764160e-01,-2.335012555122375488e-01,1.000356793403625488e+00,-1.576920598745346069e-01,3.756358346436172724e-04,-8.298067003488540649e-02,-1.179037988185882568e-01,4.464793801307678223e-01,-3.581636548042297363e-01,1.372218728065490723e+00,2.807011008262634277e-01,-7.974264025688171387e-01,-7.995238900184631348e-01,3.417955935001373291e-01,3.416357636451721191e-01,-1.334438174962997437e-01
-3.161522746086120605e-02,4.760067444294691086e-03,7.993198037147521973e-01,-3.347433730959892273e-02,4.790259990841150284e-03,7.050237059593200684e-01,7.083771228790283203e-01,-1.750921458005905151e-01,1.020421087741851807e-01,2.819825708866119385e-01,5.538887381553649902e-01,-4.351075589656829834e-01,1.876130104064941406e-01,-4.836535453796386719e-01,-2.177177667617797852e-01,-2.370611876249313354e-01,9.883398413658142090e-01,-1.583032160997390747e-01,-6.577109452337026596e-03,-1.071649640798568726e-01,-1.808084100484848022e-01,4.448591470718383789e-01,-3.730132877826690674e-01,1.366206765174865723e+00,2.811850607395172119e-01,-8.837460875511169434e-01,-7.813597917556762695e-01,3.703313767910003662e-01,3.055087625980377197e-01,-1.510897576808929443e-01
-4.319047182798385620e-02,6.943234708160161972e-03,8.003389239311218262e-01,-3.344378992915153503e-02,3.532513801474124193e-04,7.099196314811706543e-01,7.034881114959716797e-01,-1.675272434949874878e-01,9.415019303560256958e-02,2.922189235687255859e-01,5.578625798225402832e-01,-4.283245205879211426e-01,1.918284446001052856e-01,-5.247339606285095215e-01,-2.240165323019027710e-01,-2.560953795909881592e-01,9.132364988327026367e-01,-1.509339213371276855e-01,-2.020854502916336060e-02,-1.355918943881988525e-01,-2.619075775146484375e-01,4.383298158645629883e-01,-3.942962884902954102e-01,1.370605826377868652e+00,2.636267840862274170e-01,-9.924826025962829590e-01,-7.446327805519104004e-01,3.927649855613708496e-01,2.362410426139831543e-01,-1.744800359010696411e-01
-4.918559268116950989e-02,1.850178278982639313e-02,8.014944195747375488e-01,-2.973965369164943695e-02,4.717601463198661804e-03,7.175216078758239746e-01,6.958850622177124023e-01,-1.475311070680618286e-01,6.428205966949462891e-02,2.817120850086212158e-01,5.410392880439758301e-01,-4.117133021354675293e-01,1.860205680131912231e-01,-5.293490290641784668e-01,-2.091192305088043213e-01,-2.676061987876892090e-01,7.346999645233154297e-01,-1.022573634982109070e-01,-2.614871831610798836e-03,-1.601803302764892578e-01,-3.586028814315795898e-01,4.310483634471893311e-01,-4.310184717178344727e-01,1.351447582244873047e+00,2.685945630073547363e-01,-1.075470685958862305e+00,-7.050284147262573242e-01,4.466878473758697510e-01,2.139355093240737915e-01,-1.967113763093948364e-01
-4.649056866765022278e-02,2.926776371896266937e-02,8.018631339073181152e-01,-1.718309894204139709e-02,1.271429006010293961e-02,7.274928689002990723e-01,6.857821941375732422e-01,-1.234038099646568298e-01,2.242573350667953491e-02,2.537574172019958496e-01,5.251069664955139160e-01,-3.823637962341308594e-01,1.796897202730178833e-01,-5.127140283584594727e-01,-1.912795603275299072e-01,-2.572152316570281982e-01,5.455994606018066406e-01,-2.682048641145229340e-02,2.996473759412765503e-02,-1.789977252483367920e-01,-4.591968059539794922e-01,4.136096239089965820e-01,-4.717510342597961426e-01,1.315363883972167969e+00,2.688426375389099121e-01,-1.128782153129577637e+00,-6.685203313827514648e-01,4.924522340297698975e-01,2.228398472070693970e-01,-2.159232795238494873e-01
-4.394848644733428955e-02,3.886301815509796143e-02,8.011330962181091309e-01,-6.786584854125976562e-03,1.788785681128501892e-02,7.383233308792114258e-01,6.741755008697509766e-01,-1.005945578217506409e-01,-9.620009921491146088e-03,2.266450971364974976e-01,5.134416818618774414e-01,-3.663314580917358398e-01,1.713437288999557495e-01,-4.921304583549499512e-01,-1.777155399322509766e-01,-2.281235456466674805e-01,4.175497889518737793e-01,2.702144905924797058e-02,5.315785482525825500e-02,-1.977990716695785522e-01,-5.571383833885192871e-01,4.025491774082183838e-01,-5.154207348823547363e-01,1.280039191246032715e+00,2.683335542678833008e-01,-1.152844309806823730e+00,-6.431776285171508789e-01,5.319622755050659180e-01,2.373417019844055176e-01,-2.296270728111267090e-01
-4.199676215648651123e-02,4.263968765735626221e-02,7.996697425842285156e-01,2.960284939035773277e-03,1.996162347495555878e-02,7.525928616523742676e-01,6.581768393516540527e-01,-8.417896181344985962e-02,-3.990624845027923584e-02,1.842031478881835938e-01,5.028721690177917480e-01,-3.628242611885070801e-01,1.658890098333358765e-01,-4.677237272262573242e-01,-1.666538268327713013e-01,-1.815112084150314331e-01,3.256925046443939209e-01,6.628227233886718750e-02,7.677542418241500854e-02,-2.085184454917907715e-01,-6.849491596221923828e-01,3.769514262676239014e-01,-5.827401280403137207e-01,1.215655326843261719e+00,2.741783261299133301e-01,-1.156260490417480469e+00,-6.214649677276611328e-01,5.804556012153625488e-01,3.000110685825347900e-01,-2.492130845785140991e-01
-3.858597204089164734e-02,5.467019230127334595e-02,7.981867790222167969e-01,4.743704106658697128e-03,2.609369345009326935e-02,7.629379034042358398e-01,6.459275484085083008e-01,-7.872436195611953735e-02,-5.670486763119697571e-02,1.477982550859451294e-01,5.038898587226867676e-01,-3.620826005935668945e-01,1.528372317552566528e-01,-4.445713162422180176e-01,-1.632640808820724487e-01,-1.553770154714584351e-01,2.763812541961669922e-01,9.555983543395996094e-02,8.526083081960678101e-02,-2.058830857276916504e-01,-8.082713484764099121e-01,3.512939512729644775e-01,-6.437916755676269531e-01,1.170541763305664062e+00,2.714505493640899658e-01,-1.160824418067932129e+00,-6.042679548263549805e-01,6.329121589660644531e-01,3.848581016063690186e-01,-2.464008331298828125e-01
-2.594439312815666199e-02,6.434311717748641968e-02,7.976301312446594238e-01,5.404000636190176010e-03,3.270661458373069763e-02,7.744717001914978027e-01,6.317394375801086426e-01,-8.892484009265899658e-02,-5.408455803990364075e-02,1.202406957745552063e-01,5.201403498649597168e-01,-3.555720448493957520e-01,1.385145783424377441e-01,-4.230453670024871826e-01,-1.541682183742523193e-01,-1.171094477176666260e-01,2.611369490623474121e-01,8.884474635124206543e-02,7.162684947252273560e-02,-1.820312291383743286e-01,-1.008879065513610840e+00,2.992282509803771973e-01,-7.322404384613037109e-01,1.097851157188415527e+00,2.995219230651855469e-01,-1.138875961303710938e+00,-5.657536983489990234e-01,7.268781661987304688e-01,6.042915582656860352e-01,-2.529938519001007080e-01
-1.830443367362022400e-02,8.309612423181533813e-02,7.976396083831787109e-01,-3.448470029979944229e-03,4.163369908928871155e-02,7.853412032127380371e-01,6.176519393920898438e-01,-1.032996252179145813e-01,-3.942475095391273499e-02,1.139020174741744995e-01,5.345471501350402832e-01,-3.480797708034515381e-01,1.227189749479293823e-01,-4.111876785755157471e-01,-1.477073729038238525e-01,-1.173513904213905334e-01,2.603100240230560303e-01,3.766157105565071106e-02,2.235640399158000946e-02,-1.559589952230453491e-01,-1.172880649566650391e+00,2.719878554344177246e-01,-7.884997129440307617e-01,1.024408221244812012e+00,3.168420791625976562e-01,-1.094493269920349121e+00,-5.151861906051635742e-01,7.772449254989624023e-01,8.175810575485229492e-01,-2.317278236150741577e-01
-8.674344979226589203e-03,1.011916324496269226e-01,7.979803085327148438e-01,-1.037722453474998474e-02,4.863616451621055603e-02,7.946230769157409668e-01,6.050627827644348145e-01,-1.119628027081489563e-01,-2.156002633273601532e-02,1.084799394011497498e-01,5.429199337959289551e-01,-3.365751802921295166e-01,1.153927445411682129e-01,-4.067233502864837646e-01,-1.455875188112258911e-01,-1.384617984294891357e-01,2.728677988052368164e-01,-9.111442603170871735e-03,-1.327986828982830048e-02,-1.338935047388076782e-01,-1.309965372085571289e+00,2.615261077880859375e-01,-8.430896997451782227e-01,9.510522484779357910e-01,3.433485925197601318e-01,-1.049248576164245605e+00,-4.771287143230438232e-01,7.917550206184387207e-01,9.879114031791687012e-01,-2.054042220115661621e-01
1.436407561413943768e-03,1.092357039451599121e-01,7.986552119255065918e-01,-1.468901988118886948e-02,5.325853079557418823e-02,8.068509697914123535e-01,5.881659984588623047e-01,-1.431722342967987061e-01,-1.265996717847883701e-03,1.140890121459960938e-01,5.764073729515075684e-01,-3.141840696334838867e-01,1.107548549771308899e-01,-4.096589386463165283e-01,-1.518284827470779419e-01,-1.686016470193862915e-01,2.902303934097290039e-01,-3.426289558410644531e-02,-4.846919700503349304e-02,-1.136208623647689819e-01,-1.451869010925292969e+00,2.644832730293273926e-01,-8.832026720046997070e-01,8.551229834556579590e-01,3.623647391796112061e-01,-1.004587650299072266e+00,-4.533324539661407471e-01,7.629801034927368164e-01,1.132472395896911621e+00,-1.557535082101821899e-01
6.584138609468936920e-03,1.230948641896247864e-01,7.988489270210266113e-01,-1.963116414844989777e-02,5.909270420670509338e-02,8.127853870391845703e-01,5.792258381843566895e-01,-1.618997901678085327e-01,1.589789986610412598e-02,1.347748190164566040e-01,6.002510190010070801e-01,-2.897787094116210938e-01,1.094786152243614197e-01,-4.071300029754638672e-01,-1.512909829616546631e-01,-1.770798861980438232e-01,2.988636195659637451e-01,-7.327398657798767090e-02,-7.251650840044021606e-02,-1.066045910120010376e-01,-1.527646422386169434e+00,2.805814445018768311e-01,-9.038799405097961426e-01,8.112943172454833984e-01,3.654348850250244141e-01,-9.908468127250671387e-01,-4.536877572536468506e-01,7.435818910598754883e-01,1.177783012390136719e+00,-1.246691644191741943e-01
1.172347459942102432e-02,1.372885107994079590e-01,7.989659905433654785e-01,-2.301446348428726196e-02,6.526552140712738037e-02,8.153313398361206055e-01,5.748439431190490723e-01,-1.808352768421173096e-01,2.779288403689861298e-02,1.485461294651031494e-01,6.263196468353271484e-01,-2.616222500801086426e-01,9.868320822715759277e-02,-4.073112010955810547e-01,-1.481032818555831909e-01,-1.779563874006271362e-01,3.119338452816009521e-01,-1.099742576479911804e-01,-9.482256323099136353e-02,-1.036227867007255554e-01,-1.582355499267578125e+00,3.037497997283935547e-01,-9.178093075752258301e-01,7.818984985351562500e-01,3.667665421962738037e-01,-9.987629055976867676e-01,-4.643889665603637695e-01,7.264749407768249512e-01,1.184644222259521484e+00,-9.109634160995483398e-02
1.511320378631353378e-02,1.459686756134033203e-01,7.988430857658386230e-01,-2.232991904020309448e-02,7.150714844465255737e-02,8.140580654144287109e-01,5.759319067001342773e-01,-2.151042670011520386e-01,2.479591965675354004e-02,1.527611464262008667e-01,6.812837719917297363e-01,-2.350835949182510376e-01,7.468980550765991211e-02,-4.134472906589508057e-01,-1.503268778324127197e-01,-1.723567247390747070e-01,3.318480253219604492e-01,-1.369034200906753540e-01,-1.069783195853233337e-01,-9.958115965127944946e-02,-1.616595029830932617e+00,3.288511931896209717e-01,-9.201397299766540527e-01,7.638291716575622559e-01,3.580854237079620361e-01,-1.039981126785278320e+00,-4.939833283424377441e-01,7.189180254936218262e-01,1.150766253471374512e+00,-7.381034642457962036e-02
1.502543780952692032e-02,1.553970128297805786e-01,7.980685830116271973e-01,-2.144043147563934326e-02,7.782830297946929932e-02,8.090322017669677734e-01,5.821940898895263672e-01,-2.394812256097793579e-01,1.976938173174858093e-02,1.590516120195388794e-01,7.435045838356018066e-01,-2.658464610576629639e-01,6.074735149741172791e-02,-4.249640107154846191e-01,-1.528863012790679932e-01,-1.600123941898345947e-01,3.633302450180053711e-01,-1.635272949934005737e-01,-1.064161136746406555e-01,-1.030861884355545044e-01,-1.612093448638916016e+00,3.513437211513519287e-01,-9.339770078659057617e-01,7.773066163063049316e-01,3.983386754989624023e-01,-1.120072364807128906e+00,-5.422390103340148926e-01,7.387584447860717773e-01,1.036551713943481445e+00,-7.614490389823913574e-02
1.091807615011930466e-02,1.607840955257415771e-01,7.968654036521911621e-01,-1.712362840771675110e-02,8.131074160337448120e-02,8.041887283325195312e-01,5.885369777679443359e-01,-2.583052515983581543e-01,1.942325197160243988e-02,1.605739444494247437e-01,8.351520299911499023e-01,-2.630423605442047119e-01,5.712722986936569214e-02,-4.280261099338531494e-01,-1.589644700288772583e-01,-1.353959292173385620e-01,3.868525326251983643e-01,-1.908285170793533325e-01,-1.182648688554763794e-01,-1.161362826824188232e-01,-1.564865708351135254e+00,3.621411025524139404e-01,-9.373943209648132324e-01,8.256769180297851562e-01,4.102255403995513916e-01,-1.216485857963562012e+00,-5.943150520324707031e-01,7.690808176994323730e-01,8.937004804611206055e-01,-8.764897286891937256e-02
7.306594401597976685e-03,1.598079204559326172e-01,7.948472499847412109e-01,-1.079765427857637405e-02,8.178543299436569214e-02,7.969877123832702637e-01,5.983352661132812500e-01,-2.766236066818237305e-01,2.904225140810012817e-02,1.741245090961456299e-01,9.405602812767028809e-01,-2.574345469474792480e-01,5.568163841962814331e-02,-4.399647414684295654e-01,-1.615725159645080566e-01,-1.099288463592529297e-01,4.216947853565216064e-01,-2.093279212713241577e-01,-1.269967257976531982e-01,-1.274098604917526245e-01,-1.475248456001281738e+00,3.740828335285186768e-01,-9.230087995529174805e-01,8.877701163291931152e-01,3.898651897907257080e-01,-1.312031269073486328e+00,-6.375396847724914551e-01,7.907536625862121582e-01,7.548797726631164551e-01,-9.353904426097869873e-02
-1.080887042917311192e-03,1.538645476102828979e-01,7.925701141357421875e-01,-6.667735520750284195e-03,8.025763928890228271e-02,7.910626530647277832e-01,6.064108014106750488e-01,-2.891763150691986084e-01,2.688666433095932007e-02,1.731547266244888306e-01,1.035361170768737793e+00,-2.491931319236755371e-01,3.711065277457237244e-02,-4.524482488632202148e-01,-1.714820116758346558e-01,-9.837406873703002930e-02,4.452589452266693115e-01,-2.117429524660110474e-01,-1.130574420094490051e-01,-1.453402340412139893e-01,-1.357590675354003906e+00,3.738277256488800049e-01,-8.828877806663513184e-01,9.693727493286132812e-01,3.532147109508514404e-01,-1.400013089179992676e+00,-6.718705296516418457e-01,7.987521290779113770e-01,6.349216699600219727e-01,-1.018175557255744934e-01
-5.211717449128627777e-03,1.492453515529632568e-01,7.901633381843566895e-01,-1.656102598644793034e-03,7.610961049795150757e-02,7.852088809013366699e-01,6.145336627960205078e-01,-2.864046692848205566e-01,3.182969987392425537e-02,1.691182255744934082e-01,1.080762028694152832e+00,-2.441690266132354736e-01,2.852952852845191956e-02,-4.611867964267730713e-01,-1.708328127861022949e-01,-8.772636204957962036e-02,4.730308353900909424e-01,-2.140023708343505859e-01,-1.109859943389892578e-01,-1.532750129699707031e-01,-1.251870274543762207e+00,3.785458207130432129e-01,-8.442623615264892578e-01,1.024019718170166016e+00,3.348699510097503662e-01,-1.440623164176940918e+00,-6.786681413650512695e-01,7.961066365242004395e-01,5.754128694534301758e-01,-1.101550310850143433e-01
-1.199316885322332382e-02,1.494992673397064209e-01,7.884014248847961426e-01,2.068153116852045059e-04,7.310962677001953125e-02,7.770958542823791504e-01,6.251215934753417969e-01,-2.874381244182586670e-01,3.966382518410682678e-02,1.665905117988586426e-01,1.155696868896484375e+00,-2.448332011699676514e-01,2.611911855638027191e-02,-4.690488278865814209e-01,-1.692635864019393921e-01,-8.194813877344131470e-02,4.975523948669433594e-01,-2.163246870040893555e-01,-1.066191941499710083e-01,-1.704889088869094849e-01,-1.061682701110839844e+00,3.865363001823425293e-01,-7.534271478652954102e-01,1.144672989845275879e+00,2.937599718570709229e-01,-1.497800707817077637e+00,-6.951246857643127441e-01,7.760978937149047852e-01,4.566035568714141846e-01,-8.972219377756118774e-02
-1.728227175772190094e-02,1.513980925083160400e-01,7.875168323516845703e-01,9.114964050240814686e-04,6.983870267868041992e-02,7.695388197898864746e-01,6.347690224647521973e-01,-2.809323966503143311e-01,6.280151009559631348e-02,1.751717925071716309e-01,1.160019159317016602e+00,-2.456783801317214966e-01,5.001608654856681824e-02,-4.724766016006469727e-01,-1.641897410154342651e-01,-7.905668765306472778e-02,5.150221586227416992e-01,-2.173898369073867798e-01,-1.069391071796417236e-01,-1.821775734424591064e-01,-8.715420365333557129e-01,3.970769047737121582e-01,-6.651005148887634277e-01,1.236794352531433105e+00,2.847695648670196533e-01,-1.499029397964477539e+00,-7.098383307456970215e-01,7.387391924858093262e-01,3.543519377708435059e-01,-9.102815389633178711e-02
-2.116507105529308319e-02,1.530942618846893311e-01,7.885009646415710449e-01,1.967286225408315659e-03,6.766996532678604126e-02,7.624566555023193359e-01,6.434879302978515625e-01,-2.689211070537567139e-01,7.200832664966583252e-02,1.749262660741806030e-01,1.126652598381042480e+00,-2.511957585811614990e-01,7.483039051294326782e-02,-4.691085815429687500e-01,-1.612889021635055542e-01,-8.079412579536437988e-02,5.161403417587280273e-01,-2.068333774805068970e-01,-9.695833176374435425e-02,-1.889838725328445435e-01,-7.076976299285888672e-01,4.041394293308258057e-01,-5.793213248252868652e-01,1.307046413421630859e+00,2.721208631992340088e-01,-1.478456735610961914e+00,-7.322803735733032227e-01,7.046213150024414062e-01,2.510359287261962891e-01,-1.013158038258552551e-01
-2.547628618776798248e-02,1.521350592374801636e-01,7.908561825752258301e-01,2.430571941658854485e-03,6.412696093320846558e-02,7.562463879585266113e-01,6.511322855949401855e-01,-2.539348602294921875e-01,7.652363181114196777e-02,1.783202737569808960e-01,1.060150384902954102e+00,-2.684791684150695801e-01,9.204831719398498535e-02,-4.553460478782653809e-01,-1.574534475803375244e-01,-8.733997493982315063e-02,4.920141100883483887e-01,-1.833537966012954712e-01,-7.341163605451583862e-02,-1.930906027555465698e-01,-5.820899009704589844e-01,4.063659012317657471e-01,-5.210662484169006348e-01,1.362293124198913574e+00,2.763946652412414551e-01,-1.441954731941223145e+00,-7.416807413101196289e-01,6.655303239822387695e-01,1.831298768520355225e-01,-1.058432608842849731e-01
-3.126354515552520752e-02,1.469648927450180054e-01,7.942981719970703125e-01,3.991280682384967804e-03,5.843435600399971008e-02,7.499175667762756348e-01,6.589333415031433105e-01,-2.344112098217010498e-01,6.664272397756576538e-02,1.793758124113082886e-01,9.765781760215759277e-01,-2.750528454780578613e-01,1.121188551187515259e-01,-4.357497692108154297e-01,-1.518320143222808838e-01,-8.861583471298217773e-02,4.537679851055145264e-01,-1.462526917457580566e-01,-4.263224825263023376e-02,-1.950310766696929932e-01,-4.758818447589874268e-01,4.072699248790740967e-01,-4.892704486846923828e-01,1.384620904922485352e+00,2.935482263565063477e-01,-1.362037420272827148e+00,-7.476447224617004395e-01,6.258147358894348145e-01,1.353133767843246460e-01,-1.068479642271995544e-01
-3.745996952056884766e-02,1.422656476497650146e-01,7.987106442451477051e-01,3.567134495824575424e-03,5.439255014061927795e-02,7.465350031852722168e-01,6.631094813346862793e-01,-2.129154056310653687e-01,5.144969001412391663e-02,1.677707880735397339e-01,8.871579170227050781e-01,-2.749377191066741943e-01,1.192233264446258545e-01,-4.171577990055084229e-01,-1.485405564308166504e-01,-8.844389021396636963e-02,4.102619588375091553e-01,-1.005931347608566284e-01,-1.504093222320079803e-02,-1.933201998472213745e-01,-3.988992869853973389e-01,4.049435853958129883e-01,-4.663021564483642578e-01,1.400862455368041992e+00,2.966105043888092041e-01,-1.267174720764160156e+00,-7.504102587699890137e-01,5.959109067916870117e-01,1.118965670466423035e-01,-1.035039797425270081e-01
-4.076117277145385742e-02,1.288479864597320557e-01,8.020378947257995605e-01,5.953066516667604446e-03,5.101940408349037170e-02,7.413585186004638672e-01,6.691406369209289551e-01,-1.862048953771591187e-01,1.699672080576419830e-02,1.417971402406692505e-01,7.668091654777526855e-01,-2.774679660797119141e-01,1.191833913326263428e-01,-4.031744003295898438e-01,-1.437954753637313843e-01,-8.426073938608169556e-02,3.541760742664337158e-01,-4.518464580178260803e-02,2.050808258354663849e-02,-1.973039507865905762e-01,-3.353534638881683350e-01,4.062448441982269287e-01,-4.617009162902832031e-01,1.389522671699523926e+00,3.142261207103729248e-01,-1.162415981292724609e+00,-7.559348940849304199e-01,5.932365059852600098e-01,1.399731636047363281e-01,-1.148911416530609131e-01
-4.829486086964607239e-02,1.177431419491767883e-01,8.051736354827880859e-01,6.530762184411287308e-03,4.585216194391250610e-02,7.407851815223693848e-01,6.701434850692749023e-01,-1.537818163633346558e-01,-1.320483814924955368e-02,1.207015067338943481e-01,6.781645417213439941e-01,-2.798703312873840332e-01,1.151501685380935669e-01,-3.841273784637451172e-01,-1.430263668298721313e-01,-7.639749348163604736e-02,3.006343245506286621e-01,8.026435039937496185e-03,4.546875506639480591e-02,-2.001702189445495605e-01,-3.061353266239166260e-01,4.074196815490722656e-01,-4.593206346035003662e-01,1.378089189529418945e+00,3.171352148056030273e-01,-1.037121653556823730e+00,-7.638228535652160645e-01,6.053559184074401855e-01,1.865079849958419800e-01,-1.230427771806716919e-01
-5.191437155008316040e-02,1.020391508936882019e-01,8.066091537475585938e-01,9.971229359507560730e-03,4.155311733484268188e-02,7.419752478599548340e-01,6.690639853477478027e-01,-1.242902725934982300e-01,-3.368775546550750732e-02,1.117954850196838379e-01,5.959278345108032227e-01,-2.996172010898590088e-01,1.224470883607864380e-01,-3.717280924320220947e-01,-1.477914303541183472e-01,-7.924571633338928223e-02,2.566496133804321289e-01,5.323752388358116150e-02,6.155525520443916321e-02,-2.062530815601348877e-01,-2.939152419567108154e-01,4.088690280914306641e-01,-4.580259025096893311e-01,1.356402277946472168e+00,3.109190165996551514e-01,-9.167406558990478516e-01,-7.562397122383117676e-01,6.044663190841674805e-01,2.410824000835418701e-01,-1.275387108325958252e-01
-5.656363442540168762e-02,8.419661968946456909e-02,8.071752786636352539e-01,1.362756732851266861e-02,3.503627702593803406e-02,7.428110837936401367e-01,6.684447526931762695e-01,-9.257114678621292114e-02,-5.601676926016807556e-02,8.366241306066513062e-02,5.258412957191467285e-01,-3.445949554443359375e-01,1.226138249039649963e-01,-3.603331148624420166e-01,-1.463290750980377197e-01,-6.272494792938232422e-02,2.124634534120559692e-01,1.111050173640251160e-01,7.073497027158737183e-02,-2.057659476995468140e-01,-2.931418716907501221e-01,4.196715056896209717e-01,-4.625037610530853271e-01,1.310728549957275391e+00,3.065436780452728271e-01,-7.608544230461120605e-01,-7.315109372138977051e-01,6.104869246482849121e-01,3.439343273639678955e-01,-1.390032023191452026e-01
-6.034438684582710266e-02,7.045323401689529419e-02,8.073915839195251465e-01,1.684072613716125488e-02,3.009695932269096375e-02,7.437829375267028809e-01,6.675308942794799805e-01,-7.420452684164047241e-02,-6.913392990827560425e-02,6.925883144140243530e-02,4.809031784534454346e-01,-3.688824176788330078e-01,1.331789940595626831e-01,-3.618945479393005371e-01,-1.501114666461944580e-01,-6.349054723978042603e-02,2.011269629001617432e-01,1.566465049982070923e-01,8.432195335626602173e-02,-2.113666683435440063e-01,-3.093268871307373047e-01,4.264754056930541992e-01,-4.748681485652923584e-01,1.278189420700073242e+00,2.992042601108551025e-01,-6.737208366394042969e-01,-7.039369940757751465e-01,6.128047704696655273e-01,4.047794640064239502e-01,-1.511852890253067017e-01
-6.445023417472839355e-02,5.928300321102142334e-02,8.076958656311035156e-01,1.905065029859542847e-02,2.630614303052425385e-02,7.442207336425781250e-01,6.671435832977294922e-01,-6.145501509308815002e-02,-7.909359037876129150e-02,6.093767285346984863e-02,4.465485215187072754e-01,-3.832492232322692871e-01,1.375835388898849487e-01,-3.660686016082763672e-01,-1.545775085687637329e-01,-6.920131295919418335e-02,1.878785490989685059e-01,2.060949802398681641e-01,1.030130460858345032e-01,-2.142235785722732544e-01,-3.382368683815002441e-01,4.326596260070800781e-01,-4.867844581604003906e-01,1.246733903884887695e+00,2.909550666809082031e-01,-5.921915173530578613e-01,-6.666681170463562012e-01,6.164512634277343750e-01,4.851797819137573242e-01,-1.615726500749588013e-01
-6.325166672468185425e-02,5.140203610062599182e-02,8.086394667625427246e-01,2.156776934862136841e-02,1.979236863553524017e-02,7.486973404884338379e-01,6.622653007507324219e-01,-4.953223466873168945e-02,-7.771246880292892456e-02,3.853267058730125427e-02,4.248938262462615967e-01,-3.854325711727142334e-01,1.291053146123886108e-01,-3.769137263298034668e-01,-1.474728435277938843e-01,-3.760823979973793030e-02,1.849503666162490845e-01,2.187293469905853271e-01,1.341028660535812378e-01,-2.121700346469879150e-01,-3.925161957740783691e-01,4.551534056663513184e-01,-5.153113007545471191e-01,1.158712625503540039e+00,2.994981110095977783e-01,-4.875965416431427002e-01,-5.933945178985595703e-01,6.133661270141601562e-01,6.906481385231018066e-01,-1.909644454717636108e-01
-6.532771885395050049e-02,4.253951087594032288e-02,8.102751374244689941e-01,1.806710474193096161e-02,1.343156024813652039e-02,7.471183538436889648e-01,6.643096804618835449e-01,-5.200521647930145264e-02,-6.501868367195129395e-02,4.087170213460922241e-02,4.136975109577178955e-01,-3.863547742366790771e-01,1.305286735296249390e-01,-3.945116996765136719e-01,-1.456193625926971436e-01,-4.323808476328849792e-02,2.141936868429183960e-01,1.614323258399963379e-01,1.318324208259582520e-01,-2.054669111967086792e-01,-4.449767172336578369e-01,4.842759072780609131e-01,-5.404141545295715332e-01,1.077369928359985352e+00,3.136361241340637207e-01,-4.206019043922424316e-01,-5.275225043296813965e-01,6.065357327461242676e-01,8.581098914146423340e-01,-2.246522903442382812e-01
-6.873074173927307129e-02,3.090452402830123901e-02,8.122969865798950195e-01,1.138932537287473679e-02,7.901974022388458252e-03,7.419958710670471191e-01,6.702610850334167480e-01,-6.830926239490509033e-02,-4.568773508071899414e-02,6.088843941688537598e-02,4.127074778079986572e-01,-3.863329887390136719e-01,1.311031281948089600e-01,-4.110850691795349121e-01,-1.524724811315536499e-01,-8.449290692806243896e-02,2.781460583209991455e-01,1.269635260105133057e-01,1.159443780779838562e-01,-1.962698549032211304e-01,-4.946358799934387207e-01,5.221202969551086426e-01,-5.568731427192687988e-01,9.914947748184204102e-01,3.267857432365417480e-01,-3.602848649024963379e-01,-4.763495922088623047e-01,5.872439742088317871e-01,9.948241114616394043e-01,-2.467845082283020020e-01
-6.981008499860763550e-02,1.780601963400840759e-02,8.140228390693664551e-01,2.944305073469877243e-03,1.600417075678706169e-03,7.362883090972900391e-01,6.766596436500549316e-01,-8.725416660308837891e-02,-1.956987567245960236e-02,7.572326809167861938e-02,4.093692898750305176e-01,-3.940078020095825195e-01,1.378318071365356445e-01,-4.258820414543151855e-01,-1.449169963598251343e-01,-1.076540648937225342e-01,3.710844516754150391e-01,8.302170038223266602e-02,9.930204600095748901e-02,-1.823208779096603394e-01,-5.437540411949157715e-01,5.659357309341430664e-01,-5.697650313377380371e-01,9.053593277931213379e-01,3.432531952857971191e-01,-2.982119023799896240e-01,-4.368448257446289062e-01,5.562113523483276367e-01,1.104234576225280762e+00,-2.554704546928405762e-01
-6.906439363956451416e-02,2.115086652338504791e-03,8.153452277183532715e-01,-4.592044744640588760e-03,-5.354220513254404068e-03,7.273530960083007812e-01,6.862272024154663086e-01,-1.132873147726058960e-01,1.101329550147056580e-02,9.055446088314056396e-02,4.202098846435546875e-01,-3.990967273712158203e-01,1.408644914627075195e-01,-4.419321119785308838e-01,-1.301004588603973389e-01,-1.228931620717048645e-01,5.072617530822753906e-01,2.180449478328227997e-02,8.145276457071304321e-02,-1.615612357854843140e-01,-5.950258970260620117e-01,6.179531812667846680e-01,-5.708525776863098145e-01,8.153833150863647461e-01,3.562760651111602783e-01,-2.305665016174316406e-01,-4.016846716403961182e-01,5.020435452461242676e-01,1.200211524963378906e+00,-2.432812154293060303e-01
-6.773961335420608521e-02,-7.619887124747037888e-03,8.151992559432983398e-01,-1.155193708837032318e-02,-7.970863953232765198e-03,7.219022512435913086e-01,6.918526887893676758e-01,-1.411708146333694458e-01,3.372643887996673584e-02,1.009387150406837463e-01,4.384977817535400391e-01,-4.056339859962463379e-01,1.446221917867660522e-01,-4.443106651306152344e-01,-1.153272986412048340e-01,-1.189523711800575256e-01,6.276463270187377930e-01,-3.422622010111808777e-02,6.341020762920379639e-02,-1.468125879764556885e-01,-6.276121735572814941e-01,6.531645655632019043e-01,-5.698344111442565918e-01,7.550874948501586914e-01,3.573932945728302002e-01,-1.564233005046844482e-01,-3.823726177215576172e-01,4.686218500137329102e-01,1.265689373016357422e+00,-2.232284545898437500e-01
-6.209234893321990967e-02,-2.755388244986534119e-02,8.144150376319885254e-01,-1.288300566375255585e-02,-1.412733830511569977e-02,7.110382914543151855e-01,7.028933167457580566e-01,-1.731854677200317383e-01,6.213158369064331055e-02,1.081290319561958313e-01,4.680699110031127930e-01,-4.017738699913024902e-01,1.472251564264297485e-01,-4.494417905807495117e-01,-9.782911837100982666e-02,-1.149507537484169006e-01,8.192296028137207031e-01,-9.016065299510955811e-02,5.130782350897789001e-02,-1.279484480619430542e-01,-6.693193316459655762e-01,7.074503898620605469e-01,-5.429037213325500488e-01,6.660246253013610840e-01,3.446063697338104248e-01,-6.705443561077117920e-02,-3.609528839588165283e-01,4.335941672325134277e-01,1.325570464134216309e+00,-2.042099982500076294e-01
-6.042547523975372314e-02,-3.929010033607482910e-02,8.115972876548767090e-01,-1.360252499580383301e-02,-1.884977519512176514e-02,7.053849697113037109e-01,7.084431648254394531e-01,-2.022967487573623657e-01,7.853725552558898926e-02,1.075093597173690796e-01,5.104263424873352051e-01,-4.073935449123382568e-01,1.495016068220138550e-01,-4.469774961471557617e-01,-9.213501214981079102e-02,-1.102101802825927734e-01,9.716399908065795898e-01,-1.168325543403625488e-01,5.197110027074813843e-02,-1.142438352108001709e-01,-6.926793456077575684e-01,7.421559691429138184e-01,-5.238044857978820801e-01,5.957428216934204102e-01,3.197460472583770752e-01,1.673962920904159546e-02,-3.540669083595275879e-01,4.048493802547454834e-01,1.364578723907470703e+00,-1.931008398532867432e-01
-5.659837648272514343e-02,-4.712195321917533875e-02,8.075999617576599121e-01,-1.411444973200559616e-02,-1.822102069854736328e-02,6.993081569671630859e-01,7.144486308097839355e-01,-2.333675324916839600e-01,8.988221734762191772e-02,1.087338402867317200e-01,5.529617667198181152e-01,-4.173047840595245361e-01,1.529121845960617065e-01,-4.334197044372558594e-01,-8.950220048427581787e-02,-1.041237115859985352e-01,1.088402152061462402e+00,-1.340172290802001953e-01,5.323372408747673035e-02,-9.898475557565689087e-02,-7.112368345260620117e-01,7.823159694671630859e-01,-5.069422125816345215e-01,5.306723713874816895e-01,2.987747490406036377e-01,9.265801310539245605e-02,-3.463596105575561523e-01,3.786384463310241699e-01,1.391621828079223633e+00,-1.801224946975708008e-01
-5.347596108913421631e-02,-5.302846059203147888e-02,8.037710785865783691e-01,-1.399397663772106171e-02,-1.667508482933044434e-02,6.939005851745605469e-01,7.197417020797729492e-01,-2.604513168334960938e-01,9.785428643226623535e-02,1.110828667879104614e-01,5.916867852210998535e-01,-4.248462319374084473e-01,1.540452241897583008e-01,-4.063729345798492432e-01,-8.975647389888763428e-02,-9.504827111959457397e-02,1.142710924148559570e+00,-1.542082428932189941e-01,5.057467892765998840e-02,-9.089422225952148438e-02,-7.265191078186035156e-01,8.163005709648132324e-01,-5.033849477767944336e-01,4.891805946826934814e-01,2.844800353050231934e-01,1.551935821771621704e-01,-3.425063490867614746e-01,3.539440035820007324e-01,1.417244553565979004e+00,-1.531128138303756714e-01
-4.826776683330535889e-02,-6.000054627656936646e-02,8.016943931579589844e-01,-1.290393155068159103e-02,-1.333106216043233871e-02,6.897646784782409668e-01,7.237958908081054688e-01,-2.848708629608154297e-01,1.042639464139938354e-01,1.144778504967689514e-01,6.165485978126525879e-01,-4.162330627441406250e-01,1.492810696363449097e-01,-3.763098418712615967e-01,-8.119086921215057373e-02,-8.101489394903182983e-02,1.154821395874023438e+00,-1.841145604848861694e-01,4.806343466043472290e-02,-8.623936027288436890e-02,-7.389720678329467773e-01,8.496848344802856445e-01,-5.110681056976318359e-01,4.532038569450378418e-01,2.814327180385589600e-01,1.974954307079315186e-01,-3.352702558040618896e-01,3.364043533802032471e-01,1.434224009513854980e+00,-1.270928084850311279e-01
-4.341553896665573120e-02,-6.396306306123733521e-02,8.026181459426879883e-01,-1.353376731276512146e-02,-8.228349499404430389e-03,6.861053705215454102e-01,7.273297309875488281e-01,-2.992099225521087646e-01,1.099195405840873718e-01,1.215476691722869873e-01,6.176744699478149414e-01,-3.964524567127227783e-01,1.418696641921997070e-01,-3.390161097049713135e-01,-7.524856925010681152e-02,-7.327545434236526489e-02,1.113459587097167969e+00,-2.165449261665344238e-01,4.093298688530921936e-02,-8.484674990177154541e-02,-7.469711303710937500e-01,8.741771578788757324e-01,-5.291465520858764648e-01,4.427871704101562500e-01,2.880682647228240967e-01,2.155594527721405029e-01,-3.340479135513305664e-01,3.299439847469329834e-01,1.441966533660888672e+00,-1.078765466809272766e-01
-3.690638020634651184e-02,-6.816862523555755615e-02,8.068625330924987793e-01,-1.459465175867080688e-02,-1.555038150399923325e-03,6.814212203025817871e-01,7.317442893981933594e-01,-3.056326210498809814e-01,1.144332662224769592e-01,1.262166500091552734e-01,5.945923924446105957e-01,-3.543560504913330078e-01,1.274968534708023071e-01,-2.882636785507202148e-01,-6.282997131347656250e-02,-6.189060583710670471e-02,1.022245407104492188e+00,-2.443333417177200317e-01,3.160005807876586914e-02,-8.887577801942825317e-02,-7.582085728645324707e-01,8.922155499458312988e-01,-5.634484291076660156e-01,4.473165571689605713e-01,2.960684001445770264e-01,2.243883758783340454e-01,-3.354936242103576660e-01,3.323585689067840576e-01,1.438939332962036133e+00,-8.508771657943725586e-02
-3.237083926796913147e-02,-6.981819868087768555e-02,8.136112689971923828e-01,-1.726166903972625732e-02,6.575249601155519485e-03,6.765057444572448730e-01,7.362056374549865723e-01,-3.037757873535156250e-01,1.155966222286224365e-01,1.341541707515716553e-01,5.524852871894836426e-01,-3.043738305568695068e-01,1.151545494794845581e-01,-2.370968461036682129e-01,-5.191077664494514465e-02,-5.442087352275848389e-02,9.034469723701477051e-01,-2.626362144947052002e-01,1.931821927428245544e-02,-8.947388082742691040e-02,-7.638750076293945312e-01,9.068094491958618164e-01,-5.971313714981079102e-01,4.594318866729736328e-01,3.036339282989501953e-01,2.196264266967773438e-01,-3.418641984462738037e-01,3.352091908454895020e-01,1.430610299110412598e+00,-6.684347987174987793e-02
-2.624298259615898132e-02,-7.305242866277694702e-02,8.215064406394958496e-01,-1.989665254950523376e-02,1.480914745479822159e-02,6.718814969062805176e-01,7.402432560920715332e-01,-2.988402247428894043e-01,1.181931719183921814e-01,1.432260572910308838e-01,4.999361932277679443e-01,-2.458826154470443726e-01,9.708198904991149902e-02,-1.821089982986450195e-01,-4.194831848144531250e-02,-4.793640971183776855e-02,7.565407156944274902e-01,-2.815204858779907227e-01,5.049349740147590637e-03,-9.104114770889282227e-02,-7.713377475738525391e-01,9.168998003005981445e-01,-6.349094510078430176e-01,4.866700768470764160e-01,3.078082203865051270e-01,2.080192714929580688e-01,-3.545089066028594971e-01,3.460465073585510254e-01,1.417379379272460938e+00,-5.620712414383888245e-02
-1.976250484585762024e-02,-7.878948003053665161e-02,8.291168808937072754e-01,-2.210515365004539490e-02,2.360332943499088287e-02,6.660802364349365234e-01,7.451787590980529785e-01,-2.933932840824127197e-01,1.202147006988525391e-01,1.547140926122665405e-01,4.409352540969848633e-01,-1.853474825620651245e-01,7.725063711404800415e-02,-1.307028084993362427e-01,-2.855672314763069153e-02,-2.869586832821369171e-02,6.021739244461059570e-01,-3.048514127731323242e-01,-1.298094633966684341e-02,-9.327144920825958252e-02,-7.588131427764892578e-01,9.222971200942993164e-01,-6.597530841827392578e-01,5.066161155700683594e-01,2.936278879642486572e-01,1.909209191799163818e-01,-3.644870221614837646e-01,3.555158376693725586e-01,1.394382715225219727e+00,-4.018093645572662354e-02
-1.648187823593616486e-02,-8.409815281629562378e-02,8.364211916923522949e-01,-2.238695882260799408e-02,2.696599811315536499e-02,6.625935435295104980e-01,7.481586933135986328e-01,-2.869187295436859131e-01,1.202274039387702942e-01,1.588553935289382935e-01,4.014648497104644775e-01,-1.279077678918838501e-01,6.180423870682716370e-02,-9.960990399122238159e-02,-2.182991243898868561e-02,-2.223251387476921082e-02,5.127014517784118652e-01,-2.944500148296356201e-01,-1.856425777077674866e-02,-9.161549061536788940e-02,-7.457963824272155762e-01,9.289592504501342773e-01,-6.817463040351867676e-01,5.122039318084716797e-01,2.868551611900329590e-01,1.736634373664855957e-01,-3.774385750293731689e-01,3.666223883628845215e-01,1.377041816711425781e+00,-4.111019521951675415e-02
-1.175016444176435471e-02,-9.240216761827468872e-02,8.423938751220703125e-01,-2.186162024736404419e-02,2.805554680526256561e-02,6.615092754364013672e-01,7.490930557250976562e-01,-2.770722210407257080e-01,1.228808835148811340e-01,1.660363823175430298e-01,3.545940816402435303e-01,-8.180966973304748535e-02,5.026147514581680298e-02,-7.849989831447601318e-02,-1.385456137359142303e-02,-2.632974088191986084e-02,4.465141296386718750e-01,-2.787178754806518555e-01,-2.712319977581501007e-02,-8.824888616800308228e-02,-7.216650247573852539e-01,9.277754426002502441e-01,-6.914611458778381348e-01,5.160470008850097656e-01,2.732858061790466309e-01,1.513624638319015503e-01,-3.872544169425964355e-01,3.739681243896484375e-01,1.357670068740844727e+00,-4.763988777995109558e-02
-7.775751408189535141e-03,-1.008583083748817444e-01,8.464168310165405273e-01,-2.199169434607028961e-02,3.069013357162475586e-02,6.560696959495544434e-01,7.537553310394287109e-01,-2.701874077320098877e-01,1.262341141700744629e-01,1.837247759103775024e-01,3.075909912586212158e-01,-5.248285457491874695e-02,5.275247246026992798e-02,-5.518076568841934204e-02,-5.348504055291414261e-03,-1.942114718258380890e-02,3.659785687923431396e-01,-2.784067988395690918e-01,-3.446940705180168152e-02,-8.671260625123977661e-02,-6.761081814765930176e-01,9.286783933639526367e-01,-6.961951255798339844e-01,5.388168096542358398e-01,2.671019434928894043e-01,1.177671328186988831e-01,-4.021567106246948242e-01,3.753331601619720459e-01,1.334982514381408691e+00,-4.265372455120086670e-02
1.249579596333205700e-03,-1.076162606477737427e-01,8.491371273994445801e-01,-2.042599953711032867e-02,3.261079639196395874e-02,6.540646553039550781e-01,7.554593086242675781e-01,-2.702538371086120605e-01,1.243035793304443359e-01,1.927962005138397217e-01,2.745018303394317627e-01,-5.181684717535972595e-02,5.332079902291297913e-02,-4.028231278061866760e-02,5.161752924323081970e-03,-1.988519914448261261e-02,3.167645335197448730e-01,-2.685862779617309570e-01,-3.435055911540985107e-02,-8.758750557899475098e-02,-6.212223172187805176e-01,9.193201065063476562e-01,-6.976996064186096191e-01,5.580242276191711426e-01,2.560399472713470459e-01,8.076889067888259888e-02,-4.180613756179809570e-01,3.824188411235809326e-01,1.310862541198730469e+00,-4.579900205135345459e-02
1.006704196333885193e-02,-1.107470840215682983e-01,8.510213494300842285e-01,-1.746640726923942566e-02,3.571542724967002869e-02,6.511154770851135254e-01,7.579366564750671387e-01,-2.777381241321563721e-01,1.063745394349098206e-01,1.888598948717117310e-01,2.656649649143218994e-01,-1.049347370862960815e-01,5.664033442735671997e-02,-3.411146625876426697e-02,9.510800242424011230e-03,-2.019823156297206879e-02,2.958097457885742188e-01,-2.591790556907653809e-01,-2.956234104931354523e-02,-8.144439756870269775e-02,-5.667346119880676270e-01,9.028768539428710938e-01,-6.913973093032836914e-01,5.848836302757263184e-01,2.582659721374511719e-01,4.005039483308792114e-02,-4.316646754741668701e-01,3.876504898071289062e-01,1.295591831207275391e+00,-5.391032993793487549e-02
1.534622535109519958e-02,-1.162245720624923706e-01,8.518878817558288574e-01,-1.395226642489433289e-02,3.901271894574165344e-02,6.512584686279296875e-01,7.577240467071533203e-01,-2.867817580699920654e-01,9.096769988536834717e-02,1.773402839899063110e-01,2.922574579715728760e-01,-1.497381329536437988e-01,6.347911059856414795e-02,-3.826601058244705200e-02,7.647093851119279861e-03,-1.995504647493362427e-02,2.908861339092254639e-01,-2.594228088855743408e-01,-3.376813232898712158e-02,-7.745683938264846802e-02,-5.092375874519348145e-01,8.760951161384582520e-01,-6.868699193000793457e-01,6.227687597274780273e-01,2.647466361522674561e-01,-6.029984913766384125e-03,-4.494122564792633057e-01,3.954181969165802002e-01,1.279216051101684570e+00,-6.446754187345504761e-02
1.553249638527631760e-02,-1.233484521508216858e-01,8.519844412803649902e-01,-1.112173590809106827e-02,4.329364746809005737e-02,6.547765731811523438e-01,7.544996142387390137e-01,-3.078384697437286377e-01,8.529463410377502441e-02,1.787125915288925171e-01,3.610664904117584229e-01,-1.672188937664031982e-01,7.203301787376403809e-02,-5.115332454442977905e-02,-4.278409760445356369e-03,-2.850525453686714172e-02,2.937280833721160889e-01,-2.683809399604797363e-01,-3.921562060713768005e-02,-8.127031475305557251e-02,-4.524175524711608887e-01,8.440827131271362305e-01,-6.785702705383300781e-01,6.674258112907409668e-01,2.833048701286315918e-01,-5.517331510782241821e-02,-4.660181999206542969e-01,4.031024277210235596e-01,1.267220020294189453e+00,-6.615743786096572876e-02
1.643623039126396179e-02,-1.269587278366088867e-01,8.508295416831970215e-01,-8.359115570783615112e-03,4.765176400542259216e-02,6.563676595687866211e-01,7.528883814811706543e-01,-3.258233368396759033e-01,8.102704584598541260e-02,1.780015528202056885e-01,4.336448311805725098e-01,-1.921865344047546387e-01,8.122555166482925415e-02,-7.013566792011260986e-02,-1.664312742650508881e-02,-3.790330141782760620e-02,3.200174868106842041e-01,-2.852770090103149414e-01,-3.603020310401916504e-02,-7.859659940004348755e-02,-4.062446653842926025e-01,8.116642236709594727e-01,-6.679606437683105469e-01,7.165775299072265625e-01,2.931619882583618164e-01,-9.295532852411270142e-02,-4.747050702571868896e-01,4.165168106555938721e-01,1.261365532875061035e+00,-8.243020623922348022e-02
1.426285132765769958e-02,-1.312065720558166504e-01,8.479166030883789062e-01,-7.702928036451339722e-03,4.980021342635154724e-02,6.596057415008544922e-01,7.499205470085144043e-01,-3.519693911075592041e-01,8.318579941987991333e-02,1.768317818641662598e-01,5.310493111610412598e-01,-2.181122153997421265e-01,9.444159269332885742e-02,-8.546086400747299194e-02,-2.396147511899471283e-02,-3.925784677267074585e-02,3.391920626163482666e-01,-3.141749501228332520e-01,-4.249363392591476440e-02,-7.350817322731018066e-02,-3.481036424636840820e-01,7.689992785453796387e-01,-6.556645035743713379e-01,7.776885628700256348e-01,3.188774883747100830e-01,-1.397787779569625854e-01,-4.850799143314361572e-01,4.220013320446014404e-01,1.255084037780761719e+00,-8.645464479923248291e-02
1.157538499683141708e-02,-1.383604556322097778e-01,8.441227674484252930e-01,-5.456193815916776657e-03,4.710218310356140137e-02,6.642009019851684570e-01,7.460487484931945801e-01,-3.852999210357666016e-01,9.183254837989807129e-02,1.710085123777389526e-01,6.542468070983886719e-01,-2.448240965604782104e-01,1.080808416008949280e-01,-1.059710606932640076e-01,-2.981074154376983643e-02,-5.105997622013092041e-02,3.850659430027008057e-01,-3.431033194065093994e-01,-5.036013200879096985e-02,-6.388518959283828735e-02,-2.994718551635742188e-01,7.023162841796875000e-01,-6.268825531005859375e-01,8.909212946891784668e-01,3.482665717601776123e-01,-1.897505223751068115e-01,-4.956130087375640869e-01,4.344718158245086670e-01,1.256289839744567871e+00,-9.615128487348556519e-02
8.839447982609272003e-03,-1.431051045656204224e-01,8.398805856704711914e-01,-3.420746885240077972e-03,4.197528585791587830e-02,6.670306324958801270e-01,7.438390254974365234e-01,-4.135105311870574951e-01,1.047371625900268555e-01,1.717333793640136719e-01,7.600802183151245117e-01,-2.766102254390716553e-01,1.181443408131599426e-01,-1.209227442741394043e-01,-3.400092571973800659e-02,-6.826113909482955933e-02,4.340469539165496826e-01,-3.675179481506347656e-01,-5.191033706068992615e-02,-5.303994193673133850e-02,-2.482785135507583618e-01,6.430220007896423340e-01,-6.006968021392822266e-01,9.929128289222717285e-01,3.604677617549896240e-01,-2.330038249492645264e-01,-5.061573982238769531e-01,4.464480876922607422e-01,1.238239407539367676e+00,-1.029970943927764893e-01
8.431466296315193176e-03,-1.456743031740188599e-01,8.361161947250366211e-01,-2.420524135231971741e-03,3.857999667525291443e-02,6.709573864936828613e-01,7.404876351356506348e-01,-4.366044700145721436e-01,1.168528944253921509e-01,1.748823374509811401e-01,8.406470417976379395e-01,-3.000119030475616455e-01,1.262122243642807007e-01,-1.343410313129425049e-01,-3.699818626046180725e-02,-8.685427904129028320e-02,4.776279032230377197e-01,-3.872651457786560059e-01,-6.002640724182128906e-02,-3.665676340460777283e-02,-2.024972587823867798e-01,5.719450116157531738e-01,-5.573529601097106934e-01,1.114066362380981445e+00,3.690661191940307617e-01,-2.802754640579223633e-01,-5.217651724815368652e-01,4.606680870056152344e-01,1.204117536544799805e+00,-1.106740906834602356e-01
8.219685405492782593e-03,-1.446094363927841187e-01,8.341131210327148438e-01,-1.550500863231718540e-03,3.673056140542030334e-02,6.725108623504638672e-01,7.391735911369323730e-01,-4.498662650585174561e-01,1.197646036744117737e-01,1.796675771474838257e-01,8.676592707633972168e-01,-3.040839135646820068e-01,1.259888559579849243e-01,-1.307646781206130981e-01,-3.971067816019058228e-02,-9.856407344341278076e-02,4.876109659671783447e-01,-4.021615087985992432e-01,-6.134058162569999695e-02,-1.424601580947637558e-02,-1.545902192592620850e-01,5.234697461128234863e-01,-5.285622477531433105e-01,1.187023878097534180e+00,3.811955153942108154e-01,-3.184167146682739258e-01,-5.314788818359375000e-01,4.683780670166015625e-01,1.162488818168640137e+00,-1.069618389010429382e-01
7.117437664419412613e-03,-1.416943967342376709e-01,8.346107602119445801e-01,-6.746057770214974880e-04,3.544045984745025635e-02,6.743624210357666016e-01,7.375491857528686523e-01,-4.534662663936614990e-01,1.137158349156379700e-01,1.821357458829879761e-01,8.455706238746643066e-01,-2.859116792678833008e-01,1.208541691303253174e-01,-1.194276958703994751e-01,-4.381480813026428223e-02,-1.073828041553497314e-01,4.825598895549774170e-01,-4.003668725490570068e-01,-6.165537610650062561e-02,1.682707294821739197e-02,-1.006681546568870544e-01,4.827690124511718750e-01,-4.993920028209686279e-01,1.240882039070129395e+00,3.750016391277313232e-01,-3.418979048728942871e-01,-5.372914075851440430e-01,4.685459136962890625e-01,1.115436673164367676e+00,-9.149971604347229004e-02
8.323131129145622253e-03,-1.332165747880935669e-01,8.372594714164733887e-01,-8.999679121188819408e-04,3.799905255436897278e-02,6.741254925727844238e-01,7.376381754875183105e-01,-4.403615891933441162e-01,1.025776118040084839e-01,1.887880563735961914e-01,7.642360925674438477e-01,-2.560563385486602783e-01,1.135161295533180237e-01,-1.031510755419731140e-01,-4.825835675001144409e-02,-1.147443205118179321e-01,4.643616080284118652e-01,-3.836378157138824463e-01,-5.979403108358383179e-02,6.253907829523086548e-02,-2.984035946428775787e-02,4.381073415279388428e-01,-4.528933763504028320e-01,1.299986004829406738e+00,3.371269702911376953e-01,-3.653215169906616211e-01,-5.503072738647460938e-01,4.616715312004089355e-01,1.049853682518005371e+00,-6.620685011148452759e-02
4.279793240129947662e-03,-1.219869107007980347e-01,8.414925932884216309e-01,-5.471704062074422836e-03,3.936015442013740540e-02,6.756612658500671387e-01,7.361404299736022949e-01,-4.182795584201812744e-01,9.440738707780838013e-02,2.010260373353958130e-01,6.745536327362060547e-01,-2.268577516078948975e-01,1.053171977400779724e-01,-8.290300518274307251e-02,-5.141492933034896851e-02,-1.235146299004554749e-01,4.341887235641479492e-01,-3.507189154624938965e-01,-5.038298666477203369e-02,8.997680246829986572e-02,2.454621717333793640e-02,4.155530035495758057e-01,-4.239984750747680664e-01,1.334935307502746582e+00,3.294145464897155762e-01,-3.711762726306915283e-01,-5.568488240242004395e-01,4.503242671489715576e-01,1.006289005279541016e+00,-4.671576991677284241e-02
2.145280130207538605e-03,-1.047118902206420898e-01,8.460181951522827148e-01,-1.166103594005107880e-02,4.170008748769760132e-02,6.764080524444580078e-01,7.352531552314758301e-01,-3.957394659519195557e-01,8.776250481605529785e-02,2.199545651674270630e-01,5.858645439147949219e-01,-2.034953981637954712e-01,9.894635528326034546e-02,-5.623326450586318970e-02,-5.343756452202796936e-02,-1.437064856290817261e-01,3.999840915203094482e-01,-3.090794682502746582e-01,-3.828812763094902039e-02,1.176999062299728394e-01,8.532147109508514404e-02,3.960907161235809326e-01,-3.869943916797637939e-01,1.366796851158142090e+00,3.140365481376647949e-01,-3.677332699298858643e-01,-5.625556707382202148e-01,4.335523247718811035e-01,9.663080573081970215e-01,-2.993520908057689667e-02
4.293100442737340927e-03,-8.466507494449615479e-02,8.496645092964172363e-01,-1.927016302943229675e-02,4.580799490213394165e-02,6.776111721992492676e-01,7.337393164634704590e-01,-3.703563511371612549e-01,8.617792278528213501e-02,2.518578767776489258e-01,5.041989088058471680e-01,-1.850364208221435547e-01,9.434067457914352417e-02,-2.874012663960456848e-02,-5.049180984497070312e-02,-1.732859462499618530e-01,3.637613356113433838e-01,-2.693233191967010498e-01,-3.018630482256412506e-02,1.416988968849182129e-01,1.516147106885910034e-01,3.857306838035583496e-01,-3.434776663780212402e-01,1.390464663505554199e+00,2.892573773860931396e-01,-3.648728728294372559e-01,-5.744670033454895020e-01,4.133392572402954102e-01,9.114900827407836914e-01,-1.168869063258171082e-02
1.593076507560908794e-03,-7.388634234666824341e-02,8.521826863288879395e-01,-2.471770346164703369e-02,4.697555676102638245e-02,6.796905994415283203e-01,7.315757274627685547e-01,-3.529545664787292480e-01,8.671395480632781982e-02,2.765697836875915527e-01,4.520822763442993164e-01,-1.740842014551162720e-01,9.056102484464645386e-02,-8.613577112555503845e-03,-5.156594887375831604e-02,-2.012826204299926758e-01,3.326109349727630615e-01,-2.400098890066146851e-01,-2.871952950954437256e-02,1.528111398220062256e-01,1.976949572563171387e-01,3.819753825664520264e-01,-3.133343458175659180e-01,1.399060368537902832e+00,2.690868675708770752e-01,-3.615173399448394775e-01,-5.870290994644165039e-01,4.008093178272247314e-01,8.666261434555053711e-01,1.779904006980359554e-03
-3.268811618909239769e-03,-6.340899318456649780e-02,8.532748818397521973e-01,-3.022861294448375702e-02,4.806710407137870789e-02,6.828556060791015625e-01,7.283433675765991211e-01,-3.362610936164855957e-01,8.578596264123916626e-02,2.972111701965332031e-01,4.179708361625671387e-01,-1.728883385658264160e-01,8.965174108743667603e-02,8.027005940675735474e-03,-5.416071042418479919e-02,-2.235892564058303833e-01,3.089379966259002686e-01,-2.187952250242233276e-01,-2.628603950142860413e-02,1.578307598829269409e-01,2.365447729825973511e-01,3.808732628822326660e-01,-2.896062731742858887e-01,1.401756048202514648e+00,2.584605813026428223e-01,-3.639090657234191895e-01,-6.079230308532714844e-01,3.846210539340972900e-01,8.049431443214416504e-01,9.993250481784343719e-03
-9.470222517848014832e-03,-4.839607700705528259e-02,8.537665605545043945e-01,-3.670194372534751892e-02,5.116233229637145996e-02,6.843376159667968750e-01,7.264415621757507324e-01,-3.241519927978515625e-01,8.486512303352355957e-02,3.209427893161773682e-01,4.003250896930694580e-01,-1.835716813802719116e-01,8.941484987735748291e-02,2.165389433503150940e-02,-6.134953722357749939e-02,-2.443827688694000244e-01,2.955293357372283936e-01,-2.001042813062667847e-01,-1.163287833333015442e-02,1.546243876218795776e-01,2.726103365421295166e-01,3.800406754016876221e-01,-2.674402892589569092e-01,1.403844118118286133e+00,2.561347484588623047e-01,-3.678643107414245605e-01,-6.397972702980041504e-01,3.611431419849395752e-01,7.008843421936035156e-01,2.395879477262496948e-02
-1.758085936307907104e-02,-3.356722369790077209e-02,8.542480468750000000e-01,-4.518125951290130615e-02,5.676413699984550476e-02,6.831411719322204590e-01,7.266736626625061035e-01,-3.152605891227722168e-01,7.755687087774276733e-02,3.250307738780975342e-01,3.843441009521484375e-01,-1.969652175903320312e-01,8.880448341369628906e-02,1.724851131439208984e-02,-7.506035268306732178e-02,-2.640574872493743896e-01,2.998166978359222412e-01,-1.737858206033706665e-01,2.164102392271161079e-03,1.436667293310165405e-01,3.051430881023406982e-01,3.757345974445343018e-01,-2.418683022260665894e-01,1.408473968505859375e+00,2.452593147754669189e-01,-3.708861470222473145e-01,-6.991577744483947754e-01,3.212675452232360840e-01,5.119225382804870605e-01,5.379259213805198669e-02
-2.702482044696807861e-02,-2.507716044783592224e-02,8.544462323188781738e-01,-5.099222064018249512e-02,5.590544641017913818e-02,6.853746175765991211e-01,7.242485880851745605e-01,-3.022319376468658447e-01,6.943666934967041016e-02,3.180006146430969238e-01,3.700373172760009766e-01,-2.113452106714248657e-01,9.322234988212585449e-02,8.530720369890332222e-04,-8.656170964241027832e-02,-2.716782093048095703e-01,3.426331579685211182e-01,-1.422439217567443848e-01,1.113788504153490067e-02,1.293777674436569214e-01,3.164959847927093506e-01,3.732431530952453613e-01,-2.426766455173492432e-01,1.400722622871398926e+00,2.626358270645141602e-01,-3.730376958847045898e-01,-7.397025823593139648e-01,2.855852544307708740e-01,3.896664381027221680e-01,4.964547231793403625e-02
-2.919082716107368469e-02,-1.797010749578475952e-02,8.539366722106933594e-01,-5.357714369893074036e-02,5.495740473270416260e-02,6.864967942237854004e-01,7.230707406997680664e-01,-2.877386808395385742e-01,6.941322982311248779e-02,3.180026412010192871e-01,3.589522540569305420e-01,-2.272484451532363892e-01,1.059222072362899780e-01,-2.050408162176609039e-02,-9.990490227937698364e-02,-2.846931815147399902e-01,4.004858136177062988e-01,-1.025155112147331238e-01,2.197765931487083435e-02,1.185825392603874207e-01,3.147301673889160156e-01,3.725087642669677734e-01,-2.513611614704132080e-01,1.389584422111511230e+00,2.771778106689453125e-01,-3.769527971744537354e-01,-7.646107673645019531e-01,2.646765410900115967e-01,3.165599107742309570e-01,3.656823560595512390e-02
-3.231862932443618774e-02,-1.351046655327081680e-02,8.532673716545104980e-01,-5.391817912459373474e-02,4.724409803748130798e-02,6.900849342346191406e-01,7.201691865921020508e-01,-2.689244449138641357e-01,7.265623658895492554e-02,3.068016171455383301e-01,3.564081192016601562e-01,-2.453937381505966187e-01,1.262529641389846802e-01,-6.141077727079391479e-02,-1.175839230418205261e-01,-2.858052849769592285e-01,5.211035013198852539e-01,-6.146749109029769897e-02,1.875010691583156586e-02,1.039492264389991760e-01,2.943118214607238770e-01,3.775255680084228516e-01,-2.566939592361450195e-01,1.374681472778320312e+00,2.916293740272521973e-01,-4.048311114311218262e-01,-7.926163673400878906e-01,2.537384033203125000e-01,2.446032613515853882e-01,9.312721900641918182e-03
-3.364672884345054626e-02,-9.508200921118259430e-03,8.511476516723632812e-01,-5.381206423044204712e-02,4.140481725335121155e-02,6.911727786064147949e-01,7.194929718971252441e-01,-2.579577863216400146e-01,7.839129120111465454e-02,2.984810769557952881e-01,3.665320277214050293e-01,-2.718098163604736328e-01,1.438159942626953125e-01,-1.094792783260345459e-01,-1.364440917968750000e-01,-2.866044938564300537e-01,6.359246969223022461e-01,-6.389512121677398682e-02,7.508868817239999771e-03,8.566861599683761597e-02,2.605905234813690186e-01,3.818361163139343262e-01,-2.724476456642150879e-01,1.362087130546569824e+00,3.003468215465545654e-01,-4.401214420795440674e-01,-8.063957691192626953e-01,2.523625493049621582e-01,1.959676146507263184e-01,-1.262592617422342300e-02
-3.624064847826957703e-02,-6.129218731075525284e-03,8.479120731353759766e-01,-5.146471783518791199e-02,3.573107346892356873e-02,6.927505731582641602e-01,7.184506058692932129e-01,-2.464630752801895142e-01,7.613693177700042725e-02,2.841501533985137939e-01,3.792968392372131348e-01,-3.062471151351928711e-01,1.697206497192382812e-01,-1.779979169368743896e-01,-1.608484536409378052e-01,-2.714260816574096680e-01,7.878407239913940430e-01,-6.188090518116950989e-02,2.762117946986109018e-04,6.471054255962371826e-02,1.988132596015930176e-01,3.925388753414154053e-01,-3.005298972129821777e-01,1.355095505714416504e+00,3.182695209980010986e-01,-5.464916825294494629e-01,-8.232257366180419922e-01,2.624981999397277832e-01,1.377364248037338257e-01,-4.992605745792388916e-02
-3.962428867816925049e-02,-7.370166014879941940e-03,8.443425893783569336e-01,-4.758677259087562561e-02,2.685929276049137115e-02,6.986860632896423340e-01,7.133385539054870605e-01,-2.422547489404678345e-01,7.945907115936279297e-02,2.835012078285217285e-01,4.089157879352569580e-01,-3.389241397380828857e-01,1.871991157531738281e-01,-2.641694545745849609e-01,-1.883664727210998535e-01,-2.621345818042755127e-01,9.300826787948608398e-01,-9.432649612426757812e-02,-8.332999423146247864e-03,2.897697687149047852e-02,9.776863455772399902e-02,4.016538858413696289e-01,-3.438086211681365967e-01,1.362770795822143555e+00,3.337452113628387451e-01,-6.804630756378173828e-01,-8.241659998893737793e-01,2.867103517055511475e-01,5.428134649991989136e-02,-9.650302678346633911e-02
-4.104642570018768311e-02,-1.049756165593862534e-02,8.413292169570922852e-01,-4.418754950165748596e-02,2.009951323270797729e-02,7.025195956230163574e-01,7.100068330764770508e-01,-2.422782778739929199e-01,8.714728057384490967e-02,2.941034138202667236e-01,4.361035525798797607e-01,-3.669961988925933838e-01,1.946011185646057129e-01,-3.303844034671783447e-01,-2.045540064573287964e-01,-2.503728270530700684e-01,1.011803150177001953e+00,-1.387533992528915405e-01,-1.888112910091876984e-02,-6.977241486310958862e-03,-4.127702210098505020e-03,4.160811901092529297e-01,-3.822055757045745850e-01,1.354021310806274414e+00,3.557558357715606689e-01,-8.148110508918762207e-01,-7.961149811744689941e-01,3.178343772888183594e-01,1.231156662106513977e-02,-1.397559940814971924e-01
-4.181982576847076416e-02,-7.006825879216194153e-03,8.400547504425048828e-01,-4.227469488978385925e-02,1.498345006257295609e-02,7.088165283203125000e-01,7.039655447006225586e-01,-2.362798601388931274e-01,9.173245728015899658e-02,2.959951460361480713e-01,4.560050368309020996e-01,-3.853887319564819336e-01,2.006284296512603760e-01,-3.993794023990631104e-01,-2.082277834415435791e-01,-2.413945347070693970e-01,1.049494266510009766e+00,-1.605442017316818237e-01,-2.373174205422401428e-02,-4.792630672454833984e-02,-9.935340285301208496e-02,4.235934615135192871e-01,-3.972718715667724609e-01,1.354943871498107910e+00,3.466943800449371338e-01,-9.285684227943420410e-01,-7.760626077651977539e-01,3.460927903652191162e-01,-1.563204452395439148e-02,-1.783610135316848755e-01
-4.607116058468818665e-02,-2.641089027747511864e-03,8.405337929725646973e-01,-4.144338145852088928e-02,8.810253813862800598e-03,7.129737138748168945e-01,6.999094486236572266e-01,-2.214386463165283203e-01,9.446554630994796753e-02,2.994078397750854492e-01,4.615278542041778564e-01,-3.930155038833618164e-01,1.971925646066665649e-01,-4.574869871139526367e-01,-2.013203799724578857e-01,-2.383349686861038208e-01,1.036422491073608398e+00,-1.680959314107894897e-01,-2.867457643151283264e-02,-8.723374456167221069e-02,-1.960497051477432251e-01,4.306767880916595459e-01,-4.139732420444488525e-01,1.347785115242004395e+00,3.296883106231689453e-01,-1.010028958320617676e+00,-7.446010708808898926e-01,3.779905438423156738e-01,-1.729466207325458527e-02,-1.915833204984664917e-01
-4.817910864949226379e-02,7.636050228029489517e-03,8.419771194458007812e-01,-3.998642414808273315e-02,6.982104852795600891e-03,7.198631763458251953e-01,6.929281353950500488e-01,-2.034223973751068115e-01,8.631291240453720093e-02,2.863723635673522949e-01,4.596551358699798584e-01,-3.903017044067382812e-01,1.915452778339385986e-01,-5.000956058502197266e-01,-1.968450099229812622e-01,-2.415399402379989624e-01,9.851229190826416016e-01,-1.539814621210098267e-01,-2.519674226641654968e-02,-1.207724288105964661e-01,-2.975805997848510742e-01,4.288879036903381348e-01,-4.331069886684417725e-01,1.335663557052612305e+00,2.996787130832672119e-01,-1.071355342864990234e+00,-7.118240594863891602e-01,4.167389571666717529e-01,9.252320043742656708e-03,-1.764158308506011963e-01
-5.307815596461296082e-02,2.139995433390140533e-02,8.433636426925659180e-01,-3.766099363565444946e-02,7.985068485140800476e-03,7.273069024085998535e-01,6.852318048477172852e-01,-1.798178553581237793e-01,6.864158809185028076e-02,2.771838903427124023e-01,4.515636861324310303e-01,-3.836178183555603027e-01,1.744141280651092529e-01,-5.226663947105407715e-01,-1.890884935855865479e-01,-2.549244463443756104e-01,8.601183891296386719e-01,-1.335206180810928345e-01,-1.729341410100460052e-02,-1.502537727355957031e-01,-4.135036170482635498e-01,4.242700636386871338e-01,-4.628986716270446777e-01,1.313266396522521973e+00,2.825294733047485352e-01,-1.121635675430297852e+00,-6.691760420799255371e-01,4.540659487247467041e-01,5.311600863933563232e-02,-1.712866425514221191e-01
-5.938402563333511353e-02,3.923554345965385437e-02,8.433119058609008789e-01,-3.200056403875350952e-02,1.409664470702409744e-02,7.368857264518737793e-01,6.751123666763305664e-01,-1.483804881572723389e-01,2.788216434419155121e-02,2.489196211099624634e-01,4.306768476963043213e-01,-3.768115639686584473e-01,1.595832854509353638e-01,-5.045741796493530273e-01,-1.675737649202346802e-01,-2.538085877895355225e-01,6.444293260574340820e-01,-7.153318077325820923e-02,1.045866310596466064e-02,-1.676960140466690063e-01,-5.274739861488342285e-01,4.003879725933074951e-01,-4.996398389339447021e-01,1.270711421966552734e+00,2.757652997970581055e-01,-1.135339379310607910e+00,-6.210097670555114746e-01,5.051732063293457031e-01,1.417887806892395020e-01,-1.729502379894256592e-01
-6.075234338641166687e-02,4.820457845926284790e-02,8.416660428047180176e-01,-1.823730580508708954e-02,1.556867081671953201e-02,7.489946484565734863e-01,6.621419787406921387e-01,-1.128281876444816589e-01,-1.473646797239780426e-02,2.006842494010925293e-01,4.139379262924194336e-01,-3.722873032093048096e-01,1.447812169790267944e-01,-4.704533517360687256e-01,-1.450314074754714966e-01,-2.186407893896102905e-01,4.600612223148345947e-01,-9.812793694436550140e-03,4.847401380538940430e-02,-1.847646087408065796e-01,-6.475254297256469727e-01,3.675805628299713135e-01,-5.604994297027587891e-01,1.210407614707946777e+00,2.678487598896026611e-01,-1.136219501495361328e+00,-5.931071043014526367e-01,5.658544898033142090e-01,2.619124948978424072e-01,-1.993236541748046875e-01
-5.265737697482109070e-02,5.570131912827491760e-02,8.392754197120666504e-01,-9.820505511015653610e-04,1.891924254596233368e-02,7.580741643905639648e-01,6.518931388854980469e-01,-8.127922564744949341e-02,-4.783204942941665649e-02,1.550926417112350464e-01,4.081158339977264404e-01,-3.710185885429382324e-01,1.318710893392562866e-01,-4.382353425025939941e-01,-1.395672112703323364e-01,-1.769164651632308960e-01,3.259837031364440918e-01,3.591895103454589844e-02,7.503223419189453125e-02,-1.838662624359130859e-01,-7.748694419860839844e-01,3.302348256111145020e-01,-6.154219508171081543e-01,1.154579639434814453e+00,2.604395747184753418e-01,-1.117887973785400391e+00,-5.608083009719848633e-01,6.262814402580261230e-01,4.045965969562530518e-01,-2.085935175418853760e-01
-4.804969206452369690e-02,6.926182657480239868e-02,8.375888466835021973e-01,4.660651087760925293e-03,2.450161799788475037e-02,7.679427862167358398e-01,6.400326490402221680e-01,-6.096220761537551880e-02,-6.666501611471176147e-02,1.203760430216789246e-01,3.993290960788726807e-01,-3.729273974895477295e-01,1.251297891139984131e-01,-4.123909771442413330e-01,-1.324966400861740112e-01,-1.296091675758361816e-01,2.495245784521102905e-01,5.896019190549850464e-02,8.596851676702499390e-02,-1.805520951747894287e-01,-8.926343321800231934e-01,2.898967266082763672e-01,-6.755464076995849609e-01,1.090054631233215332e+00,2.487835586071014404e-01,-1.083180069923400879e+00,-5.267249941825866699e-01,6.800644397735595703e-01,5.548961162567138672e-01,-1.963562071323394775e-01
-4.434183612465858459e-02,8.291096985340118408e-02,8.371155858039855957e-01,3.948361147195100784e-03,3.089626878499984741e-02,7.760866284370422363e-01,6.298565864562988281e-01,-5.508549511432647705e-02,-7.394681870937347412e-02,9.654557704925537109e-02,3.984262645244598389e-01,-3.699697256088256836e-01,1.141002252697944641e-01,-3.881183266639709473e-01,-1.247471719980239868e-01,-1.093181967735290527e-01,2.147854864597320557e-01,6.807775050401687622e-02,8.591209352016448975e-02,-1.755105704069137573e-01,-9.693713188171386719e-01,2.703543305397033691e-01,-7.097861170768737793e-01,1.039525985717773438e+00,2.497699856758117676e-01,-1.041001915931701660e+00,-5.039632916450500488e-01,7.056493759155273438e-01,6.430562138557434082e-01,-1.839923411607742310e-01
-4.069259762763977051e-02,9.813529253005981445e-02,8.380916118621826172e-01,-3.775805933400988579e-03,3.842685371637344360e-02,7.830082774162292480e-01,6.208117008209228516e-01,-6.419006735086441040e-02,-6.673292070627212524e-02,8.754131942987442017e-02,4.043630659580230713e-01,-3.600883483886718750e-01,1.012187823653221130e-01,-3.703958988189697266e-01,-1.126221269369125366e-01,-1.008899658918380737e-01,2.006291896104812622e-01,5.068000406026840210e-02,5.067245289683341980e-02,-1.536437720060348511e-01,-1.078348159790039062e+00,2.601610720157623291e-01,-7.330235838890075684e-01,9.589622616767883301e-01,2.490159720182418823e-01,-9.612883925437927246e-01,-4.661506712436676025e-01,7.298119664192199707e-01,8.014741539955139160e-01,-1.686994135379791260e-01
-3.531876951456069946e-02,1.096249148249626160e-01,8.396697640419006348e-01,-1.077101472765207291e-02,4.171770066022872925e-02,7.918896079063415527e-01,6.091423630714416504e-01,-6.894620507955551147e-02,-5.461559817194938660e-02,6.521460413932800293e-02,4.004007279872894287e-01,-3.497167229652404785e-01,7.701916247606277466e-02,-3.535085320472717285e-01,-1.052782461047172546e-01,-1.213061213493347168e-01,1.910459846258163452e-01,2.193462848663330078e-02,2.066391333937644958e-02,-1.274482011795043945e-01,-1.180920124053955078e+00,2.490691691637039185e-01,-7.624565958976745605e-01,8.149635195732116699e-01,2.449363768100738525e-01,-8.713862895965576172e-01,-4.242727458477020264e-01,7.175421714782714844e-01,9.838059544563293457e-01,-1.399786621332168579e-01
-3.247978165745735168e-02,1.215165033936500549e-01,8.418974280357360840e-01,-1.308831386268138885e-02,4.528895393013954163e-02,7.982847094535827637e-01,6.004324555397033691e-01,-7.936660945415496826e-02,-4.207003861665725708e-02,8.173600584268569946e-02,4.243916869163513184e-01,-3.107138276100158691e-01,6.717836111783981323e-02,-3.363768756389617920e-01,-1.081177368760108948e-01,-1.424259096384048462e-01,1.897913962602615356e-01,6.847547483630478382e-04,-4.383417312055826187e-03,-1.086274310946464539e-01,-1.242696762084960938e+00,2.593560218811035156e-01,-7.708490490913391113e-01,7.285128235816955566e-01,2.523335218429565430e-01,-8.134586811065673828e-01,-4.112309515476226807e-01,6.966801285743713379e-01,1.068174719810485840e+00,-1.267036795616149902e-01
-2.856720052659511566e-02,1.347313374280929565e-01,8.437466621398925781e-01,-1.521331723779439926e-02,5.013490095734596252e-02,8.025991320610046387e-01,5.942134857177734375e-01,-9.591089189052581787e-02,-2.328544855117797852e-02,1.156225800514221191e-01,4.603969156742095947e-01,-2.628933489322662354e-01,5.327587202191352844e-02,-3.232112228870391846e-01,-1.083203777670860291e-01,-1.534842550754547119e-01,1.903059780597686768e-01,-2.551929652690887451e-02,-1.742225512862205505e-02,-9.955869615077972412e-02,-1.276100039482116699e+00,2.732851505279541016e-01,-7.706061005592346191e-01,6.693208813667297363e-01,2.549196183681488037e-01,-7.892782688140869141e-01,-4.132682979106903076e-01,6.758988499641418457e-01,1.093358874320983887e+00,-1.126567944884300232e-01
-2.347174286842346191e-02,1.506842523813247681e-01,8.453888893127441406e-01,-1.546825468540191650e-02,5.979356169700622559e-02,8.030047416687011719e-01,5.927637219429016113e-01,-1.357993930578231812e-01,-3.176130820065736771e-03,1.667199730873107910e-01,5.408598184585571289e-01,-1.969085037708282471e-01,4.445398971438407898e-02,-3.191240727901458740e-01,-1.139631196856498718e-01,-1.593670994043350220e-01,2.001905292272567749e-01,-6.074216961860656738e-02,-2.903540059924125671e-02,-9.216843545436859131e-02,-1.285986900329589844e+00,2.896896600723266602e-01,-7.747543454170227051e-01,6.299468278884887695e-01,2.578920125961303711e-01,-8.138999342918395996e-01,-4.379287958145141602e-01,6.634858846664428711e-01,1.058934926986694336e+00,-8.813989162445068359e-02
-2.100374177098274231e-02,1.623171120882034302e-01,8.459723591804504395e-01,-1.261052023619413376e-02,6.785455346107482910e-02,7.995092868804931641e-01,5.966754555702209473e-01,-1.680954843759536743e-01,3.333148924866691232e-05,1.885829567909240723e-01,6.176413297653198242e-01,-2.220693379640579224e-01,5.310154706239700317e-02,-3.228137493133544922e-01,-1.210731565952301025e-01,-1.499007642269134521e-01,2.246897816658020020e-01,-9.093883633613586426e-02,-4.068715497851371765e-02,-9.008898586034774780e-02,-1.266225099563598633e+00,3.016741275787353516e-01,-7.791427373886108398e-01,6.307305097579956055e-01,2.576019167900085449e-01,-8.603137135505676270e-01,-4.669263958930969238e-01,6.627808213233947754e-01,9.992660880088806152e-01,-7.220712304115295410e-02
-2.094557136297225952e-02,1.698702424764633179e-01,8.449615240097045898e-01,-8.710058405995368958e-03,7.522165030241012573e-02,7.951025366783142090e-01,6.017290353775024414e-01,-1.949095726013183594e-01,8.109656162559986115e-03,2.129915356636047363e-01,7.171713709831237793e-01,-2.555508613586425781e-01,6.007378175854682922e-02,-3.341841995716094971e-01,-1.325193494558334351e-01,-1.353604197502136230e-01,2.592613399028778076e-01,-1.263195872306823730e-01,-4.864711314439773560e-02,-1.014821454882621765e-01,-1.219088196754455566e+00,3.059150874614715576e-01,-7.844591140747070312e-01,6.723045706748962402e-01,2.498250454664230347e-01,-9.471004009246826172e-01,-5.037183761596679688e-01,6.772438883781433105e-01,9.004873037338256836e-01,-5.854003876447677612e-02
-2.379663102328777313e-02,1.746676713228225708e-01,8.433109521865844727e-01,-4.566288087517023087e-03,8.270591497421264648e-02,7.884439826011657715e-01,6.095039248466491699e-01,-2.304557561874389648e-01,2.711424045264720917e-02,2.521262168884277344e-01,8.788128495216369629e-01,-2.669258713722229004e-01,6.316997110843658447e-02,-3.700489401817321777e-01,-1.489847451448440552e-01,-1.151577383279800415e-01,3.346147239208221436e-01,-1.592710763216018677e-01,-5.430236086249351501e-02,-1.305376440286636353e-01,-1.115450978279113770e+00,3.168420195579528809e-01,-7.859523892402648926e-01,7.981409430503845215e-01,2.154584825038909912e-01,-1.086612462997436523e+00,-5.665177702903747559e-01,6.909549832344055176e-01,6.915267705917358398e-01,-3.430533036589622498e-02
-2.643393166363239288e-02,1.713105887174606323e-01,8.402775526046752930e-01,3.591271524783223867e-04,8.556771278381347656e-02,7.845135927200317383e-01,6.141794919967651367e-01,-2.623888552188873291e-01,3.541858121752738953e-02,2.662316858768463135e-01,1.031577467918395996e+00,-2.817685008049011230e-01,6.072652339935302734e-02,-3.990806937217712402e-01,-1.599994748830795288e-01,-9.233271330595016479e-02,3.877666592597961426e-01,-1.803337931632995605e-01,-7.284802198410034180e-02,-1.557416617870330811e-01,-1.004537224769592285e+00,3.178579509258270264e-01,-7.582988739013671875e-01,9.132886528968811035e-01,2.156674563884735107e-01,-1.199779987335205078e+00,-5.916659235954284668e-01,6.835932731628417969e-01,5.790718197822570801e-01,-5.348406732082366943e-02
-3.128513321280479431e-02,1.720259338617324829e-01,8.368593454360961914e-01,1.696413848549127579e-03,8.687548339366912842e-02,7.797772884368896484e-01,6.199976801872253418e-01,-2.835187017917633057e-01,4.081632196903228760e-02,2.630842626094818115e-01,1.156690835952758789e+00,-2.986470162868499756e-01,6.013613939285278320e-02,-4.228396415710449219e-01,-1.642386317253112793e-01,-7.451374083757400513e-02,4.345382750034332275e-01,-2.039246708154678345e-01,-8.317600935697555542e-02,-1.701244264841079712e-01,-8.826532363891601562e-01,3.083056211471557617e-01,-7.141466736793518066e-01,1.022035717964172363e+00,2.064590007066726685e-01,-1.278002142906188965e+00,-6.046803593635559082e-01,6.734091639518737793e-01,5.022417902946472168e-01,-4.739718511700630188e-02
-3.457096591591835022e-02,1.755771040916442871e-01,8.341407179832458496e-01,2.072026487439870834e-03,8.854428678750991821e-02,7.755025029182434082e-01,6.251011490821838379e-01,-3.066467642784118652e-01,6.244086846709251404e-02,2.734585106372833252e-01,1.261283993721008301e+00,-3.167460858821868896e-01,7.289392501115798950e-02,-4.425393044948577881e-01,-1.680772453546524048e-01,-6.761571764945983887e-02,4.770699143409729004e-01,-2.225558012723922729e-01,-8.502119779586791992e-02,-1.804927885532379150e-01,-7.511941790580749512e-01,3.141379356384277344e-01,-6.548153758049011230e-01,1.133348226547241211e+00,2.196003496646881104e-01,-1.338051438331604004e+00,-6.246943473815917969e-01,6.628305315971374512e-01,4.313415288925170898e-01,-5.265671014785766602e-02
-3.601273521780967712e-02,1.766597330570220947e-01,8.324914574623107910e-01,3.055834444239735603e-03,8.720134943723678589e-02,7.715007066726684570e-01,6.302168369293212891e-01,-3.015489578247070312e-01,7.531642168760299683e-02,2.752335071563720703e-01,1.282173991203308105e+00,-3.162723183631896973e-01,8.155980706214904785e-02,-4.477476477622985840e-01,-1.651077121496200562e-01,-6.438631564378738403e-02,4.938276708126068115e-01,-2.287986129522323608e-01,-7.995456457138061523e-02,-1.876466870307922363e-01,-6.478249430656433105e-01,3.220853209495544434e-01,-6.172973513603210449e-01,1.198735117912292480e+00,2.368787229061126709e-01,-1.350039839744567871e+00,-6.357918977737426758e-01,6.560516357421875000e-01,3.834082782268524170e-01,-6.380998343229293823e-02
-3.916002437472343445e-02,1.801085770130157471e-01,8.324601650238037109e-01,2.645134227350354195e-03,8.589766919612884521e-02,7.670249342918395996e-01,6.358359456062316895e-01,-2.995745837688446045e-01,9.525378793478012085e-02,2.878831624984741211e-01,1.288067936897277832e+00,-3.255917131900787354e-01,1.032017469406127930e-01,-4.503466486930847168e-01,-1.683160811662673950e-01,-7.952512055635452271e-02,5.089831352233886719e-01,-2.248309105634689331e-01,-6.465788185596466064e-02,-2.005635648965835571e-01,-5.210977792739868164e-01,3.335928320884704590e-01,-5.559950470924377441e-01,1.296392202377319336e+00,2.522237002849578857e-01,-1.353175759315490723e+00,-6.579565405845642090e-01,6.461742520332336426e-01,2.998118102550506592e-01,-6.507266312837600708e-02
-4.813816770911216736e-02,1.830866932868957520e-01,8.343647122383117676e-01,2.788786659948527813e-04,8.361471444368362427e-02,7.621634006500244141e-01,6.419621706008911133e-01,-2.836161851882934570e-01,9.459406882524490356e-02,2.849524915218353271e-01,1.224198341369628906e+00,-3.324799835681915283e-01,1.160300448536872864e-01,-4.398930072784423828e-01,-1.729575991630554199e-01,-9.164832532405853271e-02,4.944437444210052490e-01,-2.121957391500473022e-01,-4.650661721825599670e-02,-2.084182947874069214e-01,-4.255771636962890625e-01,3.460308015346527100e-01,-5.113067030906677246e-01,1.367991685867309570e+00,2.814325094223022461e-01,-1.315327882766723633e+00,-6.777842640876770020e-01,6.304936408996582031e-01,2.319634556770324707e-01,-6.340873241424560547e-02
-4.968997836112976074e-02,1.831396967172622681e-01,8.376345038414001465e-01,-3.158395993523299694e-04,8.092412352561950684e-02,7.579262256622314453e-01,6.473013162612915039e-01,-2.516683340072631836e-01,7.946941256523132324e-02,2.702360153198242188e-01,1.110269784927368164e+00,-3.306511640548706055e-01,1.176363751292228699e-01,-4.251621961593627930e-01,-1.663988828659057617e-01,-9.863086789846420288e-02,4.672629535198211670e-01,-1.835982352495193481e-01,-1.967354305088520050e-02,-2.141548097133636475e-01,-3.526252508163452148e-01,3.507387340068817139e-01,-4.917728602886199951e-01,1.398587703704833984e+00,3.071103394031524658e-01,-1.259057044982910156e+00,-6.935922503471374512e-01,6.223076581954956055e-01,1.885053962469100952e-01,-7.773744314908981323e-02
-5.178941413760185242e-02,1.781741827726364136e-01,8.419197797775268555e-01,8.461132529191672802e-04,7.688605040311813354e-02,7.536731362342834473e-01,6.527363061904907227e-01,-2.190080732107162476e-01,5.318087339401245117e-02,2.439431101083755493e-01,9.720326066017150879e-01,-3.216975033283233643e-01,1.157754063606262207e-01,-4.080297648906707764e-01,-1.591701656579971313e-01,-9.789235889911651611e-02,4.289808273315429688e-01,-1.403475850820541382e-01,1.537151448428630829e-02,-2.159003168344497681e-01,-2.908885776996612549e-01,3.521669209003448486e-01,-4.782872498035430908e-01,1.409826397895812988e+00,3.282313048839569092e-01,-1.163027167320251465e+00,-7.019897103309631348e-01,6.090312600135803223e-01,1.732065826654434204e-01,-7.880690693855285645e-02
-5.522455647587776184e-02,1.699509918689727783e-01,8.458463549613952637e-01,8.981277351267635822e-04,7.230298966169357300e-02,7.498974800109863281e-01,6.575904488563537598e-01,-1.808174252510070801e-01,2.188008651137351990e-02,2.152646780014038086e-01,8.150177597999572754e-01,-3.116292655467987061e-01,1.068537235260009766e-01,-3.911804258823394775e-01,-1.521671861410140991e-01,-9.941101074218750000e-02,3.806619346141815186e-01,-9.245856106281280518e-02,4.862142726778984070e-02,-2.180710881948471069e-01,-2.500084042549133301e-01,3.567579984664916992e-01,-4.688073992729187012e-01,1.405077934265136719e+00,3.318771123886108398e-01,-1.054321527481079102e+00,-7.148892283439636230e-01,6.054240465164184570e-01,1.830355226993560791e-01,-9.206084161996841431e-02
-6.042839586734771729e-02,1.598979234695434570e-01,8.492683768272399902e-01,5.894338246434926987e-04,6.739288568496704102e-02,7.492950558662414551e-01,6.587979793548583984e-01,-1.395283937454223633e-01,-1.005787029862403870e-02,1.785529851913452148e-01,6.940057277679443359e-01,-2.977432906627655029e-01,1.002101376652717590e-01,-3.751604259014129639e-01,-1.500181406736373901e-01,-1.025623679161071777e-01,3.327567577362060547e-01,-4.348158463835716248e-02,7.882356643676757812e-02,-2.152101695537567139e-01,-2.358227819204330444e-01,3.570942580699920654e-01,-4.652494192123413086e-01,1.390877962112426758e+00,3.330814540386199951e-01,-9.288808107376098633e-01,-7.199922204017639160e-01,6.104581356048583984e-01,2.252251803874969482e-01,-1.027409583330154419e-01
-6.427723169326782227e-02,1.466784626245498657e-01,8.518481850624084473e-01,9.806364541873335838e-04,6.300062686204910278e-02,7.493854165077209473e-01,6.591293215751647949e-01,-1.061162203550338745e-01,-3.417559713125228882e-02,1.524048149585723877e-01,6.037083864212036133e-01,-2.986522316932678223e-01,9.733821451663970947e-02,-3.662358820438385010e-01,-1.492538154125213623e-01,-1.073596850037574768e-01,2.917163968086242676e-01,5.805583670735359192e-03,1.017197072505950928e-01,-2.181614637374877930e-01,-2.330750524997711182e-01,3.605713844299316406e-01,-4.779569804668426514e-01,1.368751525878906250e+00,3.274321258068084717e-01,-8.277124166488647461e-01,-7.113938331604003906e-01,6.101701855659484863e-01,2.722733318805694580e-01,-1.181084737181663513e-01
-6.931263208389282227e-02,1.214511245489120483e-01,8.534943461418151855e-01,5.380053538829088211e-03,5.594453215599060059e-02,7.517098188400268555e-01,6.570948362350463867e-01,-6.523459404706954956e-02,-6.547865271568298340e-02,1.184248551726341248e-01,5.084377527236938477e-01,-3.346145153045654297e-01,9.903989732265472412e-02,-3.546001911163330078e-01,-1.529481559991836548e-01,-1.043854355812072754e-01,2.324912995100021362e-01,7.894796133041381836e-02,1.222191900014877319e-01,-2.180466800928115845e-01,-2.560821771621704102e-01,3.660266697406768799e-01,-4.878963828086853027e-01,1.324557662010192871e+00,3.117418289184570312e-01,-6.731731295585632324e-01,-6.866321563720703125e-01,6.274307370185852051e-01,3.868094980716705322e-01,-1.392485946416854858e-01
-7.579025626182556152e-02,1.001362428069114685e-01,8.544070720672607422e-01,9.122529067099094391e-03,4.977659881114959717e-02,7.534218430519104004e-01,6.555871963500976562e-01,-4.209154471755027771e-02,-9.025195240974426270e-02,9.153094142675399780e-02,4.536636173725128174e-01,-3.591347038745880127e-01,1.046163216233253479e-01,-3.503608107566833496e-01,-1.582591682672500610e-01,-9.646866470575332642e-02,1.970855444669723511e-01,1.374306231737136841e-01,1.410166770219802856e-01,-2.202427536249160767e-01,-2.839994132518768311e-01,3.710312247276306152e-01,-5.054668188095092773e-01,1.279918313026428223e+00,3.086874485015869141e-01,-5.574907660484313965e-01,-6.465905904769897461e-01,6.433761119842529297e-01,5.112977027893066406e-01,-1.578605324029922485e-01
-7.992210984230041504e-02,8.131388574838638306e-02,8.547279238700866699e-01,1.551706157624721527e-02,4.301967471837997437e-02,7.523543834686279297e-01,6.571692228317260742e-01,-1.676381938159465790e-02,-1.103063225746154785e-01,5.971984192728996277e-02,4.015968441963195801e-01,-3.759809136390686035e-01,1.037755832076072693e-01,-3.419142961502075195e-01,-1.623049229383468628e-01,-9.336676448583602905e-02,1.604058742523193359e-01,2.057950943708419800e-01,1.574576348066329956e-01,-2.073913961648941040e-01,-3.311481177806854248e-01,3.851402103900909424e-01,-5.320598483085632324e-01,1.215178489685058594e+00,3.190009891986846924e-01,-4.536999464035034180e-01,-5.677614808082580566e-01,6.458601355552673340e-01,7.372602820396423340e-01,-2.044598013162612915e-01
-8.591383695602416992e-02,6.679587066173553467e-02,8.551731705665588379e-01,1.964830607175827026e-02,3.655705973505973816e-02,7.507889866828918457e-01,6.592370271682739258e-01,-4.689379129558801651e-03,-1.207154095172882080e-01,5.175998434424400330e-02,3.730258047580718994e-01,-3.811827003955841064e-01,1.082319244742393494e-01,-3.523662984371185303e-01,-1.758453249931335449e-01,-1.213322058320045471e-01,1.590392887592315674e-01,2.314918786287307739e-01,1.596622169017791748e-01,-2.041664719581604004e-01,-3.780805766582489014e-01,4.036123454570770264e-01,-5.465683341026306152e-01,1.156018853187561035e+00,3.176093399524688721e-01,-3.895453512668609619e-01,-5.307105183601379395e-01,6.492524147033691406e-01,8.391776680946350098e-01,-2.303101420402526855e-01
-9.022427350282669067e-02,5.578783154487609863e-02,8.560786247253417969e-01,1.846283115446567535e-02,3.074842132627964020e-02,7.490003705024719238e-01,6.615981459617614746e-01,-2.987833460792899132e-03,-1.177788078784942627e-01,5.241540446877479553e-02,3.545669317245483398e-01,-3.856062889099121094e-01,1.089684516191482544e-01,-3.638738095760345459e-01,-1.865626573562622070e-01,-1.600831747055053711e-01,1.654267311096191406e-01,1.824994832277297974e-01,1.492635756731033325e-01,-1.997985839843750000e-01,-4.328489303588867188e-01,4.256171584129333496e-01,-5.551516413688659668e-01,1.095529317855834961e+00,3.053023517131805420e-01,-3.334299921989440918e-01,-4.983545541763305664e-01,6.347103118896484375e-01,9.295188188552856445e-01,-2.369694709777832031e-01
-8.948493003845214844e-02,4.225625842809677124e-02,8.573386669158935547e-01,1.758203469216823578e-02,2.469548210501670837e-02,7.455047965049743652e-01,6.658104658126831055e-01,-9.082059375941753387e-03,-1.049552485346794128e-01,6.139786913990974426e-02,3.446476161479949951e-01,-3.902655541896820068e-01,1.116597875952720642e-01,-3.794251084327697754e-01,-1.984679996967315674e-01,-1.862467825412750244e-01,1.957906633615493774e-01,1.528142392635345459e-01,1.332964301109313965e-01,-1.863523423671722412e-01,-5.003774762153625488e-01,4.643604159355163574e-01,-5.648100376129150391e-01,1.011064052581787109e+00,3.131833970546722412e-01,-2.838855981826782227e-01,-4.580174088478088379e-01,6.029826402664184570e-01,1.045740604400634766e+00,-2.571064531803131104e-01
-8.834008872509002686e-02,2.603015676140785217e-02,8.589712977409362793e-01,1.147875003516674042e-02,1.818842068314552307e-02,7.415904998779296875e-01,6.705079674720764160e-01,-2.177277393639087677e-02,-8.209645003080368042e-02,7.314788550138473511e-02,3.244246542453765869e-01,-4.002694189548492432e-01,1.148192360997200012e-01,-3.962510824203491211e-01,-2.064331024885177612e-01,-2.061205953359603882e-01,2.517356574535369873e-01,1.268860846757888794e-01,1.130621135234832764e-01,-1.756912916898727417e-01,-5.648868680000305176e-01,5.169288516044616699e-01,-5.711957216262817383e-01,8.925690650939941406e-01,3.279422819614410400e-01,-2.331275939941406250e-01,-4.255018234252929688e-01,5.602087378501892090e-01,1.139914393424987793e+00,-2.703674733638763428e-01
-8.643164485692977905e-02,1.255847886204719543e-02,8.612349033355712891e-01,3.426768351346254349e-03,1.388717908412218094e-02,7.363863587379455566e-01,6.764100193977355957e-01,-3.910038620233535767e-02,-5.730907991528511047e-02,8.627675473690032959e-02,3.084278404712677002e-01,-4.008436501026153564e-01,1.170662939548492432e-01,-4.103247821331024170e-01,-2.022717148065567017e-01,-2.209510058164596558e-01,3.333699107170104980e-01,9.693275392055511475e-02,9.808920323848724365e-02,-1.662464141845703125e-01,-6.189092397689819336e-01,5.675391554832458496e-01,-5.696791410446166992e-01,8.074308633804321289e-01,3.359189927577972412e-01,-1.813213378190994263e-01,-4.018953442573547363e-01,5.290106534957885742e-01,1.195434331893920898e+00,-2.664039433002471924e-01
-8.591359108686447144e-02,-4.605333786457777023e-03,8.641163706779479980e-01,-5.607169587165117264e-03,8.024891838431358337e-03,7.271396517753601074e-01,6.864197254180908203e-01,-6.604806333780288696e-02,-2.806892246007919312e-02,1.023426577448844910e-01,3.055374622344970703e-01,-3.934397697448730469e-01,1.215696111321449280e-01,-4.189600348472595215e-01,-1.896281838417053223e-01,-2.248627096414566040e-01,4.519555866718292236e-01,5.790153518319129944e-02,8.361215889453887939e-02,-1.508494168519973755e-01,-6.764311194419860840e-01,6.300221681594848633e-01,-5.614910721778869629e-01,7.278500795364379883e-01,3.475225567817687988e-01,-1.222355142235755920e-01,-3.839769959449768066e-01,5.092809796333312988e-01,1.237421035766601562e+00,-2.603157162666320801e-01
-8.622134476900100708e-02,-1.458947174251079559e-02,8.653273582458496094e-01,-1.291419193148612976e-02,6.615127436816692352e-03,7.225543260574340820e-01,6.911618709564208984e-01,-9.277087450027465820e-02,-1.114390138536691666e-02,1.121312379837036133e-01,3.132010698318481445e-01,-3.895867168903350830e-01,1.270182132720947266e-01,-4.175733923912048340e-01,-1.813162416219711304e-01,-2.238528132438659668e-01,5.274136662483215332e-01,2.435399405658245087e-02,6.650389730930328369e-02,-1.410078257322311401e-01,-7.079750299453735352e-01,6.596383452415466309e-01,-5.563338994979858398e-01,6.957945823669433594e-01,3.428676426410675049e-01,-7.388609647750854492e-02,-3.708896040916442871e-01,4.868948161602020264e-01,1.281980514526367188e+00,-2.453933209180831909e-01
-8.278955519199371338e-02,-2.338445931673049927e-02,8.656744360923767090e-01,-1.759418658912181854e-02,5.801009945571422577e-03,7.177655100822448730e-01,6.960384249687194824e-01,-1.173864006996154785e-01,6.808144040405750275e-03,1.195413693785667419e-01,3.273510634899139404e-01,-3.885379433631896973e-01,1.309376806020736694e-01,-4.114634394645690918e-01,-1.693416088819503784e-01,-2.145396769046783447e-01,6.149194836616516113e-01,-8.984083309769630432e-03,4.976165667176246643e-02,-1.306934058666229248e-01,-7.331161499023437500e-01,6.817426681518554688e-01,-5.513238906860351562e-01,6.714249849319458008e-01,3.453503251075744629e-01,-2.724040858447551727e-02,-3.596505224704742432e-01,4.723550081253051758e-01,1.319433569908142090e+00,-2.318552881479263306e-01
-8.002308011054992676e-02,-3.323511406779289246e-02,8.654558658599853516e-01,-2.139985375106334686e-02,3.812626237049698830e-03,7.123460769653320312e-01,7.014917135238647461e-01,-1.437204331159591675e-01,2.478535287082195282e-02,1.235007122159004211e-01,3.496782183647155762e-01,-3.887835741043090820e-01,1.312272399663925171e-01,-4.120116531848907471e-01,-1.565633863210678101e-01,-2.047707289457321167e-01,7.372106909751892090e-01,-4.634892195463180542e-02,4.360378533601760864e-02,-1.203722581267356873e-01,-7.579374909400939941e-01,7.035962939262390137e-01,-5.412889122962951660e-01,6.497204899787902832e-01,3.394461572170257568e-01,1.737186126410961151e-02,-3.529721796512603760e-01,4.640354216098785400e-01,1.343514323234558105e+00,-2.264940142631530762e-01
-7.789557427167892456e-02,-4.521621018648147583e-02,8.651263713836669922e-01,-2.462780103087425232e-02,-8.428128239756915718e-06,7.067868709564208984e-01,7.069977521896362305e-01,-1.706231236457824707e-01,4.453588649630546570e-02,1.260842233896255493e-01,3.751735389232635498e-01,-3.859892785549163818e-01,1.279010176658630371e-01,-4.052938818931579590e-01,-1.305500268936157227e-01,-1.886553019285202026e-01,8.946813941001892090e-01,-7.036761194467544556e-02,5.048004537820816040e-02,-1.106828376650810242e-01,-7.745316028594970703e-01,7.263690233230590820e-01,-5.378197431564331055e-01,6.348267197608947754e-01,3.406671881675720215e-01,6.838249415159225464e-02,-3.489317297935485840e-01,4.589861631393432617e-01,1.352918386459350586e+00,-2.365566343069076538e-01
-7.591111212968826294e-02,-5.129710212349891663e-02,8.638125658035278320e-01,-2.663634717464447021e-02,-2.976382093038409948e-04,7.041139006614685059e-01,7.095872759819030762e-01,-1.897781044244766235e-01,5.413309484720230103e-02,1.279252320528030396e-01,3.929340541362762451e-01,-3.898127377033233643e-01,1.333678960800170898e-01,-3.929404020309448242e-01,-1.178193315863609314e-01,-1.818954199552536011e-01,9.567801356315612793e-01,-7.399613410234451294e-02,5.558004230260848999e-02,-1.061552241444587708e-01,-7.735881209373474121e-01,7.343005537986755371e-01,-5.393030047416687012e-01,6.303843259811401367e-01,3.302440643310546875e-01,9.860695153474807739e-02,-3.468506336212158203e-01,4.514317214488983154e-01,1.363749623298645020e+00,-2.231034636497497559e-01
-7.304309308528900146e-02,-5.823496356606483459e-02,8.635530471801757812e-01,-2.783025614917278290e-02,1.365027856081724167e-03,7.007082104682922363e-01,7.129036188125610352e-01,-2.077242285013198853e-01,6.147777661681175232e-02,1.333178579807281494e-01,4.019878804683685303e-01,-3.818110227584838867e-01,1.363003402948379517e-01,-3.727251589298248291e-01,-1.011184826493263245e-01,-1.720487624406814575e-01,9.951035976409912109e-01,-7.740683108568191528e-02,6.721088290214538574e-02,-9.979623556137084961e-02,-7.622994780540466309e-01,7.395628094673156738e-01,-5.462743043899536133e-01,6.325827240943908691e-01,3.269754052162170410e-01,1.134047955274581909e-01,-3.476219773292541504e-01,4.487459063529968262e-01,1.368653774261474609e+00,-2.237398773431777954e-01
-7.011307030916213989e-02,-6.291218847036361694e-02,8.644106388092041016e-01,-2.892116457223892212e-02,4.977715201675891876e-03,6.970226168632507324e-01,7.164483666419982910e-01,-2.186285406351089478e-01,6.567595154047012329e-02,1.416100114583969116e-01,3.974246382713317871e-01,-3.666503429412841797e-01,1.357190012931823730e-01,-3.461906015872955322e-01,-8.483719080686569214e-02,-1.657283455133438110e-01,9.921305179595947266e-01,-8.117676526308059692e-02,7.867345213890075684e-02,-9.554248303174972534e-02,-7.394161820411682129e-01,7.387949228286743164e-01,-5.556822419166564941e-01,6.478026509284973145e-01,3.203238546848297119e-01,1.146350353956222534e-01,-3.494390845298767090e-01,4.507389962673187256e-01,1.366723418235778809e+00,-2.242475003004074097e-01
-6.728981435298919678e-02,-6.608112156391143799e-02,8.663550019264221191e-01,-3.023632615804672241e-02,9.593641385436058044e-03,6.917387247085571289e-01,7.214508056640625000e-01,-2.243972271680831909e-01,6.919892132282257080e-02,1.525925546884536743e-01,3.842673599720001221e-01,-3.454390168190002441e-01,1.351807713508605957e-01,-3.118946552276611328e-01,-6.613571196794509888e-02,-1.572774946689605713e-01,9.531878829002380371e-01,-8.621612936258316040e-02,8.855292946100234985e-02,-8.811940252780914307e-02,-6.991396546363830566e-01,7.313619852066040039e-01,-5.699340701103210449e-01,6.708207130432128906e-01,3.169577419757843018e-01,1.059025153517723083e-01,-3.548990786075592041e-01,4.591950774192810059e-01,1.355437517166137695e+00,-2.261572629213333130e-01
-6.481795758008956909e-02,-7.185722142457962036e-02,8.690308332443237305e-01,-3.082619793713092804e-02,1.349104475229978561e-02,6.884497404098510742e-01,7.245030403137207031e-01,-2.307975143194198608e-01,7.104169577360153198e-02,1.620944291353225708e-01,3.667153716087341309e-01,-3.147346377372741699e-01,1.280845701694488525e-01,-2.770740985870361328e-01,-5.006606131792068481e-02,-1.511829197406768799e-01,8.908400535583496094e-01,-9.664417803287506104e-02,9.486772119998931885e-02,-8.221437782049179077e-02,-6.619477868080139160e-01,7.235268950462341309e-01,-5.845291018486022949e-01,6.942948698997497559e-01,3.225542604923248291e-01,8.916509896516799927e-02,-3.643513917922973633e-01,4.715463519096374512e-01,1.338771104812622070e+00,-2.295186072587966919e-01
-6.545949727296829224e-02,-7.606174796819686890e-02,8.716582059860229492e-01,-3.192162141203880310e-02,2.086563967168331146e-02,6.829180717468261719e-01,7.294988036155700684e-01,-2.326702177524566650e-01,6.480793654918670654e-02,1.815915405750274658e-01,3.335442543029785156e-01,-2.837074995040893555e-01,1.272891610860824585e-01,-2.238911539316177368e-01,-3.160141780972480774e-02,-1.487033367156982422e-01,7.881768345832824707e-01,-1.056801229715347290e-01,9.058164060115814209e-02,-7.817418873310089111e-02,-5.999727249145507812e-01,6.998139023780822754e-01,-6.035255789756774902e-01,7.612784504890441895e-01,3.280058801174163818e-01,6.023322790861129761e-02,-3.734420537948608398e-01,4.769179821014404297e-01,1.314695596694946289e+00,-2.198378890752792358e-01
-6.391686946153640747e-02,-8.193378150463104248e-02,8.740683197975158691e-01,-3.148285299539566040e-02,2.572556585073471069e-02,6.810144782066345215e-01,7.311403751373291016e-01,-2.371010929346084595e-01,6.018467992544174194e-02,1.897994875907897949e-01,3.102874159812927246e-01,-2.497305124998092651e-01,1.194492653012275696e-01,-1.786331385374069214e-01,-1.424574572592973709e-02,-1.325126290321350098e-01,6.868568062782287598e-01,-1.186367571353912354e-01,8.395794034004211426e-02,-7.424678653478622437e-02,-5.533249378204345703e-01,6.811379194259643555e-01,-6.125639081001281738e-01,8.097280263900756836e-01,3.327862024307250977e-01,3.421711176633834839e-02,-3.849499225616455078e-01,4.881690144538879395e-01,1.292290806770324707e+00,-2.183730304241180420e-01
-6.310085952281951904e-02,-8.294677734375000000e-02,8.754293322563171387e-01,-3.174993395805358887e-02,3.694783523678779602e-02,6.764202117919921875e-01,7.349030375480651855e-01,-2.473787069320678711e-01,4.792684689164161682e-02,2.035745829343795776e-01,2.923698425292968750e-01,-2.205553650856018066e-01,1.120635569095611572e-01,-1.169764548540115356e-01,-8.571210317313671112e-03,-1.209924519062042236e-01,5.441091060638427734e-01,-1.418988108634948730e-01,6.063060462474822998e-02,-6.770727783441543579e-02,-4.894731938838958740e-01,6.436801552772521973e-01,-6.161711215972900391e-01,9.055477976799011230e-01,3.211867511272430420e-01,1.023508011712692678e-04,-3.898593485355377197e-01,4.928337633609771729e-01,1.264008879661560059e+00,-1.921360194683074951e-01
-6.376787275075912476e-02,-8.709062635898590088e-02,8.763945698738098145e-01,-3.236522153019905090e-02,4.435752332210540771e-02,6.713484525680541992e-01,7.391049861907958984e-01,-2.606493234634399414e-01,4.019413143396377563e-02,2.085681557655334473e-01,2.832353115081787109e-01,-1.962579190731048584e-01,9.869375824928283691e-02,-7.201358675956726074e-02,-6.591137498617172241e-03,-1.188145950436592102e-01,4.295943975448608398e-01,-1.964907050132751465e-01,2.339464984834194183e-02,-5.741765722632408142e-02,-4.316943585872650146e-01,6.108061075210571289e-01,-6.150479912757873535e-01,9.822124838829040527e-01,3.087778985500335693e-01,-3.380043432116508484e-02,-3.989110589027404785e-01,5.041017532348632812e-01,1.234960556030273438e+00,-1.756709367036819458e-01
-6.109956279397010803e-02,-8.992146700620651245e-02,8.769919872283935547e-01,-3.167504072189331055e-02,5.042357742786407471e-02,6.664567589759826660e-01,7.431618571281433105e-01,-2.697887122631072998e-01,3.598818928003311157e-02,2.065608054399490356e-01,2.784996628761291504e-01,-1.774977594614028931e-01,8.802343159914016724e-02,-3.828199207782745361e-02,-4.583563189953565598e-03,-1.135232597589492798e-01,3.390291929244995117e-01,-2.326025068759918213e-01,9.514694102108478546e-04,-4.428303241729736328e-02,-3.701696395874023438e-01,5.718982815742492676e-01,-6.014764308929443359e-01,1.057781934738159180e+00,2.942905426025390625e-01,-6.943564862012863159e-02,-4.038950800895690918e-01,5.120989084243774414e-01,1.213431239128112793e+00,-1.618983596563339233e-01
-5.907482281327247620e-02,-9.229490160942077637e-02,8.777930736541748047e-01,-3.049597330391407013e-02,5.218182131648063660e-02,6.651350259780883789e-01,7.442731261253356934e-01,-2.757290899753570557e-01,3.481178358197212219e-02,2.059734165668487549e-01,2.769553661346435547e-01,-1.584998667240142822e-01,7.677462697029113770e-02,-1.786900125443935394e-02,-2.115709939971566200e-03,-1.122210249304771423e-01,2.892940938472747803e-01,-2.406400293111801147e-01,-1.020724419504404068e-02,-3.401147201657295227e-02,-3.142440617084503174e-01,5.372350215911865234e-01,-5.857421159744262695e-01,1.115283012390136719e+00,2.891789078712463379e-01,-1.044803932309150696e-01,-4.096117913722991943e-01,5.201480984687805176e-01,1.195826768875122070e+00,-1.625903844833374023e-01
-5.981355533003807068e-02,-9.339492022991180420e-02,8.779216408729553223e-01,-3.202338889241218567e-02,5.473391711711883545e-02,6.625695228576660156e-01,7.463111877441406250e-01,-2.834062278270721436e-01,3.107016161084175110e-02,2.045513987541198730e-01,2.661960422992706299e-01,-1.466618925333023071e-01,6.852968782186508179e-02,-3.896736598107963800e-04,-5.286220693960785866e-04,-1.080518960952758789e-01,2.342037707567214966e-01,-2.456065118312835693e-01,-1.595641113817691803e-02,-2.071193978190422058e-02,-2.471810281276702881e-01,4.853448271751403809e-01,-5.490081310272216797e-01,1.190313339233398438e+00,2.619585990905761719e-01,-1.394538879394531250e-01,-4.080396890640258789e-01,5.217629671096801758e-01,1.189020395278930664e+00,-1.516252458095550537e-01
-5.873779952526092529e-02,-9.766270220279693604e-02,8.783291578292846680e-01,-3.164270147681236267e-02,5.429136380553245544e-02,6.614710688591003418e-01,7.473334074020385742e-01,-2.913908064365386963e-01,2.946072071790695190e-02,1.975369304418563843e-01,2.626962661743164062e-01,-1.381179988384246826e-01,6.100363284349441528e-02,-9.722644608700647950e-05,3.211828181520104408e-03,-1.057349890470504761e-01,2.228738963603973389e-01,-2.437786012887954712e-01,-2.510352805256843567e-02,-6.204345263540744781e-03,-1.904872655868530273e-01,4.363480210304260254e-01,-5.058923959732055664e-01,1.249075412750244141e+00,2.373340576887130737e-01,-1.712734550237655640e-01,-4.059270322322845459e-01,5.226702690124511719e-01,1.187255859375000000e+00,-1.489708870649337769e-01
-5.889755114912986755e-02,-1.041928604245185852e-01,8.784094452857971191e-01,-3.064122237265110016e-02,5.279690027236938477e-02,6.623458266258239746e-01,7.467072010040283203e-01,-2.982385754585266113e-01,2.877365611493587494e-02,1.875319629907608032e-01,2.668131291866302490e-01,-1.333451718091964722e-01,5.622262507677078247e-02,-8.720608428120613098e-03,4.077959340065717697e-03,-1.090986654162406921e-01,2.303872853517532349e-01,-2.451765835285186768e-01,-3.253052756190299988e-02,9.880449622869491577e-03,-1.414076685905456543e-01,3.912865817546844482e-01,-4.647794067859649658e-01,1.298991084098815918e+00,2.184400409460067749e-01,-1.952707469463348389e-01,-4.032426774501800537e-01,5.225802659988403320e-01,1.186388373374938965e+00,-1.476388275623321533e-01
-5.989357829093933105e-02,-1.112566217780113220e-01,8.786503076553344727e-01,-2.886696718633174896e-02,5.228545516729354858e-02,6.633749604225158691e-01,7.458998560905456543e-01,-3.071721792221069336e-01,3.058551624417304993e-02,1.826420277357101440e-01,2.924468517303466797e-01,-1.380864828824996948e-01,5.669568851590156555e-02,-2.583938837051391602e-02,-1.118618063628673553e-03,-1.168230026960372925e-01,2.536423802375793457e-01,-2.482229173183441162e-01,-3.413704037666320801e-02,2.446793206036090851e-02,-9.222164005041122437e-02,3.581896424293518066e-01,-4.364079535007476807e-01,1.340128779411315918e+00,2.127740234136581421e-01,-2.154348641633987427e-01,-3.998003005981445312e-01,5.172773599624633789e-01,1.184782266616821289e+00,-1.449341773986816406e-01
-6.192909181118011475e-02,-1.188989579677581787e-01,8.787664175033569336e-01,-2.766174823045730591e-02,5.161298066377639771e-02,6.661477088928222656e-01,7.435174584388732910e-01,-3.174220323562622070e-01,3.342592716217041016e-02,1.821624934673309326e-01,3.316361010074615479e-01,-1.513852328062057495e-01,6.674942374229431152e-02,-4.941552877426147461e-02,-7.493562065064907074e-03,-1.244538500905036926e-01,2.877651751041412354e-01,-2.503702044486999512e-01,-3.759883344173431396e-02,3.478253260254859924e-02,-4.548154026269912720e-02,3.305534124374389648e-01,-4.092723131179809570e-01,1.380612254142761230e+00,2.189014405012130737e-01,-2.317713350057601929e-01,-3.948602080345153809e-01,5.146151185035705566e-01,1.186123728752136230e+00,-1.450683623552322388e-01
-6.261039525270462036e-02,-1.267886310815811157e-01,8.788536190986633301e-01,-2.402558363974094391e-02,5.347718670964241028e-02,6.697151064872741699e-01,7.403003573417663574e-01,-3.306566178798675537e-01,3.559067472815513611e-02,1.820854544639587402e-01,3.876924812793731689e-01,-1.694967001676559448e-01,7.661548256874084473e-02,-7.245659083127975464e-02,-2.217930741608142853e-02,-1.391723155975341797e-01,3.220108747482299805e-01,-2.570534944534301758e-01,-3.739975020289421082e-02,5.149581655859947205e-02,5.122216884046792984e-03,3.100054860115051270e-01,-3.886137902736663818e-01,1.414163112640380859e+00,2.236880064010620117e-01,-2.404441088438034058e-01,-3.879171907901763916e-01,5.104327797889709473e-01,1.189210295677185059e+00,-1.358315944671630859e-01
-6.116135045886039734e-02,-1.377257853746414185e-01,8.789985179901123047e-01,-1.891765370965003967e-02,5.346770584583282471e-02,6.726970672607421875e-01,7.377411127090454102e-01,-3.369042277336120605e-01,3.779042884707450867e-02,1.691846251487731934e-01,4.512285292148590088e-01,-1.932694315910339355e-01,9.146087616682052612e-02,-9.908323734998703003e-02,-3.519446030259132385e-02,-1.584773957729339600e-01,3.668738305568695068e-01,-2.583965659141540527e-01,-3.755495697259902954e-02,7.044921070337295532e-02,6.395994126796722412e-02,2.901326119899749756e-01,-3.633137643337249756e-01,1.451238989830017090e+00,2.369757890701293945e-01,-2.445985674858093262e-01,-3.796394169330596924e-01,5.004740953445434570e-01,1.189059615135192871e+00,-1.227512806653976440e-01
-6.026809290051460266e-02,-1.460637897253036499e-01,8.791046738624572754e-01,-1.569568365812301636e-02,5.335897207260131836e-02,6.775943636894226074e-01,7.333296537399291992e-01,-3.475069999694824219e-01,3.783599659800529480e-02,1.605267077684402466e-01,5.042159557342529297e-01,-2.061330229043960571e-01,9.953164309263229370e-02,-1.139407306909561157e-01,-4.554173722863197327e-02,-1.792191565036773682e-01,3.906486034393310547e-01,-2.595805823802947998e-01,-3.931890055537223816e-02,8.667286485433578491e-02,1.131337434053421021e-01,2.760410308837890625e-01,-3.327105641365051270e-01,1.480600237846374512e+00,2.261815220117568970e-01,-2.426766008138656616e-01,-3.755422532558441162e-01,4.874532818794250488e-01,1.189221262931823730e+00,-9.525104612112045288e-02
-6.056911125779151917e-02,-1.506065875291824341e-01,8.792296648025512695e-01,-1.550485566258430481e-02,5.372389778494834900e-02,6.800892949104309082e-01,7.309938073158264160e-01,-3.447112441062927246e-01,3.512012213468551636e-02,1.518929302692413330e-01,5.187357068061828613e-01,-2.200133800506591797e-01,1.017625480890274048e-01,-1.195352002978324890e-01,-4.999253153800964355e-02,-1.924591213464736938e-01,3.917563557624816895e-01,-2.590735554695129395e-01,-3.716741502285003662e-02,9.953109920024871826e-02,1.608907431364059448e-01,2.660338282585144043e-01,-3.088490068912506104e-01,1.499538064002990723e+00,2.220936566591262817e-01,-2.383758127689361572e-01,-3.710129857063293457e-01,4.790386855602264404e-01,1.185088515281677246e+00,-6.989455223083496094e-02
-6.057017296552658081e-02,-1.493722945451736450e-01,8.795970678329467773e-01,-1.742176711559295654e-02,5.448337644338607788e-02,6.822495460510253906e-01,7.288783192634582520e-01,-3.366531133651733398e-01,2.794985286891460419e-02,1.460697352886199951e-01,5.050252079963684082e-01,-2.223909497261047363e-01,9.781199693679809570e-02,-1.164098829030990601e-01,-4.883861169219017029e-02,-1.993804723024368286e-01,3.824052810668945312e-01,-2.559765577316284180e-01,-3.664421290159225464e-02,1.107335835695266724e-01,1.965782344341278076e-01,2.607876658439636230e-01,-2.867753803730010986e-01,1.506496787071228027e+00,2.090196013450622559e-01,-2.296625971794128418e-01,-3.661623895168304443e-01,4.675463140010833740e-01,1.180721163749694824e+00,-5.333178862929344177e-02
-6.155991181731224060e-02,-1.478376537561416626e-01,8.800127506256103516e-01,-2.094734460115432739e-02,5.413433164358139038e-02,6.834989190101623535e-01,7.276399731636047363e-01,-3.219631016254425049e-01,2.128356695175170898e-02,1.390163600444793701e-01,4.687605202198028564e-01,-2.268747538328170776e-01,9.488013386726379395e-02,-1.117818802595138550e-01,-4.438825696706771851e-02,-2.071711272001266479e-01,3.680079579353332520e-01,-2.486866712570190430e-01,-3.124809637665748596e-02,1.185439527034759521e-01,2.185283452272415161e-01,2.616674304008483887e-01,-2.713315486907958984e-01,1.504944443702697754e+00,1.974209547042846680e-01,-2.239588946104049683e-01,-3.632762432098388672e-01,4.589733183383941650e-01,1.177569746971130371e+00,-4.203983768820762634e-02
-6.297632306814193726e-02,-1.424528211355209351e-01,8.803730010986328125e-01,-2.606117725372314453e-02,5.468304455280303955e-02,6.844420433044433594e-01,7.265463471412658691e-01,-3.035299777984619141e-01,1.574258133769035339e-02,1.398533731698989868e-01,4.167723655700683594e-01,-2.272808700799942017e-01,9.305234998464584351e-02,-1.005662009119987488e-01,-3.770134970545768738e-02,-2.120556682348251343e-01,3.421812057495117188e-01,-2.417638003826141357e-01,-2.578602917492389679e-02,1.243237480521202087e-01,2.294963747262954712e-01,2.655264735221862793e-01,-2.555635571479797363e-01,1.498488068580627441e+00,1.764271408319473267e-01,-2.172121256589889526e-01,-3.615665435791015625e-01,4.498411118984222412e-01,1.172893166542053223e+00,-3.058541938662528992e-02
-6.235413253307342529e-02,-1.357884109020233154e-01,8.809915184974670410e-01,-3.109237924218177795e-02,5.666330456733703613e-02,6.841373443603515625e-01,7.264837622642517090e-01,-2.877900898456573486e-01,1.313995290547609329e-02,1.495458334684371948e-01,3.662876784801483154e-01,-2.221368998289108276e-01,9.610255807638168335e-02,-8.933950215578079224e-02,-2.969354763627052307e-02,-2.144286036491394043e-01,3.139224946498870850e-01,-2.307865768671035767e-01,-2.041153982281684875e-02,1.266219317913055420e-01,2.309765666723251343e-01,2.747212350368499756e-01,-2.385128289461135864e-01,1.491244316101074219e+00,1.527154594659805298e-01,-2.117682397365570068e-01,-3.611743450164794922e-01,4.414919912815093994e-01,1.170276522636413574e+00,-2.589316293597221375e-02
-6.263734400272369385e-02,-1.309145838022232056e-01,8.813387155532836914e-01,-3.498550876975059509e-02,5.742955952882766724e-02,6.839691400527954102e-01,7.264049053192138672e-01,-2.719585895538330078e-01,1.448363717645406723e-02,1.587453484535217285e-01,3.285980522632598877e-01,-2.235534489154815674e-01,9.819044172763824463e-02,-8.405416458845138550e-02,-2.462157607078552246e-02,-2.174635827541351318e-01,3.012734353542327881e-01,-2.215315699577331543e-01,-1.489992812275886536e-02,1.273221671581268311e-01,2.259265035390853882e-01,2.896963953971862793e-01,-2.297966033220291138e-01,1.472342133522033691e+00,1.445478051900863647e-01,-2.042602598667144775e-01,-3.663126230239868164e-01,4.403148889541625977e-01,1.159054398536682129e+00,-3.397125005722045898e-02
-6.665228307247161865e-02,-1.291441023349761963e-01,8.810816407203674316e-01,-3.928497061133384705e-02,5.626141279935836792e-02,6.847383379936218262e-01,7.255513668060302734e-01,-2.589105963706970215e-01,1.483577582985162735e-02,1.645993292331695557e-01,2.987955808639526367e-01,-2.345987856388092041e-01,9.943576157093048096e-02,-8.415714651346206665e-02,-2.297815121710300446e-02,-2.252110838890075684e-01,2.972315847873687744e-01,-2.160608768463134766e-01,-8.020087145268917084e-03,1.275534927845001221e-01,2.115501314401626587e-01,3.137947618961334229e-01,-2.171716690063476562e-01,1.447539806365966797e+00,1.400781273841857910e-01,-1.935703903436660767e-01,-3.804010450839996338e-01,4.346010386943817139e-01,1.141871333122253418e+00,-4.434791579842567444e-02
-6.831199675798416138e-02,-1.284833848476409912e-01,8.805631399154663086e-01,-4.064814746379852295e-02,5.520482733845710754e-02,6.841666102409362793e-01,7.260965704917907715e-01,-2.489417344331741333e-01,1.528417970985174179e-02,1.662356853485107422e-01,2.826282978057861328e-01,-2.444333285093307495e-01,1.010578647255897522e-01,-8.840060234069824219e-02,-2.384695410728454590e-02,-2.292415350675582886e-01,3.066821396350860596e-01,-2.123730778694152832e-01,-9.642160730436444283e-04,1.255868673324584961e-01,1.858824789524078369e-01,3.529900908470153809e-01,-2.150995135307312012e-01,1.413737535476684570e+00,1.384676694869995117e-01,-1.869037300348281860e-01,-4.015442728996276855e-01,4.301311075687408447e-01,1.132716417312622070e+00,-4.884229227900505066e-02
-6.737314909696578979e-02,-1.255574226379394531e-01,8.798261880874633789e-01,-4.087033867835998535e-02,5.515928193926811218e-02,6.827562451362609863e-01,7.274138927459716797e-01,-2.417109906673431396e-01,1.818238385021686554e-02,1.702427417039871216e-01,2.804725766181945801e-01,-2.561646699905395508e-01,1.023786067962646484e-01,-9.691279381513595581e-02,-2.762229181826114655e-02,-2.350800931453704834e-01,3.305310904979705811e-01,-2.054389268159866333e-01,1.088661979883909225e-02,1.238303855061531067e-01,1.507958024740219116e-01,3.973874449729919434e-01,-2.058144658803939819e-01,1.383566141128540039e+00,1.297977864742279053e-01,-1.812044084072113037e-01,-4.273098707199096680e-01,4.168930351734161377e-01,1.127580881118774414e+00,-4.496997222304344177e-02
-6.564934551715850830e-02,-1.239660829305648804e-01,8.784787058830261230e-01,-4.072444513440132141e-02,5.440464988350868225e-02,6.817603707313537598e-01,7.284122705459594727e-01,-2.371068745851516724e-01,2.325669489800930023e-02,1.741300970315933228e-01,2.834120988845825195e-01,-2.720383405685424805e-01,1.000985652208328247e-01,-1.138696670532226562e-01,-3.261247277259826660e-02,-2.383208870887756348e-01,3.669649362564086914e-01,-1.920407563447952271e-01,2.667356468737125397e-02,1.181187257170677185e-01,1.021588146686553955e-01,4.683587849140167236e-01,-1.794176101684570312e-01,1.344144582748413086e+00,1.142943650484085083e-01,-1.812815964221954346e-01,-4.754494726657867432e-01,3.817365467548370361e-01,1.127901315689086914e+00,-2.785106562077999115e-02
-6.573849916458129883e-02,-1.254332661628723145e-01,8.764690160751342773e-01,-4.017867892980575562e-02,5.061255767941474915e-02,6.834291219711303711e-01,7.271510958671569824e-01,-2.359455972909927368e-01,2.869635261595249176e-02,1.746686846017837524e-01,2.930388748645782471e-01,-2.951641976833343506e-01,1.020089164376258850e-01,-1.413628458976745605e-01,-4.449056833982467651e-02,-2.430234998464584351e-01,4.202094376087188721e-01,-1.678272634744644165e-01,5.698432773351669312e-02,1.075779870152473450e-01,3.337578848004341125e-02,5.774153470993041992e-01,-1.566364169120788574e-01,1.305175185203552246e+00,1.087539419531822205e-01,-1.966530233621597290e-01,-5.536566972732543945e-01,3.259734213352203369e-01,1.152910947799682617e+00,-4.542031325399875641e-03
-6.333213299512863159e-02,-1.258292943239212036e-01,8.747609257698059082e-01,-3.888748213648796082e-02,4.396704956889152527e-02,6.854603886604309082e-01,7.257400751113891602e-01,-2.329130321741104126e-01,4.124234616756439209e-02,1.706671416759490967e-01,3.140016198158264160e-01,-3.177543878555297852e-01,1.013487279415130615e-01,-1.784587651491165161e-01,-6.096653640270233154e-02,-2.512597441673278809e-01,5.043740868568420410e-01,-1.644483208656311035e-01,7.029516994953155518e-02,9.599160403013229370e-02,-3.726739808917045593e-02,6.832968592643737793e-01,-1.231910213828086853e-01,1.278628349304199219e+00,8.835503458976745605e-02,-2.158572971820831299e-01,-6.390479803085327148e-01,2.652808129787445068e-01,1.179759621620178223e+00,1.124383974820375443e-02
-6.167994439601898193e-02,-1.282294541597366333e-01,8.729761838912963867e-01,-4.069470241665840149e-02,3.546115010976791382e-02,6.878624558448791504e-01,7.238312959671020508e-01,-2.397556453943252563e-01,6.073044240474700928e-02,1.617190688848495483e-01,3.439411222934722900e-01,-3.411099314689636230e-01,1.029651388525962830e-01,-2.289318591356277466e-01,-8.626642078161239624e-02,-2.498771697282791138e-01,6.085248589515686035e-01,-1.809721142053604126e-01,7.898377627134323120e-02,8.393980562686920166e-02,-1.048573255538940430e-01,7.912001609802246094e-01,-8.335223048925399780e-02,1.279519677162170410e+00,5.882016941905021667e-02,-2.321207970380783081e-01,-7.335419058799743652e-01,1.827773004770278931e-01,1.221645355224609375e+00,3.602209314703941345e-02
-5.784273892641067505e-02,-1.293304562568664551e-01,8.708609342575073242e-01,-4.136582836508750916e-02,2.758446149528026581e-02,6.886270046234130859e-01,7.234091162681579590e-01,-2.468746602535247803e-01,8.223488181829452515e-02,1.529591381549835205e-01,3.817679882049560547e-01,-3.639707565307617188e-01,9.840279072523117065e-02,-2.861717045307159424e-01,-1.190438643097877502e-01,-2.505593299865722656e-01,7.298668026924133301e-01,-1.854700595140457153e-01,9.548439830541610718e-02,6.995432078838348389e-02,-1.634804904460906982e-01,9.031888246536254883e-01,-5.763326957821846008e-02,1.284751772880554199e+00,3.187932074069976807e-02,-2.658497095108032227e-01,-8.418354988098144531e-01,1.109524890780448914e-01,1.250223517417907715e+00,6.497412174940109253e-02
-5.425403639674186707e-02,-1.335107982158660889e-01,8.677290678024291992e-01,-4.011169075965881348e-02,1.984111778438091278e-02,6.892659664154052734e-01,7.231250405311584473e-01,-2.548586726188659668e-01,9.986332803964614868e-02,1.446740776300430298e-01,4.167801737785339355e-01,-3.878069519996643066e-01,9.663574397563934326e-02,-3.310046792030334473e-01,-1.516226530075073242e-01,-2.406837046146392822e-01,8.221814036369323730e-01,-1.772786527872085571e-01,1.129322946071624756e-01,5.867023020982742310e-02,-2.043767571449279785e-01,9.823185801506042480e-01,-5.050428956747055054e-02,1.286523818969726562e+00,6.909709889441728592e-03,-2.892271578311920166e-01,-9.241379499435424805e-01,5.306568369269371033e-02,1.271947264671325684e+00,9.889607131481170654e-02
-4.762465506792068481e-02,-1.329947113990783691e-01,8.640096187591552734e-01,-4.155838862061500549e-02,1.287159789353609085e-02,6.897413730621337891e-01,7.227475643157958984e-01,-2.671433091163635254e-01,1.257690489292144775e-01,1.320653706789016724e-01,4.637527167797088623e-01,-4.182942509651184082e-01,8.337650448083877563e-02,-3.842909932136535645e-01,-2.060585170984268188e-01,-2.258203923702239990e-01,9.166803956031799316e-01,-1.897483617067337036e-01,1.335120499134063721e-01,4.703618586063385010e-02,-2.708024084568023682e-01,1.134509086608886719e+00,-4.816197231411933899e-02,1.294937133789062500e+00,-5.167853552848100662e-03,-3.355529904365539551e-01,-1.080098390579223633e+00,-2.146027609705924988e-02,1.298670768737792969e+00,1.366760581731796265e-01
-3.346376493573188782e-02,-1.345171183347702026e-01,8.607966303825378418e-01,-4.264177009463310242e-02,5.402091424912214279e-03,6.895669698715209961e-01,7.229452729225158691e-01,-2.808778285980224609e-01,1.638020873069763184e-01,1.141616851091384888e-01,5.088135600090026855e-01,-4.336420297622680664e-01,5.433176830410957336e-02,-4.131992757320404053e-01,-2.839005589485168457e-01,-2.006331682205200195e-01,9.630789160728454590e-01,-2.192932516336441040e-01,1.298161000013351440e-01,3.694830089807510376e-02,-3.572986423969268799e-01,1.325336098670959473e+00,-6.395124644041061401e-02,1.284503221511840820e+00,-7.039825432002544403e-03,-3.952465653419494629e-01,-1.285968899726867676e+00,-7.060042768716812134e-02,1.302893757820129395e+00,1.536137610673904419e-01
-2.741312608122825623e-02,-1.389017850160598755e-01,8.593008518218994141e-01,-4.529573023319244385e-02,-2.919243648648262024e-03,6.898643374443054199e-01,7.225143313407897949e-01,-2.942360341548919678e-01,1.940743625164031982e-01,1.053557023406028748e-01,5.392981171607971191e-01,-4.366038739681243896e-01,2.856756560504436493e-02,-4.214798510074615479e-01,-3.351686894893646240e-01,-1.730494648218154907e-01,9.718734025955200195e-01,-2.299825847148895264e-01,1.350307315587997437e-01,2.775878459215164185e-02,-4.293019175529479980e-01,1.459852576255798340e+00,-7.515464723110198975e-02,1.263987421989440918e+00,-3.079597093164920807e-02,-4.471631348133087158e-01,-1.426684379577636719e+00,-1.035699471831321716e-01,1.288692116737365723e+00,1.783256530761718750e-01
-9.030517190694808960e-03,-1.346688270568847656e-01,8.594900369644165039e-01,-4.734022915363311768e-02,1.881151547422632575e-04,6.900246143341064453e-01,7.222360372543334961e-01,-3.009915053844451904e-01,2.218842059373855591e-01,9.650177508592605591e-02,5.455259084701538086e-01,-4.199683070182800293e-01,-8.088736794888973236e-03,-4.017522931098937988e-01,-3.983446061611175537e-01,-1.578642725944519043e-01,8.709094524383544922e-01,-2.103594094514846802e-01,1.438144892454147339e-01,2.621896378695964813e-02,-5.163261294364929199e-01,1.593212604522705078e+00,-8.868697285652160645e-02,1.259248495101928711e+00,-3.942215815186500549e-02,-5.215280652046203613e-01,-1.577629446983337402e+00,-1.126116514205932617e-01,1.269979357719421387e+00,1.746479421854019165e-01
-2.681565005332231522e-03,-1.324042230844497681e-01,8.627275824546813965e-01,-4.968342557549476624e-02,3.812591967289336026e-05,6.916783452033996582e-01,7.204946875572204590e-01,-2.947840690612792969e-01,2.349968105554580688e-01,9.567984193563461304e-02,5.268614292144775391e-01,-3.936304748058319092e-01,-3.061495162546634674e-02,-3.759482502937316895e-01,-4.221730232238769531e-01,-1.518796384334564209e-01,7.715869545936584473e-01,-1.665729731321334839e-01,1.541692614555358887e-01,2.338743768632411957e-02,-5.813722014427185059e-01,1.658336877822875977e+00,-1.136514991521835327e-01,1.240696907043457031e+00,-6.036540493369102478e-02,-5.789967179298400879e-01,-1.657279014587402344e+00,-1.108393296599388123e-01,1.257319331169128418e+00,1.759244799613952637e-01
7.510382216423749924e-03,-1.297677606344223022e-01,8.671879768371582031e-01,-5.075426399707794189e-02,2.363917883485555649e-03,6.935299038887023926e-01,7.186338901519775391e-01,-2.844416797161102295e-01,2.464318871498107910e-01,9.499773383140563965e-02,4.971018135547637939e-01,-3.510870635509490967e-01,-5.813468992710113525e-02,-3.414545059204101562e-01,-4.369134008884429932e-01,-1.474141478538513184e-01,6.512452960014343262e-01,-1.130554601550102234e-01,1.682286560535430908e-01,2.202846482396125793e-02,-6.257730126380920410e-01,1.712724804878234863e+00,-1.254248321056365967e-01,1.213057518005371094e+00,-7.680573314428329468e-02,-6.215909719467163086e-01,-1.716155886650085449e+00,-1.146427243947982788e-01,1.241235375404357910e+00,1.817440092563629150e-01
3.275439143180847168e-02,-1.264344751834869385e-01,8.702288866043090820e-01,-4.624177142977714539e-02,1.100420579314231873e-02,6.973516941070556641e-01,7.151511907577514648e-01,-2.676094770431518555e-01,2.547454535961151123e-01,7.770202308893203735e-02,4.473486542701721191e-01,-2.930287122726440430e-01,-8.945628255605697632e-02,-2.862412631511688232e-01,-4.648774862289428711e-01,-1.332622021436691284e-01,4.372506439685821533e-01,-1.598505116999149323e-02,1.853378415107727051e-01,1.886864192783832550e-02,-7.024089694023132324e-01,1.775978803634643555e+00,-1.135555058717727661e-01,1.182619690895080566e+00,-6.953947991132736206e-02,-6.638502478599548340e-01,-1.801636695861816406e+00,-1.132224425673484802e-01,1.212113261222839355e+00,1.502359360456466675e-01
4.872603341937065125e-02,-1.235631853342056274e-01,8.746799230575561523e-01,-4.400061070919036865e-02,1.567163690924644470e-02,7.009221315383911133e-01,7.117067575454711914e-01,-2.502196431159973145e-01,2.667348086833953857e-01,8.541716635227203369e-02,4.070121347904205322e-01,-2.394178211688995361e-01,-1.102608814835548401e-01,-2.428204417228698730e-01,-4.613415598869323730e-01,-1.259030550718307495e-01,3.205116093158721924e-01,4.188048467040061951e-02,2.079981118440628052e-01,1.618609763681888580e-02,-7.399871349334716797e-01,1.800633907318115234e+00,-1.122592836618423462e-01,1.147664070129394531e+00,-7.914961874485015869e-02,-6.912639737129211426e-01,-1.834904432296752930e+00,-1.241528317332267761e-01,1.192775487899780273e+00,1.624725013971328735e-01
6.538169831037521362e-02,-1.218883991241455078e-01,8.787243962287902832e-01,-3.993287682533264160e-02,2.086997590959072113e-02,7.045277357101440430e-01,7.082446813583374023e-01,-2.307976484298706055e-01,2.753199338912963867e-01,8.645088225603103638e-02,3.620256483554840088e-01,-1.820542216300964355e-01,-1.271022260189056396e-01,-2.083818167448043823e-01,-4.427249729633331299e-01,-1.135960519313812256e-01,2.371157556772232056e-01,7.837664335966110229e-02,2.208080887794494629e-01,1.346673630177974701e-02,-7.727126479148864746e-01,1.827057480812072754e+00,-1.051867902278900146e-01,1.108858823776245117e+00,-7.390141487121582031e-02,-7.086660265922546387e-01,-1.868732929229736328e+00,-1.379325687885284424e-01,1.172156810760498047e+00,1.613259911537170410e-01
8.233696967363357544e-02,-1.212298125028610229e-01,8.822414278984069824e-01,-3.631663322448730469e-02,2.712024562060832977e-02,7.089788317680358887e-01,7.037717103958129883e-01,-2.156084030866622925e-01,2.865909337997436523e-01,8.325073122978210449e-02,3.204917907714843750e-01,-1.331379562616348267e-01,-1.404463946819305420e-01,-1.791379898786544800e-01,-4.124108552932739258e-01,-1.035506278276443481e-01,1.913428753614425659e-01,7.194937765598297119e-02,2.210439294576644897e-01,1.042524725198745728e-02,-8.015344142913818359e-01,1.851678013801574707e+00,-8.870095759630203247e-02,1.071881413459777832e+00,-6.855676323175430298e-02,-7.162959575653076172e-01,-1.903661727905273438e+00,-1.588169485330581665e-01,1.155774116516113281e+00,1.454946249723434448e-01
9.981001913547515869e-02,-1.211147084832191467e-01,8.850949406623840332e-01,-3.413081169128417969e-02,3.013086132705211639e-02,7.131594419479370117e-01,6.995218992233276367e-01,-2.066878676414489746e-01,3.049174249172210693e-01,1.052768155932426453e-01,3.010140657424926758e-01,-9.992453455924987793e-02,-1.314252465963363647e-01,-1.638442575931549072e-01,-3.955639600753784180e-01,-1.059475243091583252e-01,1.785654425621032715e-01,5.695778876543045044e-02,2.155154198408126831e-01,7.642140146344900131e-03,-8.171895742416381836e-01,1.861603260040283203e+00,-7.474603503942489624e-02,1.047529816627502441e+00,-7.337155193090438843e-02,-7.116838097572326660e-01,-1.922789692878723145e+00,-1.825871467590332031e-01,1.146609783172607422e+00,1.457984298467636108e-01
1.169272661209106445e-01,-1.213882863521575928e-01,8.866618275642395020e-01,-3.197088837623596191e-02,3.139291331171989441e-02,7.151185870170593262e-01,6.975656151771545410e-01,-1.974983215332031250e-01,3.227503895759582520e-01,1.127301529049873352e-01,2.834403216838836670e-01,-8.112352341413497925e-02,-1.286835372447967529e-01,-1.571801900863647461e-01,-3.774673044681549072e-01,-1.181083992123603821e-01,1.875785589218139648e-01,1.668914034962654114e-02,2.038011848926544189e-01,8.165797218680381775e-03,-8.288630247116088867e-01,1.867311596870422363e+00,-5.926811695098876953e-02,1.019401669502258301e+00,-8.481872081756591797e-02,-7.013668417930603027e-01,-1.934147000312805176e+00,-2.105583697557449341e-01,1.138267397880554199e+00,1.575978249311447144e-01
1.430218666791915894e-01,-1.162565872073173523e-01,8.869765996932983398e-01,-3.103164024651050568e-02,3.497688099741935730e-02,7.172594070434570312e-01,6.952356696128845215e-01,-1.857673674821853638e-01,3.467550277709960938e-01,1.177490502595901489e-01,2.621600627899169922e-01,-6.475899368524551392e-02,-1.235355809330940247e-01,-1.555832028388977051e-01,-3.525209426879882812e-01,-1.369800865650177002e-01,2.063814103603363037e-01,-4.754132032394409180e-02,1.808425933122634888e-01,6.089940201491117477e-03,-8.371721506118774414e-01,1.873823523521423340e+00,-4.291747137904167175e-02,9.919581413269042969e-01,-9.497343748807907104e-02,-6.843145489692687988e-01,-1.946539044380187988e+00,-2.384801208972930908e-01,1.129888296127319336e+00,1.646151244640350342e-01
1.779720783233642578e-01,-1.111124083399772644e-01,8.861705660820007324e-01,-3.123436681926250458e-02,3.903102874755859375e-02,7.218990325927734375e-01,6.901903748512268066e-01,-1.831308752298355103e-01,3.804492652416229248e-01,1.310261636972427368e-01,2.323864102363586426e-01,-2.544069848954677582e-02,-1.175651922821998596e-01,-1.596449762582778931e-01,-3.197332918643951416e-01,-1.759316325187683105e-01,2.386319786310195923e-01,-1.347430646419525146e-01,1.533809751272201538e-01,2.562654204666614532e-03,-8.388314843177795410e-01,1.872818946838378906e+00,-2.740199677646160126e-02,9.677738547325134277e-01,-9.069076925516128540e-02,-6.482372283935546875e-01,-1.957021236419677734e+00,-2.763797640800476074e-01,1.122012495994567871e+00,1.718695163726806641e-01
2.068150937557220459e-01,-1.077509522438049316e-01,8.850679397583007812e-01,-2.849083207547664642e-02,4.125672578811645508e-02,7.260097265243530273e-01,6.858542561531066895e-01,-1.869616806507110596e-01,4.041532576084136963e-01,1.383781731128692627e-01,2.324745506048202515e-01,-1.042742840945720673e-02,-1.168101727962493896e-01,-1.653433144092559814e-01,-2.936395108699798584e-01,-1.948904246091842651e-01,2.806147038936614990e-01,-2.082363516092300415e-01,1.287880986928939819e-01,1.664391020312905312e-03,-8.348094224929809570e-01,1.872615694999694824e+00,-1.741748861968517303e-02,9.421846270561218262e-01,-8.072419464588165283e-02,-6.061921715736389160e-01,-1.965689420700073242e+00,-3.161263465881347656e-01,1.110929012298583984e+00,1.767680346965789795e-01
2.242132872343063354e-01,-1.069672703742980957e-01,8.830102086067199707e-01,-2.744311280548572540e-02,4.364414513111114502e-02,7.291218042373657227e-01,6.824393272399902344e-01,-1.912754476070404053e-01,4.143832325935363770e-01,1.429016441106796265e-01,2.381358295679092407e-01,-2.436731196939945221e-02,-1.036964133381843567e-01,-1.744726449251174927e-01,-2.798638641834259033e-01,-2.078631818294525146e-01,3.086714744567871094e-01,-2.577374279499053955e-01,1.082953438162803650e-01,-9.816226083785295486e-04,-8.289103507995605469e-01,1.869124889373779297e+00,-1.115905214101076126e-02,9.266055822372436523e-01,-6.860379874706268311e-02,-5.556632280349731445e-01,-1.972386360168457031e+00,-3.526586294174194336e-01,1.111312031745910645e+00,1.822840571403503418e-01
2.428854405879974365e-01,-1.060531362891197205e-01,8.807041645050048828e-01,-2.551096118986606598e-02,4.650801420211791992e-02,7.333596944808959961e-01,6.777682304382324219e-01,-1.993559747934341431e-01,4.261749684810638428e-01,1.630491167306900024e-01,2.672369480133056641e-01,-4.441794008016586304e-02,-9.361954033374786377e-02,-1.820617765188217163e-01,-2.674556970596313477e-01,-2.236316800117492676e-01,3.376329541206359863e-01,-3.105987608432769775e-01,9.294187277555465698e-02,-6.304671987891197205e-03,-8.223220705986022949e-01,1.868573784828186035e+00,-7.093324325978755951e-03,9.076839685440063477e-01,-5.694594606757164001e-02,-5.059357285499572754e-01,-1.985743045806884766e+00,-3.946553170680999756e-01,1.112597703933715820e+00,1.893162876367568970e-01
2.611117362976074219e-01,-1.057448014616966248e-01,8.775612711906433105e-01,-2.380401454865932465e-02,5.026314035058021545e-02,7.373188734054565430e-01,6.732516884803771973e-01,-2.130626440048217773e-01,4.296960532665252686e-01,1.922079622745513916e-01,3.243021965026855469e-01,-7.791444659233093262e-02,-7.377761602401733398e-02,-1.956696063280105591e-01,-2.579385936260223389e-01,-2.400199621915817261e-01,3.721107840538024902e-01,-3.671958744525909424e-01,7.603503018617630005e-02,-9.934692643582820892e-03,-8.169694542884826660e-01,1.860657691955566406e+00,-5.831470247358083725e-03,8.947682976722717285e-01,-4.382712766528129578e-02,-4.388320744037628174e-01,-1.996188640594482422e+00,-4.521398246288299561e-01,1.112883806228637695e+00,1.970575451850891113e-01
2.730019092559814453e-01,-1.054143458604812622e-01,8.736734390258789062e-01,-2.201774530112743378e-02,5.263538286089897156e-02,7.401470541954040527e-01,6.700202226638793945e-01,-2.339308410882949829e-01,4.289739727973937988e-01,2.077717781066894531e-01,4.018715620040893555e-01,-1.146963834762573242e-01,-5.148232355713844299e-02,-2.028223127126693726e-01,-2.513646483421325684e-01,-2.461268752813339233e-01,3.936709165573120117e-01,-4.184745252132415771e-01,5.844746902585029602e-02,-9.426749311387538910e-03,-8.180810213088989258e-01,1.848721146583557129e+00,-1.036776322871446609e-02,8.836012482643127441e-01,-3.912304714322090149e-02,-3.673918843269348145e-01,-2.003398180007934570e+00,-5.055375099182128906e-01,1.110349416732788086e+00,2.060667276382446289e-01
2.877084314823150635e-01,-1.066514402627944946e-01,8.697757124900817871e-01,-1.800368353724479675e-02,5.252642184495925903e-02,7.433657050132751465e-01,6.665765047073364258e-01,-2.685643136501312256e-01,4.151656925678253174e-01,2.248818129301071167e-01,5.438845157623291016e-01,-1.887681037187576294e-01,-2.866229414939880371e-02,-2.242692410945892334e-01,-2.459767311811447144e-01,-2.519891262054443359e-01,4.587405920028686523e-01,-4.626472890377044678e-01,4.816607013344764709e-02,-2.216268330812454224e-03,-8.252752423286437988e-01,1.840218782424926758e+00,-2.388993278145790100e-02,8.777084946632385254e-01,-3.057232126593589783e-02,-2.925763726234436035e-01,-2.010961771011352539e+00,-5.807438492774963379e-01,1.114526391029357910e+00,2.120873332023620605e-01
3.013371825218200684e-01,-1.067523285746574402e-01,8.654348254203796387e-01,-1.582033000886440277e-02,5.300173535943031311e-02,7.463734149932861328e-01,6.632248759269714355e-01,-3.120302557945251465e-01,3.918546438217163086e-01,2.273526787757873535e-01,6.885195970535278320e-01,-2.531047761440277100e-01,-1.933247223496437073e-02,-2.400100380182266235e-01,-2.369768172502517700e-01,-2.565908133983612061e-01,5.058528184890747070e-01,-5.052035450935363770e-01,3.480911254882812500e-02,5.654127337038516998e-03,-8.384110331535339355e-01,1.829416394233703613e+00,-4.397410526871681213e-02,8.738375902175903320e-01,-3.253100067377090454e-02,-2.164396643638610840e-01,-2.019689559936523438e+00,-6.509984135627746582e-01,1.118734836578369141e+00,2.215417027473449707e-01
3.106499016284942627e-01,-1.096989363431930542e-01,8.612123727798461914e-01,-1.559230312705039978e-02,5.146934092044830322e-02,7.497776150703430176e-01,6.595008373260498047e-01,-3.457953929901123047e-01,3.640585243701934814e-01,2.358389943838119507e-01,7.876570820808410645e-01,-3.054335117340087891e-01,-1.527163386344909668e-02,-2.557598650455474854e-01,-2.281135320663452148e-01,-2.631647288799285889e-01,5.440548062324523926e-01,-5.342044830322265625e-01,2.463986538350582123e-02,1.105978991836309433e-02,-8.579052090644836426e-01,1.820617556571960449e+00,-6.787576526403427124e-02,8.716242909431457520e-01,-3.746435418725013733e-02,-1.398872286081314087e-01,-2.032040119171142578e+00,-7.241472005844116211e-01,1.117133975028991699e+00,2.413258105516433716e-01
3.187344968318939209e-01,-1.090240478515625000e-01,8.580681681632995605e-01,-1.717703603208065033e-02,5.096586793661117554e-02,7.535083293914794922e-01,6.552347540855407715e-01,-3.653704822063446045e-01,3.248450458049774170e-01,2.460971176624298096e-01,8.540604114532470703e-01,-3.425046205520629883e-01,-1.882006227970123291e-02,-2.639359235763549805e-01,-2.179547697305679321e-01,-2.715018689632415771e-01,5.681748986244201660e-01,-5.564606189727783203e-01,1.439698785543441772e-02,1.673226244747638702e-02,-8.720958232879638672e-01,1.811659693717956543e+00,-9.313729405403137207e-02,8.716230392456054688e-01,-4.170693457126617432e-02,-7.782170921564102173e-02,-2.039462566375732422e+00,-7.770700454711914062e-01,1.118791937828063965e+00,2.459314912557601929e-01
3.231046497821807861e-01,-1.058727577328681946e-01,8.564386367797851562e-01,-2.096073701977729797e-02,5.182325839996337891e-02,7.555041313171386719e-01,6.527545452117919922e-01,-3.690922558307647705e-01,2.914352715015411377e-01,2.543708980083465576e-01,8.619734048843383789e-01,-3.580799996852874756e-01,-2.265584468841552734e-02,-2.668244242668151855e-01,-2.090819478034973145e-01,-2.801715135574340820e-01,5.737507343292236328e-01,-5.686784386634826660e-01,7.244806271046400070e-03,1.798480190336704254e-02,-8.863642811775207520e-01,1.805567502975463867e+00,-1.112255305051803589e-01,8.722835779190063477e-01,-4.757249355316162109e-02,-3.172754868865013123e-02,-2.046690225601196289e+00,-8.169206976890563965e-01,1.116171002388000488e+00,2.408491075038909912e-01
3.292723298072814941e-01,-1.020960286259651184e-01,8.567606806755065918e-01,-2.597006596624851227e-02,5.252121388912200928e-02,7.569866776466369629e-01,6.507981419563293457e-01,-3.590304553508758545e-01,2.457320690155029297e-01,2.698611319065093994e-01,8.378167748451232910e-01,-3.730283379554748535e-01,-2.593749389052391052e-02,-2.689272463321685791e-01,-1.938284486532211304e-01,-2.890295982360839844e-01,5.723654031753540039e-01,-5.643212199211120605e-01,3.156845457851886749e-03,2.210290171205997467e-02,-8.972488045692443848e-01,1.795632958412170410e+00,-1.360169202089309692e-01,8.750979304313659668e-01,-5.958551913499832153e-02,1.710255816578865051e-02,-2.049014329910278320e+00,-8.531294465065002441e-01,1.108401536941528320e+00,2.413539886474609375e-01
3.344071209430694580e-01,-1.017295643687248230e-01,8.582659363746643066e-01,-3.120455518364906311e-02,5.130480229854583740e-02,7.594000697135925293e-01,6.478469371795654297e-01,-3.262571096420288086e-01,2.018991559743881226e-01,2.947307825088500977e-01,7.580987811088562012e-01,-3.729120492935180664e-01,-2.679289318621158600e-02,-2.644604444503784180e-01,-1.767110973596572876e-01,-3.047133386135101318e-01,5.519020557403564453e-01,-5.514991879463195801e-01,1.270415494218468666e-03,2.536692284047603607e-02,-9.145029187202453613e-01,1.776197314262390137e+00,-1.612166464328765869e-01,8.808346390724182129e-01,-6.630551815032958984e-02,7.787799835205078125e-02,-2.052077054977416992e+00,-8.843686580657958984e-01,1.094407200813293457e+00,2.178331166505813599e-01
3.363373279571533203e-01,-9.942000359296798706e-02,8.610162138938903809e-01,-3.558883443474769592e-02,5.126614496111869812e-02,7.613508105278015137e-01,6.453294754028320312e-01,-2.965577542781829834e-01,1.740324646234512329e-01,3.013894259929656982e-01,6.822129487991333008e-01,-3.736612498760223389e-01,-2.397005073726177216e-02,-2.578652799129486084e-01,-1.662760227918624878e-01,-3.150267899036407471e-01,5.313887596130371094e-01,-5.275571346282958984e-01,6.747186183929443359e-03,2.305706217885017395e-02,-9.283740520477294922e-01,1.768422126770019531e+00,-1.796877980232238770e-01,8.850138187408447266e-01,-7.958361506462097168e-02,1.152502000331878662e-01,-2.057996034622192383e+00,-9.107131958007812500e-01,1.093894243240356445e+00,2.080616801977157593e-01
3.380536735057830811e-01,-9.627436101436614990e-02,8.644062280654907227e-01,-4.081919044256210327e-02,5.186299607157707214e-02,7.633218765258789062e-01,6.426380872726440430e-01,-2.608861327171325684e-01,1.535247266292572021e-01,3.144808411598205566e-01,5.941278934478759766e-01,-3.760796487331390381e-01,-4.295919556170701981e-03,-2.521084547042846680e-01,-1.554123014211654663e-01,-3.244344294071197510e-01,5.081660151481628418e-01,-4.987125694751739502e-01,1.086190342903137207e-02,1.845157518982887268e-02,-9.470505118370056152e-01,1.755750060081481934e+00,-1.966494321823120117e-01,8.920503258705139160e-01,-9.282924234867095947e-02,1.572057902812957764e-01,-2.064886331558227539e+00,-9.362915754318237305e-01,1.092557907104492188e+00,1.894794553518295288e-01
3.397910594940185547e-01,-9.373193979263305664e-02,8.684718012809753418e-01,-4.389764741063117981e-02,5.297588929533958435e-02,7.656074762344360352e-01,6.396184563636779785e-01,-2.303590774536132812e-01,1.439288109540939331e-01,3.318619430065155029e-01,5.231062173843383789e-01,-3.742944598197937012e-01,1.438495516777038574e-02,-2.450717836618423462e-01,-1.491906493902206421e-01,-3.330727219581604004e-01,4.861980974674224854e-01,-4.660614430904388428e-01,1.591368019580841064e-02,1.446026191115379333e-02,-9.681004881858825684e-01,1.746907949447631836e+00,-2.147872596979141235e-01,8.977034091949462891e-01,-1.043868064880371094e-01,1.973389238119125366e-01,-2.073370695114135742e+00,-9.661554694175720215e-01,1.092462778091430664e+00,1.791082322597503662e-01
3.391005694866180420e-01,-9.376328438520431519e-02,8.728937506675720215e-01,-4.549829661846160889e-02,5.311235785484313965e-02,7.664875984191894531e-01,6.384400725364685059e-01,-2.087977826595306396e-01,1.356187015771865845e-01,3.411984443664550781e-01,4.690654873847961426e-01,-3.551189899444580078e-01,1.710214279592037201e-02,-2.382985204458236694e-01,-1.469586938619613647e-01,-3.396045565605163574e-01,4.649468362331390381e-01,-4.289560019969940186e-01,2.201340906322002411e-02,1.068115048110485077e-02,-9.898621439933776855e-01,1.742330551147460938e+00,-2.343221008777618408e-01,9.028709530830383301e-01,-1.172497645020484924e-01,2.359163761138916016e-01,-2.081281661987304688e+00,-9.969844818115234375e-01,1.098191618919372559e+00,1.760821938514709473e-01
3.383244276046752930e-01,-9.253235161304473877e-02,8.769956827163696289e-01,-4.665542766451835632e-02,5.434078350663185120e-02,7.663257718086242676e-01,6.384474635124206543e-01,-1.896862834692001343e-01,1.245708614587783813e-01,3.394732475280761719e-01,4.188923239707946777e-01,-3.277429342269897461e-01,1.261876150965690613e-02,-2.251615673303604126e-01,-1.420558243989944458e-01,-3.391670584678649902e-01,4.289708435535430908e-01,-4.010238647460937500e-01,2.336605824530124664e-02,6.272826343774795532e-03,-1.014928817749023438e+00,1.743047237396240234e+00,-2.515454590320587158e-01,9.095892310142517090e-01,-1.227874532341957092e-01,2.733966410160064697e-01,-2.095850229263305664e+00,-1.023947715759277344e+00,1.104015469551086426e+00,1.734312325716018677e-01
3.394533991813659668e-01,-9.436801075935363770e-02,8.810209631919860840e-01,-4.511778056621551514e-02,5.447635427117347717e-02,7.660158872604370117e-01,6.389181017875671387e-01,-1.801118254661560059e-01,1.183476895093917847e-01,3.342180252075195312e-01,3.908567130565643311e-01,-2.879129350185394287e-01,-3.119258442893624306e-03,-2.156495004892349243e-01,-1.392243653535842896e-01,-3.371335268020629883e-01,4.029168486595153809e-01,-3.701452016830444336e-01,3.091051615774631500e-02,2.078048186376690865e-03,-1.048340320587158203e+00,1.740853309631347656e+00,-2.817691564559936523e-01,9.205501675605773926e-01,-1.327824890613555908e-01,3.191714584827423096e-01,-2.109542608261108398e+00,-1.068382620811462402e+00,1.113624811172485352e+00,1.815877854824066162e-01
3.408575356006622314e-01,-9.633728116750717163e-02,8.838474750518798828e-01,-4.193340241909027100e-02,5.489397421479225159e-02,7.643612623214721680e-01,6.410773396492004395e-01,-1.808753907680511475e-01,1.123642027378082275e-01,3.173740506172180176e-01,3.881201148033142090e-01,-2.479906529188156128e-01,-2.851359918713569641e-02,-2.063634544610977173e-01,-1.373241394758224487e-01,-3.276883661746978760e-01,3.813486397266387939e-01,-3.508885502815246582e-01,3.963409364223480225e-02,-2.158334478735923767e-03,-1.077703595161437988e+00,1.748668074607849121e+00,-3.135966956615447998e-01,9.249680638313293457e-01,-1.362214088439941406e-01,3.577269613742828369e-01,-2.120661258697509766e+00,-1.101914525032043457e+00,1.122043609619140625e+00,1.855674684047698975e-01
3.392667174339294434e-01,-9.668704122304916382e-02,8.853425979614257812e-01,-3.726517781615257263e-02,5.462975054979324341e-02,7.619457840919494629e-01,6.442557573318481445e-01,-1.989633440971374512e-01,1.116038262844085693e-01,2.837202548980712891e-01,4.250478446483612061e-01,-2.041062116622924805e-01,-7.109433412551879883e-02,-1.989313662052154541e-01,-1.426620036363601685e-01,-3.152870237827301025e-01,3.787917792797088623e-01,-3.435973823070526123e-01,3.985181078314781189e-02,-3.587159095332026482e-03,-1.100305795669555664e+00,1.764970183372497559e+00,-3.467624485492706299e-01,9.273090958595275879e-01,-1.258886158466339111e-01,3.830593824386596680e-01,-2.126150369644165039e+00,-1.126725554466247559e+00,1.131369233131408691e+00,1.881288737058639526e-01
3.377500176429748535e-01,-9.622514992952346802e-02,8.848918676376342773e-01,-2.956894040107727051e-02,5.771547555923461914e-02,7.591267228126525879e-01,6.477046012878417969e-01,-2.243164777755737305e-01,1.289122700691223145e-01,2.742274403572082520e-01,4.884690642356872559e-01,-2.183881849050521851e-01,-7.745698094367980957e-02,-1.981576681137084961e-01,-1.613788604736328125e-01,-3.031011521816253662e-01,3.938477337360382080e-01,-3.587054312229156494e-01,4.285224899649620056e-02,-4.726941231638193130e-03,-1.118981003761291504e+00,1.778654575347900391e+00,-3.756040334701538086e-01,9.283591508865356445e-01,-1.055428832769393921e-01,3.998709321022033691e-01,-2.127528190612792969e+00,-1.143316745758056641e+00,1.133784770965576172e+00,1.844179630279541016e-01
3.347424566745758057e-01,-9.656061232089996338e-02,8.818035721778869629e-01,-2.360120974481105804e-02,5.964249372482299805e-02,7.569952607154846191e-01,6.502645015716552734e-01,-2.566810846328735352e-01,1.628274023532867432e-01,2.786708176136016846e-01,5.642589330673217773e-01,-2.452581226825714111e-01,-7.447861880064010620e-02,-2.088724374771118164e-01,-1.817320883274078369e-01,-2.921281754970550537e-01,4.304971396923065186e-01,-3.882198333740234375e-01,4.208347201347351074e-02,-7.458845619112253189e-03,-1.142992973327636719e+00,1.787485361099243164e+00,-4.070653319358825684e-01,9.262198805809020996e-01,-8.558618277311325073e-02,4.135818183422088623e-01,-2.125418663024902344e+00,-1.160132765769958496e+00,1.131217956542968750e+00,1.849456578493118286e-01
3.299016654491424561e-01,-9.719338268041610718e-02,8.770872354507446289e-01,-1.764057390391826630e-02,6.051276624202728271e-02,7.547276616096496582e-01,6.530031561851501465e-01,-2.949171662330627441e-01,2.135315537452697754e-01,2.727908790111541748e-01,6.579461693763732910e-01,-2.625321447849273682e-01,-7.792475819587707520e-02,-2.233580946922302246e-01,-2.049347907304763794e-01,-2.818761765956878662e-01,4.794209301471710205e-01,-4.245176911354064941e-01,4.170779138803482056e-02,-1.093507930636405945e-02,-1.158756971359252930e+00,1.802620410919189453e+00,-4.360544085502624512e-01,9.206372499465942383e-01,-6.358395516872406006e-02,4.170897901058197021e-01,-2.121789932250976562e+00,-1.170154452323913574e+00,1.134391903877258301e+00,1.859883964061737061e-01
3.217331171035766602e-01,-1.004186272621154785e-01,8.710327744483947754e-01,-1.214227359741926193e-02,5.794899910688400269e-02,7.524447441101074219e-01,6.559888720512390137e-01,-3.313839733600616455e-01,2.884883284568786621e-01,2.602800130844116211e-01,7.256339788436889648e-01,-2.798272073268890381e-01,-6.804063916206359863e-02,-2.361639291048049927e-01,-2.266473025083541870e-01,-2.714609205722808838e-01,5.260357856750488281e-01,-4.635393619537353516e-01,4.015800356864929199e-02,-1.512604020535945892e-02,-1.173017978668212891e+00,1.808818817138671875e+00,-4.580677151679992676e-01,9.157378673553466797e-01,-4.420968517661094666e-02,4.164986610412597656e-01,-2.113884449005126953e+00,-1.181157112121582031e+00,1.139962196350097656e+00,1.945353448390960693e-01
3.135202825069427490e-01,-9.999293088912963867e-02,8.651710152626037598e-01,-9.051655419170856476e-03,5.543545633554458618e-02,7.473183870315551758e-01,6.620877981185913086e-01,-3.488450348377227783e-01,3.628836274147033691e-01,2.328365296125411987e-01,7.435690164566040039e-01,-2.899473309516906738e-01,-5.675568431615829468e-02,-2.483585774898529053e-01,-2.410921901464462280e-01,-2.568646073341369629e-01,5.675230622291564941e-01,-4.951464235782623291e-01,4.493123292922973633e-02,-1.324807573109865189e-02,-1.190738081932067871e+00,1.803527712821960449e+00,-4.759814441204071045e-01,9.119380116462707520e-01,-3.164634853601455688e-02,4.255877733230590820e-01,-2.097431182861328125e+00,-1.193990707397460938e+00,1.127393007278442383e+00,2.033468484878540039e-01
3.088120222091674805e-01,-1.022228673100471497e-01,8.605841398239135742e-01,-6.272272206842899323e-03,5.262724310159683228e-02,7.437506914138793945e-01,6.663526892662048340e-01,-3.529621958732604980e-01,4.077773690223693848e-01,2.106201797723770142e-01,7.241785526275634766e-01,-2.813263237476348877e-01,-6.145318970084190369e-02,-2.553776204586029053e-01,-2.469956278800964355e-01,-2.446091771125793457e-01,5.894177556037902832e-01,-5.207859277725219727e-01,4.651417583227157593e-02,-1.363502256572246552e-02,-1.202744960784912109e+00,1.798665285110473633e+00,-4.922942519187927246e-01,9.083850979804992676e-01,-1.539451908320188522e-02,4.367715120315551758e-01,-2.085638284683227539e+00,-1.200343966484069824e+00,1.123586177825927734e+00,2.014080733060836792e-01
3.010103404521942139e-01,-1.017051190137863159e-01,8.572338819503784180e-01,-6.173592526465654373e-03,4.862030968070030212e-02,7.393441200256347656e-01,6.715416908264160156e-01,-3.403042554855346680e-01,4.453456997871398926e-01,1.822535544633865356e-01,6.486944556236267090e-01,-2.568273842334747314e-01,-6.765771657228469849e-02,-2.553026080131530762e-01,-2.470735013484954834e-01,-2.282271385192871094e-01,5.968819260597229004e-01,-5.359619259834289551e-01,5.441751331090927124e-02,-1.345299277454614639e-02,-1.217436671257019043e+00,1.787171125411987305e+00,-5.082330107688903809e-01,9.064012765884399414e-01,-1.425242424011230469e-02,4.466269612312316895e-01,-2.069470882415771484e+00,-1.211217045783996582e+00,1.115574598312377930e+00,2.141547948122024536e-01
2.937997579574584961e-01,-1.008646562695503235e-01,8.551828265190124512e-01,-7.539192680269479752e-03,4.522732272744178772e-02,7.355453372001647949e-01,6.759221553802490234e-01,-3.211733996868133545e-01,4.674533009529113770e-01,1.667890250682830811e-01,5.616139769554138184e-01,-2.340722531080245972e-01,-8.199961483478546143e-02,-2.522988319396972656e-01,-2.454099208116531372e-01,-2.178563177585601807e-01,5.929487347602844238e-01,-5.424532294273376465e-01,6.246250122785568237e-02,-1.586275920271873474e-02,-1.233590602874755859e+00,1.777418971061706543e+00,-5.266780257225036621e-01,9.090430140495300293e-01,-1.498645916581153870e-02,4.579701721668243408e-01,-2.056191444396972656e+00,-1.220281958580017090e+00,1.114142894744873047e+00,2.248326539993286133e-01
2.843460142612457275e-01,-9.478352963924407959e-02,8.539908528327941895e-01,-1.046270504593849182e-02,4.442456737160682678e-02,7.314186096191406250e-01,6.803997159004211426e-01,-2.978230118751525879e-01,4.883415102958679199e-01,1.481502652168273926e-01,4.512028396129608154e-01,-2.032486796379089355e-01,-9.539695084095001221e-02,-2.450155317783355713e-01,-2.466239333152770996e-01,-2.034716308116912842e-01,5.811034440994262695e-01,-5.458284020423889160e-01,6.816387176513671875e-02,-2.339101955294609070e-02,-1.247069358825683594e+00,1.769833803176879883e+00,-5.497340559959411621e-01,9.126559495925903320e-01,-2.248937636613845825e-02,4.668937027454376221e-01,-2.043570041656494141e+00,-1.223850846290588379e+00,1.117322683334350586e+00,2.277597337961196899e-01
2.675901949405670166e-01,-8.821640163660049438e-02,8.531010150909423828e-01,-1.513893436640501022e-02,4.242537170648574829e-02,7.262181639671325684e-01,6.859869360923767090e-01,-2.702105641365051270e-01,5.108633637428283691e-01,1.318850815296173096e-01,3.163473010063171387e-01,-1.699236035346984863e-01,-1.105033457279205322e-01,-2.369775176048278809e-01,-2.531318068504333496e-01,-1.850595623254776001e-01,5.638275146484375000e-01,-5.337922573089599609e-01,8.340638875961303711e-02,-2.987322397530078888e-02,-1.267202854156494141e+00,1.768266320228576660e+00,-5.679463744163513184e-01,9.126403927803039551e-01,-2.323182485997676849e-02,4.663741588592529297e-01,-2.044183969497680664e+00,-1.228803634643554688e+00,1.121699690818786621e+00,2.207025289535522461e-01
2.480749338865280151e-01,-8.128649741411209106e-02,8.537312746047973633e-01,-2.079006098210811615e-02,4.172349721193313599e-02,7.209208011627197266e-01,6.914478540420532227e-01,-2.542806863784790039e-01,5.124915838241577148e-01,1.332564055919647217e-01,2.524207532405853271e-01,-1.517163515090942383e-01,-1.220563128590583801e-01,-2.276719957590103149e-01,-2.627434432506561279e-01,-1.636731326580047607e-01,5.341107845306396484e-01,-5.075423121452331543e-01,9.412630647420883179e-02,-3.896886110305786133e-02,-1.285673737525939941e+00,1.766106009483337402e+00,-5.924420356750488281e-01,9.150820374488830566e-01,-1.455077435821294785e-02,4.662725925445556641e-01,-2.052954435348510742e+00,-1.230282306671142578e+00,1.130556583404541016e+00,2.119621932506561279e-01
2.313494831323623657e-01,-7.526791840791702271e-02,8.553381562232971191e-01,-2.475582249462604523e-02,4.251266643404960632e-02,7.181671857833862305e-01,6.941294670104980469e-01,-2.435247749090194702e-01,5.082715153694152832e-01,1.410814374685287476e-01,2.318127751350402832e-01,-1.372750550508499146e-01,-1.269940584897994995e-01,-2.178647667169570923e-01,-2.784012556076049805e-01,-1.549165695905685425e-01,5.073441863059997559e-01,-4.741269052028656006e-01,1.103829592466354370e-01,-4.227885603904724121e-02,-1.298695325851440430e+00,1.760301232337951660e+00,-6.090430617332458496e-01,9.161888957023620605e-01,-1.381154917180538177e-02,4.616686403751373291e-01,-2.054559707641601562e+00,-1.233938574790954590e+00,1.141414642333984375e+00,2.064625024795532227e-01
2.128017097711563110e-01,-7.142070680856704712e-02,8.576338887214660645e-01,-2.854322269558906555e-02,4.445150867104530334e-02,7.144715189933776855e-01,6.976673603057861328e-01,-2.339998334646224976e-01,4.852014780044555664e-01,1.416003853082656860e-01,2.221311926841735840e-01,-1.351530253887176514e-01,-1.259883791208267212e-01,-2.079466432332992554e-01,-2.947816252708435059e-01,-1.376796811819076538e-01,4.634715020656585693e-01,-4.322374463081359863e-01,1.197425574064254761e-01,-4.106323421001434326e-02,-1.316927433013916016e+00,1.748877167701721191e+00,-6.231737732887268066e-01,9.189542531967163086e-01,-1.828076317906379700e-02,4.542415142059326172e-01,-2.062577247619628906e+00,-1.241209387779235840e+00,1.154600262641906738e+00,2.081687003374099731e-01
1.949945837259292603e-01,-6.952988356351852417e-02,8.608637452125549316e-01,-3.139889240264892578e-02,4.619605094194412231e-02,7.114539146423339844e-01,7.005093693733215332e-01,-2.264937460422515869e-01,4.613299071788787842e-01,1.494385153055191040e-01,2.243240326642990112e-01,-1.404142081737518311e-01,-1.216311976313591003e-01,-1.983413696289062500e-01,-3.132191300392150879e-01,-1.278098374605178833e-01,4.191669821739196777e-01,-3.779146075248718262e-01,1.357939839363098145e-01,-4.082626476883888245e-02,-1.334025621414184570e+00,1.741714239120483398e+00,-6.413247585296630859e-01,9.226498007774353027e-01,-1.717512123286724091e-02,4.455095827579498291e-01,-2.070318698883056641e+00,-1.247730255126953125e+00,1.161378860473632812e+00,2.067080140113830566e-01
1.605289727449417114e-01,-7.025997340679168701e-02,8.647596836090087891e-01,-3.395517915487289429e-02,4.914268106222152710e-02,7.061489224433898926e-01,7.055393457412719727e-01,-2.248214036226272583e-01,4.073958694934844971e-01,1.628125607967376709e-01,2.403254657983779907e-01,-1.769125312566757202e-01,-1.023451760411262512e-01,-1.795954406261444092e-01,-3.510603606700897217e-01,-1.004834994673728943e-01,3.274141550064086914e-01,-2.756016850471496582e-01,1.625449359416961670e-01,-3.530539572238922119e-02,-1.352825164794921875e+00,1.721125364303588867e+00,-6.575425863265991211e-01,9.208835959434509277e-01,-4.243113473057746887e-02,4.347552359104156494e-01,-2.075897693634033203e+00,-1.265591263771057129e+00,1.170489907264709473e+00,2.218288928270339966e-01
1.408162564039230347e-01,-7.749342173337936401e-02,8.683920502662658691e-01,-3.314168751239776611e-02,5.015128850936889648e-02,7.039763331413269043e-01,7.076749205589294434e-01,-2.284268587827682495e-01,3.753121793270111084e-01,1.754092425107955933e-01,2.527079582214355469e-01,-1.897828280925750732e-01,-1.004865318536758423e-01,-1.693674176931381226e-01,-3.767427802085876465e-01,-9.667040407657623291e-02,2.634854316711425781e-01,-1.836069375276565552e-01,1.726763695478439331e-01,-3.333567827939987183e-02,-1.373486757278442383e+00,1.719194054603576660e+00,-6.772547960281372070e-01,9.199392199516296387e-01,-3.426203876733779907e-02,4.318031668663024902e-01,-2.081078767776489258e+00,-1.269883990287780762e+00,1.177529811859130859e+00,2.120948284864425659e-01
1.254776716232299805e-01,-8.050452172756195068e-02,8.721529245376586914e-01,-3.072948753833770752e-02,5.062529072165489197e-02,7.007037997245788574e-01,7.109901309013366699e-01,-2.277148813009262085e-01,3.505909740924835205e-01,1.867220401763916016e-01,2.703856825828552246e-01,-1.949960887432098389e-01,-9.757866710424423218e-02,-1.618250906467437744e-01,-4.003896415233612061e-01,-1.008274108171463013e-01,2.202329933643341064e-01,-9.253028035163879395e-02,1.790474504232406616e-01,-3.491470590233802795e-02,-1.393782615661621094e+00,1.719128847122192383e+00,-6.999214291572570801e-01,9.206933379173278809e-01,-1.515704113990068436e-02,4.268674254417419434e-01,-2.088186740875244141e+00,-1.269152283668518066e+00,1.179126501083374023e+00,1.989003419876098633e-01
1.067477613687515259e-01,-8.298373967409133911e-02,8.758213520050048828e-01,-2.803285978734493256e-02,5.036404356360435486e-02,6.972357630729675293e-01,7.145208120346069336e-01,-2.261955589056015015e-01,3.227863609790802002e-01,2.014672607183456421e-01,2.892448604106903076e-01,-2.066630572080612183e-01,-9.114188700914382935e-02,-1.594738811254501343e-01,-4.290018081665039062e-01,-1.093851178884506226e-01,1.878032535314559937e-01,1.208696886897087097e-02,1.908224821090698242e-01,-3.130119666457176208e-02,-1.415026903152465820e+00,1.718969225883483887e+00,-7.184334993362426758e-01,9.246783256530761719e-01,-7.517246529459953308e-03,4.210800230503082275e-01,-2.085985422134399414e+00,-1.273074626922607422e+00,1.175725817680358887e+00,2.059751749038696289e-01
8.839443325996398926e-02,-8.473619073629379272e-02,8.789125084877014160e-01,-2.599384821951389313e-02,4.955743253231048584e-02,6.935701966285705566e-01,7.182121872901916504e-01,-2.255677729845046997e-01,2.980136275291442871e-01,2.151723355054855347e-01,3.085154891014099121e-01,-2.212980091571807861e-01,-8.418925106525421143e-02,-1.603051722049713135e-01,-4.565597474575042725e-01,-1.299199163913726807e-01,1.657310426235198975e-01,9.143278002738952637e-02,1.950709819793701172e-01,-2.862668596208095551e-02,-1.436913132667541504e+00,1.721688270568847656e+00,-7.374831438064575195e-01,9.284991025924682617e-01,5.543782841414213181e-03,4.162756204605102539e-01,-2.086041927337646484e+00,-1.273275971412658691e+00,1.172571778297424316e+00,2.119866460561752319e-01
7.513751834630966187e-02,-8.613298088312149048e-02,8.814622163772583008e-01,-2.425007894635200500e-02,4.897809773683547974e-02,6.899884343147277832e-01,7.217541337013244629e-01,-2.282579690217971802e-01,2.808063328266143799e-01,2.240131646394729614e-01,3.298192620277404785e-01,-2.263533174991607666e-01,-7.915464788675308228e-02,-1.609372049570083618e-01,-4.738495349884033203e-01,-1.507051885128021240e-01,1.559819281101226807e-01,1.222044229507446289e-01,1.873407214879989624e-01,-2.717593871057033539e-02,-1.460416913032531738e+00,1.726980328559875488e+00,-7.591108083724975586e-01,9.302411675453186035e-01,2.530704624950885773e-02,4.130934774875640869e-01,-2.091444730758666992e+00,-1.264245867729187012e+00,1.168924212455749512e+00,2.011726498603820801e-01
5.619344487786293030e-02,-9.019709378480911255e-02,8.836997747421264648e-01,-2.330042980611324310e-02,4.738759621977806091e-02,6.851599216461181641e-01,7.264760136604309082e-01,-2.328452914953231812e-01,2.601231634616851807e-01,2.398103922605514526e-01,3.497777581214904785e-01,-2.410519421100616455e-01,-6.858478486537933350e-02,-1.663268059492111206e-01,-4.942924678325653076e-01,-1.770088970661163330e-01,1.574710011482238770e-01,1.534862220287322998e-01,1.820631772279739380e-01,-2.151719853281974792e-02,-1.482090473175048828e+00,1.726575136184692383e+00,-7.808560729026794434e-01,9.354607462882995605e-01,3.529856353998184204e-02,4.071274101734161377e-01,-2.091509103775024414e+00,-1.260390639305114746e+00,1.161126494407653809e+00,2.116443961858749390e-01
3.412519395351409912e-02,-9.197790920734405518e-02,8.855375647544860840e-01,-2.506901323795318604e-02,4.488636553287506104e-02,6.807547211647033691e-01,7.307050228118896484e-01,-2.411026060581207275e-01,2.413776814937591553e-01,2.538214325904846191e-01,3.744856715202331543e-01,-2.657816708087921143e-01,-5.168041586875915527e-02,-1.754962354898452759e-01,-5.073304772377014160e-01,-2.081222683191299438e-01,1.723828762769699097e-01,1.674913018941879272e-01,1.659645438194274902e-01,-1.699900813400745392e-02,-1.515241146087646484e+00,1.720132827758789062e+00,-8.110578656196594238e-01,9.478170871734619141e-01,3.045416250824928284e-02,4.021142721176147461e-01,-2.087201356887817383e+00,-1.252338528633117676e+00,1.157165408134460449e+00,2.234652042388916016e-01
1.593430526554584503e-02,-9.186203032732009888e-02,8.866630792617797852e-01,-2.825574390590190887e-02,4.350068420171737671e-02,6.749461889266967773e-01,7.360414266586303711e-01,-2.448271811008453369e-01,2.292439192533493042e-01,2.723875641822814941e-01,3.895103633403778076e-01,-2.907617390155792236e-01,-3.515392169356346130e-02,-1.810461580753326416e-01,-5.098426342010498047e-01,-2.436651438474655151e-01,2.025522440671920776e-01,1.446388661861419678e-01,1.521342396736145020e-01,-9.927053004503250122e-03,-1.548313975334167480e+00,1.714902162551879883e+00,-8.426240682601928711e-01,9.591204524040222168e-01,3.641378879547119141e-02,3.963674306869506836e-01,-2.086134195327758789e+00,-1.247005105018615723e+00,1.151082634925842285e+00,2.271386533975601196e-01
-1.935078616952523589e-04,-8.971233665943145752e-02,8.879442811012268066e-01,-3.297689929604530334e-02,4.202963784337043762e-02,6.695820093154907227e-01,7.408143877983093262e-01,-2.491600513458251953e-01,2.222120314836502075e-01,2.882134020328521729e-01,4.049855768680572510e-01,-3.143057227134704590e-01,-1.690555736422538757e-02,-1.897574067115783691e-01,-5.030603408813476562e-01,-2.693457603454589844e-01,2.578917443752288818e-01,1.054393798112869263e-01,1.318508088588714600e-01,-1.845473772846162319e-03,-1.586062550544738770e+00,1.701359629631042480e+00,-8.675188422203063965e-01,9.735811948776245117e-01,2.032721042633056641e-02,3.939534425735473633e-01,-2.082157611846923828e+00,-1.250661253929138184e+00,1.144613265991210938e+00,2.453462332487106323e-01
-1.606393419206142426e-02,-8.704675734043121338e-02,8.891708254814147949e-01,-3.896166756749153137e-02,4.060754552483558655e-02,6.622233390808105469e-01,7.471902370452880859e-01,-2.501885592937469482e-01,2.182188928127288818e-01,3.074735105037689209e-01,4.126218259334564209e-01,-3.390601277351379395e-01,1.059125526808202267e-03,-2.072790414094924927e-01,-4.924512207508087158e-01,-2.969128489494323730e-01,3.335255086421966553e-01,5.453405529260635376e-02,1.111578196287155151e-01,9.100786410272121429e-03,-1.632197856903076172e+00,1.683683156967163086e+00,-9.025689959526062012e-01,9.913575053215026855e-01,-1.681035035289824009e-03,4.023666977882385254e-01,-2.073545217514038086e+00,-1.257643342018127441e+00,1.131660342216491699e+00,2.603440284729003906e-01
-2.560697309672832489e-02,-8.464331179857254028e-02,8.902980089187622070e-01,-4.333885759115219116e-02,4.108296707272529602e-02,6.571755409240722656e-01,7.513682246208190918e-01,-2.521150410175323486e-01,2.151602059602737427e-01,3.209748268127441406e-01,4.162513911724090576e-01,-3.512368202209472656e-01,1.599546335637569427e-02,-2.237073630094528198e-01,-4.758118391036987305e-01,-3.146508932113647461e-01,4.074940979480743408e-01,5.183218512684106827e-03,9.231097251176834106e-02,1.657111383974552155e-02,-1.677735447883605957e+00,1.670488953590393066e+00,-9.372802376747131348e-01,1.011358618736267090e+00,-1.821442134678363800e-02,4.167529046535491943e-01,-2.068142652511596680e+00,-1.270425558090209961e+00,1.110999584197998047e+00,2.751915752887725830e-01
-3.662556782364845276e-02,-8.011158555746078491e-02,8.919506669044494629e-01,-4.772828891873359680e-02,4.073857516050338745e-02,6.511965394020080566e-01,7.563104033470153809e-01,-2.498310655355453491e-01,2.105032056570053101e-01,3.326537311077117920e-01,4.206867218017578125e-01,-3.638745248317718506e-01,3.439626097679138184e-02,-2.413494884967803955e-01,-4.353914856910705566e-01,-3.299635648727416992e-01,5.031538009643554688e-01,-6.834545731544494629e-02,7.778205722570419312e-02,2.583897486329078674e-02,-1.721909403800964355e+00,1.649591445922851562e+00,-9.636535644531250000e-01,1.026665449142456055e+00,-4.108464345335960388e-02,4.412033259868621826e-01,-2.056860208511352539e+00,-1.292173147201538086e+00,1.104603052139282227e+00,2.943232357501983643e-01
-5.241224914789199829e-02,-7.516234368085861206e-02,8.937920331954956055e-01,-5.180718749761581421e-02,3.918392583727836609e-02,6.474128961563110352e-01,7.593662738800048828e-01,-2.454399317502975464e-01,1.954349279403686523e-01,3.364243805408477783e-01,4.203525781631469727e-01,-3.786658048629760742e-01,6.000001356005668640e-02,-2.699891626834869385e-01,-3.635214865207672119e-01,-3.303153216838836670e-01,6.205430626869201660e-01,-1.504799425601959229e-01,7.371331751346588135e-02,2.857712842524051666e-02,-1.767218947410583496e+00,1.630502581596374512e+00,-9.938896298408508301e-01,1.035582661628723145e+00,-6.932647526264190674e-02,4.834502339363098145e-01,-2.042697668075561523e+00,-1.327935218811035156e+00,1.097155332565307617e+00,3.028605878353118896e-01
-6.241277232766151428e-02,-6.962433457374572754e-02,8.954001069068908691e-01,-5.344521254301071167e-02,4.206445813179016113e-02,6.432539820671081543e-01,7.626260519027709961e-01,-2.392413616180419922e-01,1.765467673540115356e-01,3.399241864681243896e-01,4.108036756515502930e-01,-3.799579441547393799e-01,7.273792475461959839e-02,-2.815355658531188965e-01,-2.956173717975616455e-01,-3.303970396518707275e-01,6.664066314697265625e-01,-1.961580067873001099e-01,7.489719986915588379e-02,3.419018164277076721e-02,-1.796858906745910645e+00,1.613533735275268555e+00,-1.005334496498107910e+00,1.045890212059020996e+00,-1.045260801911354065e-01,5.243300795555114746e-01,-2.030234813690185547e+00,-1.366791605949401855e+00,1.080478787422180176e+00,3.272787034511566162e-01
-6.784877926111221313e-02,-6.609284877777099609e-02,8.973290920257568359e-01,-5.332045257091522217e-02,4.600399360060691833e-02,6.404907703399658203e-01,7.647301554679870605e-01,-2.324955165386199951e-01,1.594658941030502319e-01,3.446449935436248779e-01,3.948638439178466797e-01,-3.687740564346313477e-01,7.514332979917526245e-02,-2.802548706531524658e-01,-2.339110225439071655e-01,-3.320811390876770020e-01,6.699164509773254395e-01,-2.155303657054901123e-01,7.862529158592224121e-02,3.423260897397994995e-02,-1.812150359153747559e+00,1.603349804878234863e+00,-1.011536598205566406e+00,1.053459167480468750e+00,-1.263928413391113281e-01,5.577847957611083984e-01,-2.026150226593017578e+00,-1.397835016250610352e+00,1.070250749588012695e+00,3.354761600494384766e-01
-7.123701274394989014e-02,-6.260610371828079224e-02,8.994463682174682617e-01,-5.173222720623016357e-02,5.077171325683593750e-02,6.395627260208129883e-01,7.653140425682067871e-01,-2.242351174354553223e-01,1.397837251424789429e-01,3.462758660316467285e-01,3.742591142654418945e-01,-3.512592911720275879e-01,7.172504067420959473e-02,-2.705999910831451416e-01,-1.770949959754943848e-01,-3.230008184909820557e-01,6.377532482147216797e-01,-2.232260107994079590e-01,8.231019228696823120e-02,3.444420546293258667e-02,-1.819970726966857910e+00,1.596800923347473145e+00,-1.011572837829589844e+00,1.058016300201416016e+00,-1.449187546968460083e-01,5.952036976814270020e-01,-2.018844842910766602e+00,-1.432955503463745117e+00,1.055494308471679688e+00,3.428863286972045898e-01
-7.198764383792877197e-02,-5.904205888509750366e-02,9.017762541770935059e-01,-4.974101856350898743e-02,5.655228346586227417e-02,6.379918456077575684e-01,7.663511633872985840e-01,-2.127453684806823730e-01,1.205412819981575012e-01,3.469797372817993164e-01,3.454369604587554932e-01,-3.292366266250610352e-01,6.562233716249465942e-02,-2.514878809452056885e-01,-1.401636898517608643e-01,-3.154481947422027588e-01,5.730195045471191406e-01,-2.170340269804000854e-01,8.449765294790267944e-02,3.285193443298339844e-02,-1.825197577476501465e+00,1.594339132308959961e+00,-1.010644078254699707e+00,1.063958644866943359e+00,-1.563614755868911743e-01,6.343872547149658203e-01,-2.020505905151367188e+00,-1.467344641685485840e+00,1.043811202049255371e+00,3.446117937564849854e-01
-7.500708848237991333e-02,-5.139030143618583679e-02,9.029167294502258301e-01,-4.683252051472663879e-02,6.552410870790481567e-02,6.349050998687744141e-01,7.683806419372558594e-01,-1.986477226018905640e-01,9.072539955377578735e-02,3.525686264038085938e-01,3.165744543075561523e-01,-3.131189644336700439e-01,5.880108103156089783e-02,-2.193723469972610474e-01,-9.950901567935943604e-02,-2.984122633934020996e-01,4.758827388286590576e-01,-2.209602445363998413e-01,7.999844104051589966e-02,3.235120326280593872e-02,-1.820858240127563477e+00,1.590925931930541992e+00,-1.008398413658142090e+00,1.068093657493591309e+00,-1.592796295881271362e-01,6.617429256439208984e-01,-2.020224809646606445e+00,-1.492032766342163086e+00,1.032432436943054199e+00,3.521464467048645020e-01
-7.343882322311401367e-02,-4.958313703536987305e-02,9.043231606483459473e-01,-4.431208595633506775e-02,7.069315761327743530e-02,6.317968368530273438e-01,7.706307172775268555e-01,-1.918506026268005371e-01,7.788130640983581543e-02,3.534934818744659424e-01,2.997405827045440674e-01,-2.942712306976318359e-01,4.602009803056716919e-02,-1.887499839067459106e-01,-9.022799879312515259e-02,-3.028366863727569580e-01,3.973753154277801514e-01,-2.237934768199920654e-01,7.008942216634750366e-02,3.625594079494476318e-02,-1.819754600524902344e+00,1.592988967895507812e+00,-1.008392453193664551e+00,1.067733049392700195e+00,-1.541439145803451538e-01,6.877248883247375488e-01,-2.025895833969116211e+00,-1.516545414924621582e+00,1.025707602500915527e+00,3.481258749961853027e-01
-7.427987456321716309e-02,-4.910064116120338440e-02,9.045730233192443848e-01,-4.283845797181129456e-02,7.471960783004760742e-02,6.282524466514587402e-01,7.732274532318115234e-01,-1.894414871931076050e-01,6.643752008676528931e-02,3.555419147014617920e-01,2.895527780055999756e-01,-2.890274822711944580e-01,3.517967462539672852e-02,-1.596970409154891968e-01,-8.902680128812789917e-02,-3.119849860668182373e-01,3.244612514972686768e-01,-2.421898990869522095e-01,6.301934272050857544e-02,4.125028103590011597e-02,-1.824127674102783203e+00,1.590596556663513184e+00,-1.006740808486938477e+00,1.066723585128784180e+00,-1.516803503036499023e-01,7.062867879867553711e-01,-2.035324573516845703e+00,-1.543868541717529297e+00,1.025233745574951172e+00,3.394098281860351562e-01
-7.590309530496597290e-02,-5.064717680215835571e-02,9.045727849006652832e-01,-4.134641215205192566e-02,7.493048906326293945e-02,6.272945404052734375e-01,7.740654945373535156e-01,-1.883564591407775879e-01,5.818592384457588196e-02,3.476548790931701660e-01,2.854922413825988770e-01,-2.918229699134826660e-01,3.477756306529045105e-02,-1.440565884113311768e-01,-8.873040974140167236e-02,-3.166826963424682617e-01,2.877864241600036621e-01,-2.469893097877502441e-01,5.542641505599021912e-02,4.335714504122734070e-02,-1.829766035079956055e+00,1.589275717735290527e+00,-1.006085634231567383e+00,1.064095854759216309e+00,-1.476063132286071777e-01,7.323415279388427734e-01,-2.045200586318969727e+00,-1.581811904907226562e+00,1.030022025108337402e+00,3.278416693210601807e-01
-7.578532397747039795e-02,-5.007562786340713501e-02,9.040309786796569824e-01,-4.006735980510711670e-02,7.454781234264373779e-02,6.275099515914916992e-01,7.739951610565185547e-01,-1.871952861547470093e-01,5.269048362970352173e-02,3.384484052658081055e-01,2.900156080722808838e-01,-3.026983737945556641e-01,4.078156128525733948e-02,-1.413641273975372314e-01,-9.059573709964752197e-02,-3.168885409832000732e-01,2.898131906986236572e-01,-2.513253390789031982e-01,5.182815715670585632e-02,4.151739925146102905e-02,-1.833930969238281250e+00,1.596697688102722168e+00,-1.014328479766845703e+00,1.057730078697204590e+00,-1.409149616956710815e-01,7.566421627998352051e-01,-2.053658246994018555e+00,-1.613237500190734863e+00,1.030675411224365234e+00,3.196319341659545898e-01
-7.752405107021331787e-02,-4.805177077651023865e-02,9.033687710762023926e-01,-4.020659253001213074e-02,7.275046408176422119e-02,6.283977627754211426e-01,7.734384536743164062e-01,-1.866906881332397461e-01,5.025985464453697205e-02,3.309012353420257568e-01,2.992504835128784180e-01,-3.161337673664093018e-01,5.034771934151649475e-02,-1.500679850578308105e-01,-9.532573819160461426e-02,-3.143428564071655273e-01,3.211826682090759277e-01,-2.495931684970855713e-01,5.236078053712844849e-02,3.893148526549339294e-02,-1.837682723999023438e+00,1.603183150291442871e+00,-1.022594571113586426e+00,1.051202058792114258e+00,-1.340838074684143066e-01,7.793396115303039551e-01,-2.057483196258544922e+00,-1.643745064735412598e+00,1.030983686447143555e+00,3.188913166522979736e-01
-7.824810594320297241e-02,-4.732223600149154663e-02,9.029769897460937500e-01,-3.949273750185966492e-02,6.818235665559768677e-02,6.309145689010620117e-01,7.718408703804016113e-01,-1.875081062316894531e-01,5.366552993655204773e-02,3.182857930660247803e-01,3.192116022109985352e-01,-3.272398412227630615e-01,5.857971683144569397e-02,-1.791864484548568726e-01,-1.046471148729324341e-01,-3.080214560031890869e-01,4.056464433670043945e-01,-2.255679368972778320e-01,6.558031588792800903e-02,3.465623036026954651e-02,-1.842227220535278320e+00,1.614104390144348145e+00,-1.028654098510742188e+00,1.044267296791076660e+00,-1.381572335958480835e-01,8.013129830360412598e-01,-2.059310674667358398e+00,-1.672160148620605469e+00,1.025137186050415039e+00,3.224569261074066162e-01
-8.137939125299453735e-02,-4.613700509071350098e-02,9.011984467506408691e-01,-4.019829258322715759e-02,6.444606184959411621e-02,6.321696639060974121e-01,7.710981369018554688e-01,-1.930931359529495239e-01,5.574718490242958069e-02,3.070942461490631104e-01,3.436059057712554932e-01,-3.495226502418518066e-01,7.055230438709259033e-02,-2.098949700593948364e-01,-1.180238574743270874e-01,-2.940574288368225098e-01,4.861593544483184814e-01,-2.052163183689117432e-01,8.494966477155685425e-02,2.934436872601509094e-02,-1.845540881156921387e+00,1.623717904090881348e+00,-1.037693738937377930e+00,1.038569211959838867e+00,-1.429808139801025391e-01,8.293033242225646973e-01,-2.059512615203857422e+00,-1.707448482513427734e+00,1.025085687637329102e+00,3.281077146530151367e-01
-8.006523549556732178e-02,-4.793184623122215271e-02,8.989998698234558105e-01,-4.098839685320854187e-02,5.732162669301033020e-02,6.345576643943786621e-01,7.696562409400939941e-01,-2.026696056127548218e-01,7.150955498218536377e-02,2.917264699935913086e-01,3.816233277320861816e-01,-3.746954798698425293e-01,8.040647208690643311e-02,-2.474033832550048828e-01,-1.479029208421707153e-01,-2.968878448009490967e-01,5.992810726165771484e-01,-1.842494755983352661e-01,9.168098121881484985e-02,2.681694366037845612e-02,-1.848674416542053223e+00,1.638022661209106445e+00,-1.055269360542297363e+00,1.030204772949218750e+00,-1.460957825183868408e-01,8.534561991691589355e-01,-2.061661958694458008e+00,-1.735950112342834473e+00,1.021733522415161133e+00,3.301579952239990234e-01
-7.677390426397323608e-02,-4.825526103377342224e-02,8.957986831665039062e-01,-4.278476163744926453e-02,5.114764720201492310e-02,6.341239809989929199e-01,7.703506946563720703e-01,-2.155351936817169189e-01,9.288814663887023926e-02,2.787901163101196289e-01,4.286921620368957520e-01,-4.043360948562622070e-01,8.627760410308837891e-02,-2.826602160930633545e-01,-1.961312144994735718e-01,-3.034485578536987305e-01,7.109183669090270996e-01,-1.857725977897644043e-01,8.912179619073867798e-02,2.595804259181022644e-02,-1.859519720077514648e+00,1.646918892860412598e+00,-1.079249858856201172e+00,1.029508233070373535e+00,-1.365923732519149780e-01,8.692119121551513672e-01,-2.067420959472656250e+00,-1.755260348320007324e+00,1.028477549552917480e+00,3.216696679592132568e-01
-7.493882626295089722e-02,-4.787776991724967957e-02,8.919020891189575195e-01,-4.439343884587287903e-02,4.485923051834106445e-02,6.352747082710266113e-01,7.697031497955322266e-01,-2.243786007165908813e-01,1.091783493757247925e-01,2.640901803970336914e-01,4.681085944175720215e-01,-4.399159252643585205e-01,9.379456937313079834e-02,-3.175865113735198975e-01,-2.490559369325637817e-01,-3.020585775375366211e-01,7.967067956924438477e-01,-1.884146630764007568e-01,8.667089045047760010e-02,2.529550902545452118e-02,-1.875151872634887695e+00,1.649968504905700684e+00,-1.110440492630004883e+00,1.032944917678833008e+00,-1.218487098813056946e-01,8.765760660171508789e-01,-2.073997020721435547e+00,-1.770161151885986328e+00,1.044780492782592773e+00,3.193353116512298584e-01
-6.793640553951263428e-02,-5.035973712801933289e-02,8.885508179664611816e-01,-4.361543431878089905e-02,3.925015404820442200e-02,6.367507576942443848e-01,7.688339352607727051e-01,-2.273607105016708374e-01,1.279776841402053833e-01,2.519273757934570312e-01,4.932416379451751709e-01,-4.669941365718841553e-01,9.163708239793777466e-02,-3.470821976661682129e-01,-3.039343953132629395e-01,-2.919436097145080566e-01,8.388271331787109375e-01,-1.968772411346435547e-01,8.511232584714889526e-02,1.925010234117507935e-02,-1.898589372634887695e+00,1.653710126876831055e+00,-1.141924619674682617e+00,1.035646438598632812e+00,-1.136594638228416443e-01,8.760566115379333496e-01,-2.078661680221557617e+00,-1.777321577072143555e+00,1.061211347579956055e+00,3.185675442218780518e-01
-6.497435271739959717e-02,-4.864603281021118164e-02,8.868851065635681152e-01,-4.443467780947685242e-02,3.546046465635299683e-02,6.391881704330444336e-01,7.669462561607360840e-01,-2.222133576869964600e-01,1.372585445642471313e-01,2.433446198701858521e-01,4.981878399848937988e-01,-4.838672578334808350e-01,8.707667142152786255e-02,-3.615707457065582275e-01,-3.389425873756408691e-01,-2.834216654300689697e-01,8.274011015892028809e-01,-1.996168643236160278e-01,8.314196765422821045e-02,1.293817907571792603e-02,-1.913513660430908203e+00,1.654989004135131836e+00,-1.163121819496154785e+00,1.042950034141540527e+00,-1.140958070755004883e-01,8.725003004074096680e-01,-2.074983358383178711e+00,-1.782681465148925781e+00,1.079321026802062988e+00,3.102602064609527588e-01
-5.120921880006790161e-02,-4.890564084053039551e-02,8.864245414733886719e-01,-4.233476892113685608e-02,3.370657935738563538e-02,6.436414718627929688e-01,7.634115815162658691e-01,-2.124200165271759033e-01,1.525027155876159668e-01,2.282700389623641968e-01,4.886009693145751953e-01,-4.827297925949096680e-01,7.057742774486541748e-02,-3.655973970890045166e-01,-3.945859968662261963e-01,-2.719164192676544189e-01,7.422559857368469238e-01,-1.792183816432952881e-01,8.492740243673324585e-02,3.651228034868836403e-03,-1.926413297653198242e+00,1.657929897308349609e+00,-1.188479900360107422e+00,1.049841165542602539e+00,-9.871290624141693115e-02,8.657448887825012207e-01,-2.077526330947875977e+00,-1.780057787895202637e+00,1.094809651374816895e+00,3.092209994792938232e-01
-3.841191902756690979e-02,-4.587124660611152649e-02,8.872821331024169922e-01,-3.992794826626777649e-02,3.543486446142196655e-02,6.482833027839660645e-01,7.595254182815551758e-01,-1.996178627014160156e-01,1.583084315061569214e-01,2.144586145877838135e-01,4.680137038230895996e-01,-4.637381136417388916e-01,5.433728545904159546e-02,-3.529886305332183838e-01,-4.279217720031738281e-01,-2.599287629127502441e-01,6.168836355209350586e-01,-1.304616332054138184e-01,9.664537757635116577e-02,-7.508973125368356705e-03,-1.939530968666076660e+00,1.656650424003601074e+00,-1.209809422492980957e+00,1.058115243911743164e+00,-9.155513346195220947e-02,8.574504256248474121e-01,-2.075928449630737305e+00,-1.772138118743896484e+00,1.111236810684204102e+00,3.040781319141387939e-01
-2.719772234559059143e-02,-4.302119463682174683e-02,8.881819844245910645e-01,-3.652898594737052917e-02,3.681901469826698303e-02,6.542698740959167480e-01,7.544805407524108887e-01,-1.791060417890548706e-01,1.584240794181823730e-01,2.007892131805419922e-01,4.320761859416961670e-01,-4.425839781761169434e-01,3.490839526057243347e-02,-3.337986767292022705e-01,-4.518361687660217285e-01,-2.509984970092773438e-01,4.674646556377410889e-01,-5.834300071001052856e-02,1.270021796226501465e-01,-1.796471327543258667e-02,-1.951800107955932617e+00,1.657319664955139160e+00,-1.226598143577575684e+00,1.063443899154663086e+00,-9.683459252119064331e-02,8.481159210205078125e-01,-2.072377204895019531e+00,-1.761952877044677734e+00,1.121903657913208008e+00,3.050057888031005859e-01
-1.355965249240398407e-02,-4.018548130989074707e-02,8.891249299049377441e-01,-3.105641342699527740e-02,3.837542980909347534e-02,6.600470542907714844e-01,7.496003508567810059e-01,-1.549253314733505249e-01,1.578136682510375977e-01,1.838778555393218994e-01,3.940894603729248047e-01,-4.099750518798828125e-01,1.297977473586797714e-02,-3.082318305969238281e-01,-4.625407457351684570e-01,-2.332226932048797607e-01,3.320268988609313965e-01,1.193136163055896759e-02,1.622687727212905884e-01,-2.800904959440231323e-02,-1.966442227363586426e+00,1.654575943946838379e+00,-1.239919543266296387e+00,1.069756031036376953e+00,-1.030670776963233948e-01,8.326195478439331055e-01,-2.071274042129516602e+00,-1.752012372016906738e+00,1.135723948478698730e+00,3.058357834815979004e-01
3.082436043769121170e-03,-3.594311326742172241e-02,8.897371292114257812e-01,-2.644328400492668152e-02,4.014056175947189331e-02,6.650330424308776855e-01,7.452654242515563965e-01,-1.311212331056594849e-01,1.640544384717941284e-01,1.681320816278457642e-01,3.603199720382690430e-01,-3.763609528541564941e-01,-1.148574799299240112e-02,-2.861663103103637695e-01,-4.631618261337280273e-01,-2.165737003087997437e-01,2.409944981336593628e-01,6.182634085416793823e-02,1.918878853321075439e-01,-3.637741878628730774e-02,-1.977243900299072266e+00,1.652962327003479004e+00,-1.249689340591430664e+00,1.071540236473083496e+00,-1.051714718341827393e-01,8.202512264251708984e-01,-2.071911334991455078e+00,-1.743713378906250000e+00,1.145514726638793945e+00,3.086081445217132568e-01
1.889829896390438080e-02,-3.558001667261123657e-02,8.898727893829345703e-01,-2.100270055234432220e-02,4.014388844370841980e-02,6.718434691429138184e-01,7.393062710762023926e-01,-1.140244752168655396e-01,1.705576330423355103e-01,1.461374461650848389e-01,3.319344520568847656e-01,-3.425225913524627686e-01,-2.869588136672973633e-02,-2.683480083942413330e-01,-4.543068110942840576e-01,-1.855709999799728394e-01,1.858033090829849243e-01,1.001688763499259949e-01,2.141375988721847534e-01,-4.556022956967353821e-02,-1.988846421241760254e+00,1.651491880416870117e+00,-1.259810090065002441e+00,1.072325348854064941e+00,-1.176012679934501648e-01,8.082513809204101562e-01,-2.073376417160034180e+00,-1.733383774757385254e+00,1.157300353050231934e+00,3.128249943256378174e-01
4.209016263484954834e-02,-3.074282407760620117e-02,8.889241814613342285e-01,-1.599061116576194763e-02,4.468071833252906799e-02,6.779334545135498047e-01,7.335899472236633301e-01,-1.000758111476898193e-01,1.817553788423538208e-01,1.214958280324935913e-01,3.078179359436035156e-01,-3.045068085193634033e-01,-5.017309635877609253e-02,-2.494660913944244385e-01,-4.367785155773162842e-01,-1.542939990758895874e-01,1.478208303451538086e-01,1.087369993329048157e-01,2.232932746410369873e-01,-5.257992818951606750e-02,-2.006048917770385742e+00,1.649475336074829102e+00,-1.276563167572021484e+00,1.074422121047973633e+00,-1.178668886423110962e-01,7.951459288597106934e-01,-2.083148479461669922e+00,-1.708366870880126953e+00,1.158928751945495605e+00,2.971344590187072754e-01
6.285685300827026367e-02,-2.921737544238567352e-02,8.871557116508483887e-01,-1.267171371728181839e-02,4.789280891418457031e-02,6.830155849456787109e-01,7.287217974662780762e-01,-9.346646815538406372e-02,1.978665590286254883e-01,1.073408052325248718e-01,2.885445058345794678e-01,-2.756286859512329102e-01,-6.272405385971069336e-02,-2.399923205375671387e-01,-4.186383485794067383e-01,-1.420176774263381958e-01,1.392447650432586670e-01,8.835215866565704346e-02,2.225882112979888916e-01,-5.517949536442756653e-02,-2.029658555984497070e+00,1.644586801528930664e+00,-1.292418599128723145e+00,1.077081680297851562e+00,-1.275374889373779297e-01,7.761362195014953613e-01,-2.092561006546020508e+00,-1.685958147048950195e+00,1.167368531227111816e+00,2.920284867286682129e-01
8.415503799915313721e-02,-2.700735256075859070e-02,8.852771520614624023e-01,-1.185716222971677780e-02,5.136366188526153564e-02,6.867130994796752930e-01,7.250146865844726562e-01,-8.969195187091827393e-02,2.207235544919967651e-01,1.023146286606788635e-01,2.699348032474517822e-01,-2.466074377298355103e-01,-7.682960480451583862e-02,-2.346085608005523682e-01,-3.996731042861938477e-01,-1.479987055063247681e-01,1.463534384965896606e-01,4.193907976150512695e-02,2.142769396305084229e-01,-5.543994903564453125e-02,-2.057536363601684570e+00,1.637527585029602051e+00,-1.306696057319641113e+00,1.082127213478088379e+00,-1.403855234384536743e-01,7.574886679649353027e-01,-2.100998163223266602e+00,-1.661978721618652344e+00,1.175568461418151855e+00,2.860175967216491699e-01
1.070441752672195435e-01,-2.506491541862487793e-02,8.834527730941772461e-01,-1.250258646905422211e-02,5.475144460797309875e-02,6.908456683158874512e-01,7.208177447319030762e-01,-8.830138295888900757e-02,2.497066855430603027e-01,1.059024930000305176e-01,2.487558871507644653e-01,-2.126610279083251953e-01,-9.139166772365570068e-02,-2.342998087406158447e-01,-3.777321577072143555e-01,-1.668162196874618530e-01,1.656252741813659668e-01,-1.984155178070068359e-02,1.964890360832214355e-01,-5.503390356898307800e-02,-2.083624362945556641e+00,1.632075786590576172e+00,-1.319508075714111328e+00,1.088278889656066895e+00,-1.578882634639739990e-01,7.405289411544799805e-01,-2.105683326721191406e+00,-1.640576720237731934e+00,1.181349515914916992e+00,2.783959209918975830e-01
1.226180493831634521e-01,-2.257983945310115814e-02,8.817886114120483398e-01,-1.323783211410045624e-02,5.617824569344520569e-02,6.948953270912170410e-01,7.167909145355224609e-01,-8.931076526641845703e-02,2.737842202186584473e-01,1.171074882149696350e-01,2.336629331111907959e-01,-1.821752488613128662e-01,-1.032392531633377075e-01,-2.330971062183380127e-01,-3.632504343986511230e-01,-1.833849996328353882e-01,1.831941902637481689e-01,-6.764616072177886963e-02,1.828340291976928711e-01,-5.488574132323265076e-02,-2.107498407363891602e+00,1.625978589057922363e+00,-1.327847480773925781e+00,1.091199517250061035e+00,-1.852516978979110718e-01,7.264093160629272461e-01,-2.106897830963134766e+00,-1.624973058700561523e+00,1.186685681343078613e+00,2.899132072925567627e-01
1.530610918998718262e-01,-1.838611625134944916e-02,8.801957964897155762e-01,-1.491066254675388336e-02,5.883426591753959656e-02,7.001731991767883301e-01,7.113885283470153809e-01,-9.866090863943099976e-02,3.216806352138519287e-01,1.286742240190505981e-01,2.111532241106033325e-01,-1.043819114565849304e-01,-1.307926774024963379e-01,-2.379301637411117554e-01,-3.322760164737701416e-01,-2.137362062931060791e-01,2.196393907070159912e-01,-1.522551774978637695e-01,1.456917375326156616e-01,-5.580701306462287903e-02,-2.132430315017700195e+00,1.627385497093200684e+00,-1.360754847526550293e+00,1.101122736930847168e+00,-1.753800362348556519e-01,7.108817100524902344e-01,-2.105546951293945312e+00,-1.582888245582580566e+00,1.182800292968750000e+00,2.675656676292419434e-01
1.692084968090057373e-01,-1.698240824043750763e-02,8.789549469947814941e-01,-1.547478511929512024e-02,6.118390336632728577e-02,7.046479582786560059e-01,7.067448496818542480e-01,-1.089640706777572632e-01,3.450348675251007080e-01,1.474815458059310913e-01,2.007459253072738647e-01,-8.947026729583740234e-02,-1.336143910884857178e-01,-2.408125251531600952e-01,-3.196405172348022461e-01,-2.361495941877365112e-01,2.385821342468261719e-01,-1.963315457105636597e-01,1.276322454214096069e-01,-5.532091483473777771e-02,-2.164061069488525391e+00,1.619856715202331543e+00,-1.381866097450256348e+00,1.103342294692993164e+00,-1.788550019264221191e-01,6.928597092628479004e-01,-2.102634429931640625e+00,-1.555679202079772949e+00,1.184249043464660645e+00,2.757312357425689697e-01
1.884867250919342041e-01,-1.755373924970626831e-02,8.774724006652832031e-01,-1.473291125148534775e-02,6.253821402788162231e-02,7.105605006217956543e-01,7.006965279579162598e-01,-1.235036849975585938e-01,3.701528608798980713e-01,1.663810014724731445e-01,2.123111933469772339e-01,-8.173943310976028442e-02,-1.335569471120834351e-01,-2.439371198415756226e-01,-3.044802844524383545e-01,-2.604340314865112305e-01,2.634540200233459473e-01,-2.473377436399459839e-01,1.046855822205543518e-01,-5.497242882847785950e-02,-2.184817075729370117e+00,1.620200872421264648e+00,-1.399611115455627441e+00,1.104689121246337891e+00,-1.687262654304504395e-01,6.759445071220397949e-01,-2.099271297454833984e+00,-1.520332694053649902e+00,1.181142091751098633e+00,2.733430862426757812e-01
2.069711685180664062e-01,-2.076665498316287994e-02,8.757402896881103516e-01,-1.349346525967121124e-02,6.332724541425704956e-02,7.178622484207153320e-01,6.931676268577575684e-01,-1.359932422637939453e-01,3.965782821178436279e-01,1.957128345966339111e-01,2.440049350261688232e-01,-7.977852970361709595e-02,-1.238316968083381653e-01,-2.515059113502502441e-01,-2.931928336620330811e-01,-2.886998653411865234e-01,2.946985065937042236e-01,-2.918556928634643555e-01,8.446432650089263916e-02,-5.688210204243659973e-02,-2.187271118164062500e+00,1.621852755546569824e+00,-1.399873375892639160e+00,1.103462219238281250e+00,-1.666694134473800659e-01,6.547660231590270996e-01,-2.096025943756103516e+00,-1.483480215072631836e+00,1.177781939506530762e+00,2.806161642074584961e-01
2.223061770200729370e-01,-2.470067702233791351e-02,8.738800883293151855e-01,-1.216620951890945435e-02,6.491860747337341309e-02,7.258188724517822266e-01,6.847076416015625000e-01,-1.479713469743728638e-01,4.133614301681518555e-01,2.403432130813598633e-01,3.094344735145568848e-01,-8.696390688419342041e-02,-1.053885668516159058e-01,-2.638894021511077881e-01,-2.898769974708557129e-01,-3.145651519298553467e-01,3.302413523197174072e-01,-3.288333117961883545e-01,6.787329912185668945e-02,-6.249288842082023621e-02,-2.190274953842163086e+00,1.631947517395019531e+00,-1.399667978286743164e+00,1.101253867149353027e+00,-1.827184408903121948e-01,6.313927173614501953e-01,-2.091615200042724609e+00,-1.448359608650207520e+00,1.169883608818054199e+00,2.858894467353820801e-01
2.339586019515991211e-01,-2.900801226496696472e-02,8.715720176696777344e-01,-1.121090073138475418e-02,6.806902587413787842e-02,7.315848469734191895e-01,6.782510876655578613e-01,-1.702927798032760620e-01,4.218512177467346191e-01,2.677012383937835693e-01,4.119323790073394775e-01,-1.015235856175422668e-01,-8.576135337352752686e-02,-2.776574492454528809e-01,-2.904513180255889893e-01,-3.339422047138214111e-01,3.530183732509613037e-01,-3.626439869403839111e-01,5.036651343107223511e-02,-6.235304474830627441e-02,-2.198948621749877930e+00,1.632970213890075684e+00,-1.399638295173645020e+00,1.099395871162414551e+00,-1.965447664260864258e-01,5.965818762779235840e-01,-2.091928243637084961e+00,-1.411775946617126465e+00,1.169957518577575684e+00,3.025687038898468018e-01
2.491759806871414185e-01,-3.291200473904609680e-02,8.697170019149780273e-01,-8.590028621256351471e-03,7.130067050457000732e-02,7.389761209487915039e-01,6.698930859565734863e-01,-2.043052911758422852e-01,4.219790399074554443e-01,2.904606461524963379e-01,5.833413004875183105e-01,-1.415351331233978271e-01,-6.513486802577972412e-02,-2.962041795253753662e-01,-2.937229573726654053e-01,-3.531172573566436768e-01,3.969573974609375000e-01,-3.943471014499664307e-01,3.358740359544754028e-02,-6.278219074010848999e-02,-2.205677747726440430e+00,1.641045808792114258e+00,-1.399708986282348633e+00,1.093129158020019531e+00,-2.267709076404571533e-01,5.547385811805725098e-01,-2.097513914108276367e+00,-1.372489452362060547e+00,1.169825553894042969e+00,3.167234957218170166e-01
2.679598927497863770e-01,-3.406580910086631775e-02,8.691003322601318359e-01,-8.497839793562889099e-03,7.584171742200851440e-02,7.467616200447082520e-01,6.606987714767456055e-01,-2.409704327583312988e-01,3.852979838848114014e-01,3.091511130332946777e-01,8.217612504959106445e-01,-1.996845602989196777e-01,-6.224635243415832520e-02,-3.170229196548461914e-01,-2.930258512496948242e-01,-3.810642361640930176e-01,4.446215927600860596e-01,-4.126170575618743896e-01,1.718101464211940765e-02,-5.746116861701011658e-02,-2.216238975524902344e+00,1.642377138137817383e+00,-1.399999976158142090e+00,1.091456294059753418e+00,-2.427328228950500488e-01,5.218003392219543457e-01,-2.098785400390625000e+00,-1.354957938194274902e+00,1.181560873985290527e+00,3.457710146903991699e-01
2.871821820735931396e-01,-3.445530310273170471e-02,8.693701028823852539e-01,-1.163089089095592499e-02,8.065093308687210083e-02,7.531935572624206543e-01,6.527324318885803223e-01,-2.437407672405242920e-01,3.097276389598846436e-01,3.169935047626495361e-01,9.575905203819274902e-01,-2.303315848112106323e-01,-6.721621751785278320e-02,-3.307784199714660645e-01,-2.778341770172119141e-01,-4.015533030033111572e-01,4.595043957233428955e-01,-4.161290228366851807e-01,1.016598427668213844e-03,-5.502513423562049866e-02,-2.230984926223754883e+00,1.636833667755126953e+00,-1.399999976158142090e+00,1.089340925216674805e+00,-2.612555325031280518e-01,5.023457407951354980e-01,-2.105979681015014648e+00,-1.344354391098022461e+00,1.177140593528747559e+00,3.742462694644927979e-01
3.027720451354980469e-01,-3.318773210048675537e-02,8.705131411552429199e-01,-1.862099207937717438e-02,8.564583957195281982e-02,7.596073746681213379e-01,6.444491744041442871e-01,-2.199051827192306519e-01,2.144985347986221313e-01,3.353232443332672119e-01,1.000614643096923828e+00,-2.336904108524322510e-01,-7.373015582561492920e-02,-3.391080498695373535e-01,-2.608117163181304932e-01,-4.307995140552520752e-01,4.532380402088165283e-01,-4.070712924003601074e-01,-8.890998549759387970e-03,-5.651394650340080261e-02,-2.237242221832275391e+00,1.632818579673767090e+00,-1.399999976158142090e+00,1.089101672172546387e+00,-2.704022228717803955e-01,4.878641366958618164e-01,-2.110792636871337891e+00,-1.324980139732360840e+00,1.166254162788391113e+00,3.868275582790374756e-01
3.141678869724273682e-01,-3.825829178094863892e-02,8.712624311447143555e-01,-2.668763697147369385e-02,8.587524294853210449e-02,7.665667533874511719e-01,6.358368992805480957e-01,-1.732541620731353760e-01,1.111417487263679504e-01,3.547305166721343994e-01,9.357159137725830078e-01,-2.274530082941055298e-01,-1.044100821018218994e-01,-3.406173586845397949e-01,-2.413711845874786377e-01,-4.748116731643676758e-01,4.273750185966491699e-01,-3.853153884410858154e-01,-1.315838191658258438e-03,-5.791385844349861145e-02,-2.245995759963989258e+00,1.629186391830444336e+00,-1.399999976158142090e+00,1.082862854003906250e+00,-2.804791033267974854e-01,4.912428259849548340e-01,-2.107960462570190430e+00,-1.319710135459899902e+00,1.150712490081787109e+00,3.866929113864898682e-01
3.210588693618774414e-01,-4.037189483642578125e-02,8.714687228202819824e-01,-3.559837862849235535e-02,8.384265005588531494e-02,7.715156674385070801e-01,6.296560764312744141e-01,-1.276053041219711304e-01,3.755794838070869446e-02,3.471325933933258057e-01,8.334089517593383789e-01,-2.153472751379013062e-01,-1.239607855677604675e-01,-3.408669233322143555e-01,-2.202553898096084595e-01,-5.089684128761291504e-01,4.070758223533630371e-01,-3.605199158191680908e-01,1.178593840450048447e-02,-6.007634848356246948e-02,-2.248732566833496094e+00,1.623601436614990234e+00,-1.399999976158142090e+00,1.077775239944458008e+00,-2.877102494239807129e-01,4.998947679996490479e-01,-2.102718353271484375e+00,-1.314991831779479980e+00,1.139905571937561035e+00,3.972689807415008545e-01
3.272101581096649170e-01,-5.204866826534271240e-02,8.687565922737121582e-01,-5.185736715793609619e-02,7.393454015254974365e-02,7.781100273132324219e-01,6.216022372245788574e-01,-5.882978439331054688e-02,-2.922682650387287140e-02,3.339637815952301025e-01,6.556108593940734863e-01,-2.160749286413192749e-01,-1.313606798648834229e-01,-3.608353435993194580e-01,-1.871313005685806274e-01,-5.563299655914306641e-01,3.999624252319335938e-01,-3.180546164512634277e-01,2.859805151820182800e-02,-6.770401448011398315e-02,-2.260547876358032227e+00,1.612395882606506348e+00,-1.399996757507324219e+00,1.067004203796386719e+00,-3.006656467914581299e-01,5.204234719276428223e-01,-2.093928813934326172e+00,-1.313365578651428223e+00,1.111551523208618164e+00,4.120714366436004639e-01
3.342645168304443359e-01,-6.999322026968002319e-02,8.647482991218566895e-01,-6.095409020781517029e-02,6.217379868030548096e-02,7.869694232940673828e-01,6.108175516128540039e-01,1.065607182681560516e-02,-5.597564205527305603e-02,3.197973668575286865e-01,4.817671179771423340e-01,-2.366469800472259521e-01,-1.159240975975990295e-01,-3.939767479896545410e-01,-1.764280647039413452e-01,-5.887506008148193359e-01,4.311286807060241699e-01,-2.606409490108489990e-01,5.013055726885795593e-02,-7.904465496540069580e-02,-2.271254062652587891e+00,1.605131983757019043e+00,-1.399210572242736816e+00,1.059937000274658203e+00,-3.284403979778289795e-01,5.490468740463256836e-01,-2.079310655593872070e+00,-1.323343992233276367e+00,1.079766154289245605e+00,4.253030717372894287e-01
3.318051993846893311e-01,-8.293599635362625122e-02,8.607201576232910156e-01,-6.549349427223205566e-02,5.331356823444366455e-02,7.926298379898071289e-01,6.038262844085693359e-01,4.543397203087806702e-02,-5.802163109183311462e-02,3.155235648155212402e-01,3.964655697345733643e-01,-2.916199862957000732e-01,-7.641619443893432617e-02,-4.230748116970062256e-01,-1.883508116006851196e-01,-6.010952591896057129e-01,4.777214527130126953e-01,-2.117279171943664551e-01,6.620532274246215820e-02,-8.720616996288299561e-02,-2.280685663223266602e+00,1.597404599189758301e+00,-1.399999976158142090e+00,1.056256532669067383e+00,-3.356530666351318359e-01,5.712409615516662598e-01,-2.072714805603027344e+00,-1.339448809623718262e+00,1.065867543220520020e+00,4.315126240253448486e-01
3.379171192646026611e-01,-9.363338351249694824e-02,8.571568727493286133e-01,-6.509115546941757202e-02,4.859803989529609680e-02,7.997936010360717773e-01,5.947533845901489258e-01,6.406579911708831787e-02,-5.336520075798034668e-02,3.308807313442230225e-01,3.557280898094177246e-01,-3.818471431732177734e-01,-2.329966239631175995e-02,-4.593116939067840576e-01,-2.161264568567276001e-01,-6.023172736167907715e-01,5.398070812225341797e-01,-1.452517360448837280e-01,9.612611681222915649e-02,-9.887000173330307007e-02,-2.291718721389770508e+00,1.586914777755737305e+00,-1.399999976158142090e+00,1.051936030387878418e+00,-3.318614363670349121e-01,5.977472066879272461e-01,-2.070480346679687500e+00,-1.358036756515502930e+00,1.051945209503173828e+00,4.256783425807952881e-01
3.441591262817382812e-01,-1.018309891223907471e-01,8.550798892974853516e-01,-6.361220777034759521e-02,4.399895295500755310e-02,8.041548132896423340e-01,5.893662571907043457e-01,6.734909862279891968e-02,-4.386884346604347229e-02,3.337282240390777588e-01,3.433898985385894775e-01,-4.375067949295043945e-01,9.619426913559436798e-03,-4.859437346458435059e-01,-2.414513677358627319e-01,-5.883430242538452148e-01,5.879147648811340332e-01,-1.165582984685897827e-01,1.045441105961799622e-01,-1.047147512435913086e-01,-2.297510147094726562e+00,1.574814915657043457e+00,-1.399999976158142090e+00,1.050857782363891602e+00,-3.225384354591369629e-01,6.191734075546264648e-01,-2.073077678680419922e+00,-1.378162145614624023e+00,1.046332478523254395e+00,4.343725740909576416e-01
3.474797606468200684e-01,-1.079181879758834839e-01,8.548838496208190918e-01,-6.376222521066665649e-02,3.949193283915519714e-02,8.060218691825866699e-01,5.871145725250244141e-01,6.785162538290023804e-02,-3.539881855249404907e-02,3.328329920768737793e-01,3.350607454776763916e-01,-4.654735922813415527e-01,2.531088143587112427e-02,-4.984442293643951416e-01,-2.594953179359436035e-01,-5.793431997299194336e-01,6.035902500152587891e-01,-1.130337938666343689e-01,9.746284782886505127e-02,-1.094371303915977478e-01,-2.300926923751831055e+00,1.565988302230834961e+00,-1.399999976158142090e+00,1.052393317222595215e+00,-3.172936439514160156e-01,6.377755999565124512e-01,-2.076171159744262695e+00,-1.393396496772766113e+00,1.042016744613647461e+00,4.392237067222595215e-01
3.518929779529571533e-01,-1.100006401538848877e-01,8.566164970397949219e-01,-6.382246315479278564e-02,3.826553747057914734e-02,8.074477314949035645e-01,5.852270126342773438e-01,6.970908492803573608e-02,-3.202016651630401611e-02,3.185259997844696045e-01,3.183080554008483887e-01,-4.643535017967224121e-01,2.824512682855129242e-02,-4.949514567852020264e-01,-2.664216458797454834e-01,-5.653495192527770996e-01,5.748164653778076172e-01,-1.140193343162536621e-01,9.169095754623413086e-02,-1.163020133972167969e-01,-2.301626682281494141e+00,1.562865495681762695e+00,-1.399999976158142090e+00,1.056757450103759766e+00,-3.066951036453247070e-01,6.622954010963439941e-01,-2.075631141662597656e+00,-1.408673167228698730e+00,1.034468650817871094e+00,4.320471882820129395e-01
3.560435771942138672e-01,-1.102989688515663147e-01,8.606018424034118652e-01,-6.391991674900054932e-02,3.819907829165458679e-02,8.108255267143249512e-01,5.805316567420959473e-01,7.333725690841674805e-02,-2.990399487316608429e-02,2.983177900314331055e-01,2.945852875709533691e-01,-4.351597130298614502e-01,2.195129357278347015e-02,-4.760835766792297363e-01,-2.516735792160034180e-01,-5.328575968742370605e-01,5.310193300247192383e-01,-1.097749397158622742e-01,9.316461533308029175e-02,-1.283172667026519775e-01,-2.297619581222534180e+00,1.563927531242370605e+00,-1.399999976158142090e+00,1.055441737174987793e+00,-3.026068210601806641e-01,6.872454881668090820e-01,-2.070466995239257812e+00,-1.424933195114135742e+00,1.031867146492004395e+00,4.162679314613342285e-01
3.591911792755126953e-01,-1.049230247735977173e-01,8.652894496917724609e-01,-6.290853023529052734e-02,4.105463996529579163e-02,8.143975734710693359e-01,5.754247903823852539e-01,7.931961864233016968e-02,-3.171200677752494812e-02,2.748908102512359619e-01,2.770281434059143066e-01,-3.800098299980163574e-01,1.681728055700659752e-03,-4.416336417198181152e-01,-2.218161076307296753e-01,-4.939326345920562744e-01,4.539731442928314209e-01,-1.074352711439132690e-01,1.000377982854843140e-01,-1.428572982549667358e-01,-2.288396596908569336e+00,1.571079730987548828e+00,-1.397581934928894043e+00,1.048226594924926758e+00,-2.932098805904388428e-01,7.164105772972106934e-01,-2.066289424896240234e+00,-1.442226767539978027e+00,1.024168372154235840e+00,3.926889300346374512e-01
3.616083860397338867e-01,-9.785120189189910889e-02,8.701997995376586914e-01,-6.101201474666595459e-02,4.385648295283317566e-02,8.170232176780700684e-01,5.716880559921264648e-01,7.853163778781890869e-02,-3.278275206685066223e-02,2.452650815248489380e-01,2.808978557586669922e-01,-3.098924458026885986e-01,-2.823174744844436646e-02,-4.031448066234588623e-01,-1.904477626085281372e-01,-4.547960758209228516e-01,3.942230045795440674e-01,-1.120350733399391174e-01,1.008459702134132385e-01,-1.502764523029327393e-01,-2.271623611450195312e+00,1.582437276840209961e+00,-1.389407277107238770e+00,1.035314798355102539e+00,-3.017920553684234619e-01,7.456821799278259277e-01,-2.056160449981689453e+00,-1.464022636413574219e+00,1.023537755012512207e+00,3.895404338836669922e-01
3.634953498840332031e-01,-9.219639003276824951e-02,8.738233447074890137e-01,-5.529665946960449219e-02,4.706948995590209961e-02,8.175828456878662109e-01,5.712136626243591309e-01,6.071157008409500122e-02,-3.789886459708213806e-02,2.171654403209686279e-01,3.301546275615692139e-01,-2.270670384168624878e-01,-6.905215978622436523e-02,-3.636847436428070068e-01,-1.692863106727600098e-01,-4.107666015625000000e-01,3.438898622989654541e-01,-1.311966776847839355e-01,9.094561636447906494e-02,-1.496945619583129883e-01,-2.246503829956054688e+00,1.591847777366638184e+00,-1.378528714179992676e+00,1.023817896842956543e+00,-3.150298595428466797e-01,7.678762674331665039e-01,-2.048663854598999023e+00,-1.488648295402526855e+00,1.036854028701782227e+00,3.961511254310607910e-01
3.667458295822143555e-01,-7.468959689140319824e-02,8.746840953826904297e-01,-4.868536815047264099e-02,5.254291370511054993e-02,8.153548240661621094e-01,5.745132565498352051e-01,3.980071842670440674e-02,-3.860219940543174744e-02,2.147174328565597534e-01,4.175730645656585693e-01,-1.430538743734359741e-01,-1.114690378308296204e-01,-3.301197290420532227e-01,-1.608185172080993652e-01,-3.841296434402465820e-01,3.272878229618072510e-01,-1.778700947761535645e-01,7.394919544458389282e-02,-1.406247317790985107e-01,-2.226541757583618164e+00,1.600885033607482910e+00,-1.368577957153320312e+00,1.013857841491699219e+00,-3.195685446262359619e-01,7.853943109512329102e-01,-2.050466775894165039e+00,-1.507743239402770996e+00,1.045741677284240723e+00,4.012961685657501221e-01
3.664881289005279541e-01,-5.491861328482627869e-02,8.724554181098937988e-01,-3.711665421724319458e-02,5.978295579552650452e-02,8.099545836448669434e-01,5.822558999061584473e-01,-1.500336732715368271e-02,-3.556844964623451233e-02,2.282698303461074829e-01,5.798845887184143066e-01,-1.185880377888679504e-01,-1.484900116920471191e-01,-3.044625818729400635e-01,-1.713978201150894165e-01,-3.538027703762054443e-01,3.493164479732513428e-01,-2.592824697494506836e-01,4.740755632519721985e-02,-1.237688586115837097e-01,-2.211756944656372070e+00,1.607776880264282227e+00,-1.361988782882690430e+00,1.004935979843139648e+00,-3.192230165004730225e-01,7.940507531166076660e-01,-2.059458971023559570e+00,-1.530071735382080078e+00,1.060319185256958008e+00,4.139977991580963135e-01
3.660345077514648438e-01,-3.672949969768524170e-02,8.666041493415832520e-01,-2.579341456294059753e-02,6.637245416641235352e-02,8.033852577209472656e-01,5.911865234375000000e-01,-1.017250418663024902e-01,6.376051343977451324e-03,2.428892105817794800e-01,7.835679650306701660e-01,-1.322552412748336792e-01,-1.556448638439178467e-01,-2.968984246253967285e-01,-1.861545741558074951e-01,-3.174259960651397705e-01,4.035848379135131836e-01,-3.529016971588134766e-01,1.865609735250473022e-02,-1.065383851528167725e-01,-2.212179183959960938e+00,1.619093418121337891e+00,-1.381796002388000488e+00,1.000378727912902832e+00,-3.101854622364044189e-01,7.851276993751525879e-01,-2.072769880294799805e+00,-1.534594893455505371e+00,1.081054449081420898e+00,4.152165055274963379e-01
3.631360232830047607e-01,-2.363785542547702789e-02,8.596590757369995117e-01,-1.776783540844917297e-02,6.896058470010757446e-02,7.962507009506225586e-01,6.007608175277709961e-01,-2.001301497220993042e-01,8.017802238464355469e-02,2.391379177570343018e-01,9.889380931854248047e-01,-1.618947088718414307e-01,-1.467352211475372314e-01,-3.050922155380249023e-01,-1.965166032314300537e-01,-2.788847982883453369e-01,4.748896658420562744e-01,-4.268556237220764160e-01,-8.711966685950756073e-03,-8.584281802177429199e-02,-2.205144882202148438e+00,1.627108931541442871e+00,-1.399999976158142090e+00,1.008380174636840820e+00,-2.694418430328369141e-01,7.452403903007507324e-01,-2.096833944320678711e+00,-1.512600541114807129e+00,1.117839574813842773e+00,3.895130455493927002e-01
3.574666082859039307e-01,-1.669497229158878326e-02,8.537539243698120117e-01,-1.309234462678432465e-02,6.643331795930862427e-02,7.906989455223083496e-01,6.084491610527038574e-01,-2.821055650711059570e-01,1.673905551433563232e-01,2.429407685995101929e-01,1.104638695716857910e+00,-2.123215794563293457e-01,-1.109353303909301758e-01,-3.076856732368469238e-01,-1.997137367725372314e-01,-2.519878149032592773e-01,5.219244956970214844e-01,-4.771705865859985352e-01,-1.770238578319549561e-02,-7.063389569520950317e-02,-2.192318677902221680e+00,1.629189729690551758e+00,-1.399999976158142090e+00,1.016553282737731934e+00,-2.383197844028472900e-01,6.914716362953186035e-01,-2.117493629455566406e+00,-1.474755644798278809e+00,1.144757628440856934e+00,3.714507520198822021e-01
3.470895290374755859e-01,-1.257331669330596924e-02,8.516694903373718262e-01,-9.971824474632740021e-03,6.273377686738967896e-02,7.862643003463745117e-01,6.146165132522583008e-01,-3.361387848854064941e-01,2.465304881334304810e-01,2.436537891626358032e-01,1.116101145744323730e+00,-2.444021999835968018e-01,-7.351056486368179321e-02,-2.981610298156738281e-01,-2.046531587839126587e-01,-2.293342202901840210e-01,5.343671441078186035e-01,-4.954656064510345459e-01,-1.572513207793235779e-02,-5.906780809164047241e-02,-2.187336921691894531e+00,1.631604313850402832e+00,-1.399999976158142090e+00,1.022899627685546875e+00,-2.176391184329986572e-01,6.493514180183410645e-01,-2.128905057907104492e+00,-1.443474173545837402e+00,1.160045862197875977e+00,3.724412024021148682e-01
3.375239670276641846e-01,-9.585115127265453339e-03,8.540770411491394043e-01,-7.763718254864215851e-03,6.068577989935874939e-02,7.818251252174377441e-01,6.204888820648193359e-01,-3.605231344699859619e-01,2.959530651569366455e-01,2.525613605976104736e-01,1.055370092391967773e+00,-2.564767301082611084e-01,-5.096356570720672607e-02,-2.811521589756011963e-01,-2.115625143051147461e-01,-2.191944122314453125e-01,5.182836651802062988e-01,-4.811828434467315674e-01,2.298599807545542717e-03,-4.870656505227088928e-02,-2.185168266296386719e+00,1.630512118339538574e+00,-1.399999976158142090e+00,1.028354406356811523e+00,-2.091738581657409668e-01,6.196216344833374023e-01,-2.137270927429199219e+00,-1.422361135482788086e+00,1.169493317604064941e+00,3.696424961090087891e-01
3.224927783012390137e-01,-7.259169593453407288e-03,8.590623140335083008e-01,-9.007380343973636627e-03,5.775765329599380493e-02,7.768216729164123535e-01,6.270015835762023926e-01,-3.630945682525634766e-01,3.290096223354339600e-01,2.492765486240386963e-01,8.905724883079528809e-01,-2.364942878484725952e-01,-4.763807728886604309e-02,-2.542703449726104736e-01,-2.157678902149200439e-01,-2.070739716291427612e-01,4.684158563613891602e-01,-4.444370567798614502e-01,2.545229718089103699e-02,-3.559750318527221680e-02,-2.187557935714721680e+00,1.629771232604980469e+00,-1.399999976158142090e+00,1.035732030868530273e+00,-2.076421231031417847e-01,6.045446395874023438e-01,-2.135297298431396484e+00,-1.402245402336120605e+00,1.173781275749206543e+00,3.691547214984893799e-01
3.079192936420440674e-01,-2.472613006830215454e-03,8.640849590301513672e-01,-1.067699491977691650e-02,5.297771841287612915e-02,7.705447673797607422e-01,6.350906491279602051e-01,-3.447172045707702637e-01,3.598618507385253906e-01,2.340581715106964111e-01,6.312569975852966309e-01,-1.613267362117767334e-01,-6.956502050161361694e-02,-2.155276387929916382e-01,-2.094044983386993408e-01,-1.852698922157287598e-01,4.002657234668731689e-01,-3.992230594158172607e-01,4.599595442414283752e-02,-2.120152488350868225e-02,-2.197138786315917969e+00,1.629722952842712402e+00,-1.399999976158142090e+00,1.037066578865051270e+00,-2.006660848855972290e-01,6.005373001098632812e-01,-2.120935678482055664e+00,-1.386938571929931641e+00,1.167833924293518066e+00,3.598719835281372070e-01
2.945230901241302490e-01,2.416726434603333473e-03,8.689135909080505371e-01,-1.342473551630973816e-02,4.799142852425575256e-02,7.651494145393371582e-01,6.419213414192199707e-01,-3.163267076015472412e-01,3.691092133522033691e-01,2.366125881671905518e-01,4.428634047508239746e-01,-1.008102595806121826e-01,-9.954369813203811646e-02,-1.832074373960494995e-01,-2.045833915472030640e-01,-1.732043474912643433e-01,3.456552028656005859e-01,-3.457295894622802734e-01,7.068282365798950195e-02,-1.077280659228563309e-02,-2.199983358383178711e+00,1.625224828720092773e+00,-1.399999976158142090e+00,1.046541929244995117e+00,-2.028932571411132812e-01,5.955036282539367676e-01,-2.113120317459106445e+00,-1.378346323966979980e+00,1.167085647583007812e+00,3.615616559982299805e-01
2.804211080074310303e-01,1.226556301116943359e-02,8.716099262237548828e-01,-1.802055165171623230e-02,4.431901872158050537e-02,7.591547966003417969e-01,6.491494774818420410e-01,-2.974500954151153564e-01,3.873090445995330811e-01,2.181492149829864502e-01,2.567789852619171143e-01,-5.499384179711341858e-02,-1.360457241535186768e-01,-1.494173258543014526e-01,-1.988955587148666382e-01,-1.569772213697433472e-01,2.927391529083251953e-01,-3.068890571594238281e-01,9.350014477968215942e-02,-2.960620040539652109e-04,-2.211509227752685547e+00,1.622942924499511719e+00,-1.399999976158142090e+00,1.058395862579345703e+00,-2.106916159391403198e-01,5.848185420036315918e-01,-2.105801820755004883e+00,-1.375332593917846680e+00,1.179167985916137695e+00,3.845116496086120605e-01
2.638960778713226318e-01,1.638174243271350861e-02,8.729830980300903320e-01,-2.023792266845703125e-02,4.018983244895935059e-02,7.545289397239685059e-01,6.547223329544067383e-01,-2.870346605777740479e-01,3.949893712997436523e-01,2.098346799612045288e-01,1.835793405771255493e-01,-2.959618158638477325e-02,-1.539725512266159058e-01,-1.285509318113327026e-01,-2.038053125143051147e-01,-1.356350481510162354e-01,2.610612213611602783e-01,-2.741096019744873047e-01,1.103332564234733582e-01,4.436955321580171585e-03,-2.218633413314819336e+00,1.613669991493225098e+00,-1.399999976158142090e+00,1.078584790229797363e+00,-2.159772515296936035e-01,5.692763328552246094e-01,-2.107278347015380859e+00,-1.374334335327148438e+00,1.199058294296264648e+00,3.999681472778320312e-01
2.467019259929656982e-01,1.958385482430458069e-02,8.721050620079040527e-01,-2.226869203150272369e-02,3.813831508159637451e-02,7.516846656799316406e-01,6.580423116683959961e-01,-2.719682455062866211e-01,3.937100470066070557e-01,2.080219089984893799e-01,1.637099683284759521e-01,-2.370586246252059937e-02,-1.583565473556518555e-01,-1.181411445140838623e-01,-2.169922292232513428e-01,-1.172143146395683289e-01,2.473635524511337280e-01,-2.590695917606353760e-01,1.208666265010833740e-01,2.345074201002717018e-03,-2.219820976257324219e+00,1.608212232589721680e+00,-1.399999976158142090e+00,1.086741328239440918e+00,-2.100518196821212769e-01,5.511767864227294922e-01,-2.112515211105346680e+00,-1.371729850769042969e+00,1.212454676628112793e+00,4.003060758113861084e-01
2.304914444684982300e-01,1.891381666064262390e-02,8.700420260429382324e-01,-2.437498793005943298e-02,3.469604626297950745e-02,7.475778460502624512e-01,6.628193259239196777e-01,-2.631541490554809570e-01,3.926422894001007080e-01,1.891424059867858887e-01,1.627927124500274658e-01,-2.616551145911216736e-02,-1.592880785465240479e-01,-1.175495013594627380e-01,-2.269093990325927734e-01,-9.306665509939193726e-02,2.401398271322250366e-01,-2.462442517280578613e-01,1.292473673820495605e-01,2.662188606336712837e-03,-2.222999811172485352e+00,1.607369899749755859e+00,-1.399999976158142090e+00,1.100141525268554688e+00,-2.130974531173706055e-01,5.262200832366943359e-01,-2.118169307708740234e+00,-1.366958141326904297e+00,1.222748637199401855e+00,3.976189196109771729e-01
2.078918814659118652e-01,1.825832948088645935e-02,8.681332468986511230e-01,-2.717450819909572601e-02,3.365070372819900513e-02,7.443532943725585938e-01,6.663838028907775879e-01,-2.526869773864746094e-01,3.748838007450103760e-01,1.832289695739746094e-01,1.826383918523788452e-01,-5.746076628565788269e-02,-1.480401605367660522e-01,-1.169952526688575745e-01,-2.496427893638610840e-01,-7.005955278873443604e-02,2.257443964481353760e-01,-2.216496020555496216e-01,1.423745751380920410e-01,-2.952107926830649376e-03,-2.222211122512817383e+00,1.602898836135864258e+00,-1.399999976158142090e+00,1.108840227127075195e+00,-2.066135108470916748e-01,4.983107447624206543e-01,-2.125104427337646484e+00,-1.357841610908508301e+00,1.232333064079284668e+00,3.941639959812164307e-01
1.799145787954330444e-01,1.387872360646724701e-02,8.677453398704528809e-01,-2.746141515672206879e-02,3.373353555798530579e-02,7.410483360290527344e-01,6.700412631034851074e-01,-2.481802403926849365e-01,3.416122496128082275e-01,1.824433505535125732e-01,2.211876362562179565e-01,-1.198579594492912292e-01,-1.308763027191162109e-01,-1.200706139206886292e-01,-2.854088544845581055e-01,-4.054598882794380188e-02,2.090794146060943604e-01,-1.660254746675491333e-01,1.609069108963012695e-01,-6.776732392609119415e-03,-2.216759681701660156e+00,1.597687482833862305e+00,-1.399999976158142090e+00,1.114101529121398926e+00,-1.943930238485336304e-01,4.743999838829040527e-01,-2.131211996078491211e+00,-1.352357149124145508e+00,1.248015880584716797e+00,3.846281468868255615e-01
1.517360657453536987e-01,8.707280270755290985e-03,8.686506152153015137e-01,-2.549679949879646301e-02,3.328780457377433777e-02,7.352301478385925293e-01,6.765193343162536621e-01,-2.413735836744308472e-01,3.055952489376068115e-01,1.942300200462341309e-01,2.454769164323806763e-01,-1.702429354190826416e-01,-1.158123761415481567e-01,-1.267133653163909912e-01,-3.266541361808776855e-01,-4.064044728875160217e-02,1.991053521633148193e-01,-9.069520235061645508e-02,1.853629648685455322e-01,-6.845320109277963638e-03,-2.213921785354614258e+00,1.597825646400451660e+00,-1.399999976158142090e+00,1.115571141242980957e+00,-1.926265358924865723e-01,4.618445038795471191e-01,-2.129742145538330078e+00,-1.353993415832519531e+00,1.255534648895263672e+00,3.830719888210296631e-01
1.284093707799911499e-01,4.455327056348323822e-03,8.705552220344543457e-01,-2.231730893254280090e-02,3.236461058259010315e-02,7.290475368499755859e-01,6.833330988883972168e-01,-2.399276047945022583e-01,2.757730782032012939e-01,2.074468582868576050e-01,2.763113975524902344e-01,-1.997437477111816406e-01,-9.824147075414657593e-02,-1.370134651660919189e-01,-3.635216653347015381e-01,-5.631845444440841675e-02,1.958230435848236084e-01,-6.332344841212034225e-03,1.979604661464691162e-01,-3.094925079494714737e-03,-2.213617324829101562e+00,1.597190618515014648e+00,-1.399999976158142090e+00,1.118521571159362793e+00,-1.931367367506027222e-01,4.531840682029724121e-01,-2.128273010253906250e+00,-1.361044168472290039e+00,1.261973381042480469e+00,3.883477747440338135e-01
1.124555766582489014e-01,-1.645924756303429604e-03,8.725578188896179199e-01,-2.055055648088455200e-02,3.262591734528541565e-02,7.215636372566223145e-01,6.912735700607299805e-01,-2.451091557741165161e-01,2.584359943866729736e-01,2.270106375217437744e-01,3.011831939220428467e-01,-2.079579979181289673e-01,-8.848062157630920410e-02,-1.472303867340087891e-01,-3.939811587333679199e-01,-9.323441237211227417e-02,2.009438872337341309e-01,4.237112402915954590e-02,1.955013573169708252e-01,5.976243410259485245e-03,-2.216578483581542969e+00,1.595775127410888672e+00,-1.399999976158142090e+00,1.127274394035339355e+00,-1.961777806282043457e-01,4.480682909488677979e-01,-2.128144025802612305e+00,-1.369576215744018555e+00,1.265675425529479980e+00,3.968231379985809326e-01
8.872090280055999756e-02,-8.742795325815677643e-03,8.746590614318847656e-01,-2.099842205643653870e-02,3.054662235081195831e-02,7.123528122901916504e-01,7.008419632911682129e-01,-2.538078129291534424e-01,2.403551042079925537e-01,2.518918216228485107e-01,3.315615057945251465e-01,-2.279392629861831665e-01,-6.963377445936203003e-02,-1.648637503385543823e-01,-4.267715215682983398e-01,-1.429641246795654297e-01,2.308574020862579346e-01,8.725168555974960327e-02,1.749203950166702271e-01,1.757440157234668732e-02,-2.224129438400268555e+00,1.591083526611328125e+00,-1.397080183029174805e+00,1.135731458663940430e+00,-2.127913385629653931e-01,4.461693465709686279e-01,-2.126328229904174805e+00,-1.387191176414489746e+00,1.266074061393737793e+00,4.204398691654205322e-01
6.563384085893630981e-02,-1.723944582045078278e-02,8.762698173522949219e-01,-2.261114306747913361e-02,2.862311713397502899e-02,6.991066932678222656e-01,7.140863537788391113e-01,-2.664081156253814697e-01,2.308093756437301636e-01,2.870454490184783936e-01,3.664605021476745605e-01,-2.460736483335494995e-01,-4.863078147172927856e-02,-1.794184744358062744e-01,-4.498774409294128418e-01,-2.103495746850967407e-01,3.006263971328735352e-01,8.133030682802200317e-02,1.400191783905029297e-01,3.517855331301689148e-02,-2.231489658355712891e+00,1.585820436477661133e+00,-1.391202092170715332e+00,1.146550774574279785e+00,-2.369092404842376709e-01,4.505130052566528320e-01,-2.126810789108276367e+00,-1.402539730072021484e+00,1.269987463951110840e+00,4.387119412422180176e-01
3.525103628635406494e-02,-2.552640438079833984e-02,8.784325718879699707e-01,-2.957211993634700775e-02,2.144726738333702087e-02,6.841870546340942383e-01,7.283911108970642090e-01,-2.891218066215515137e-01,2.343826740980148315e-01,3.240652382373809814e-01,4.216064512729644775e-01,-2.738905251026153564e-01,-2.031484805047512054e-02,-2.166356742382049561e-01,-4.483804106712341309e-01,-2.680022120475769043e-01,4.941539764404296875e-01,4.706186242401599884e-03,8.790551126003265381e-02,5.177566409111022949e-02,-2.242569923400878906e+00,1.581912636756896973e+00,-1.390960216522216797e+00,1.157973647117614746e+00,-2.632383406162261963e-01,4.633692502975463867e-01,-2.132745504379272461e+00,-1.422956705093383789e+00,1.275486111640930176e+00,4.628477692604064941e-01
1.221311930567026138e-02,-3.175276517868041992e-02,8.791671991348266602e-01,-3.429784998297691345e-02,1.746191084384918213e-02,6.718990802764892578e-01,7.396420836448669434e-01,-3.061887323856353760e-01,2.351427376270294189e-01,3.536113202571868896e-01,4.595547616481781006e-01,-2.906984984874725342e-01,3.650550032034516335e-03,-2.446146458387374878e-01,-4.299332201480865479e-01,-3.023765385150909424e-01,6.873095631599426270e-01,-7.210122048854827881e-02,5.349379405379295349e-02,6.662844121456146240e-02,-2.254736900329589844e+00,1.574259877204895020e+00,-1.393778443336486816e+00,1.169832587242126465e+00,-2.852804064750671387e-01,4.815875589847564697e-01,-2.135878324508666992e+00,-1.448006153106689453e+00,1.278962373733520508e+00,4.828757345676422119e-01
-9.859407320618629456e-03,-3.734522312879562378e-02,8.789932131767272949e-01,-3.916532918810844421e-02,1.902392506599426270e-02,6.565256118774414062e-01,7.530460357666015625e-01,-3.235999941825866699e-01,2.281240224838256836e-01,3.837003409862518311e-01,4.806374609470367432e-01,-3.052582442760467529e-01,3.150425851345062256e-02,-2.472614496946334839e-01,-3.936807811260223389e-01,-3.226436674594879150e-01,8.241535425186157227e-01,-1.293286234140396118e-01,3.557590022683143616e-02,8.724990487098693848e-02,-2.268412590026855469e+00,1.567955493927001953e+00,-1.395246148109436035e+00,1.178311705589294434e+00,-2.984145879745483398e-01,5.053812861442565918e-01,-2.136574983596801758e+00,-1.477964878082275391e+00,1.277112483978271484e+00,4.982094764709472656e-01
-2.522310800850391388e-02,-4.141167551279067993e-02,8.787617087364196777e-01,-4.196443408727645874e-02,2.282992564141750336e-02,6.465477347373962402e-01,7.613762617111206055e-01,-3.344365656375885010e-01,2.172505855560302734e-01,4.118719100952148438e-01,4.832993447780609131e-01,-3.113628923892974854e-01,4.961945489048957825e-02,-2.325292080640792847e-01,-3.462547063827514648e-01,-3.425911068916320801e-01,8.786414861679077148e-01,-1.523320972919464111e-01,3.852099180221557617e-02,1.012342423200607300e-01,-2.277588129043579102e+00,1.568060755729675293e+00,-1.392668724060058594e+00,1.182452440261840820e+00,-3.079212605953216553e-01,5.316107273101806641e-01,-2.139049530029296875e+00,-1.505125522613525391e+00,1.274598002433776855e+00,5.083373785018920898e-01
-4.723373800516128540e-02,-4.541052877902984619e-02,8.792540431022644043e-01,-4.542380198836326599e-02,3.061298653483390808e-02,6.327777504920959473e-01,7.723935842514038086e-01,-3.503746390342712402e-01,1.938148438930511475e-01,4.448367059230804443e-01,4.781405925750732422e-01,-3.042606413364410400e-01,6.963246315717697144e-02,-1.913448125123977661e-01,-2.593826651573181152e-01,-3.655195236206054688e-01,8.931726813316345215e-01,-1.562505811452865601e-01,5.036340653896331787e-02,1.214414983987808228e-01,-2.285005569458007812e+00,1.571979045867919922e+00,-1.388116955757141113e+00,1.181133747100830078e+00,-3.182280659675598145e-01,5.588811635971069336e-01,-2.140135765075683594e+00,-1.537128448486328125e+00,1.268823266029357910e+00,5.201318860054016113e-01
-7.714468240737915039e-02,-4.032763466238975525e-02,8.786903619766235352e-01,-5.060185119509696960e-02,4.623363912105560303e-02,6.154487729072570801e-01,7.851908802986145020e-01,-3.532615602016448975e-01,1.463869661092758179e-01,5.043764114379882812e-01,4.370927810668945312e-01,-3.159762620925903320e-01,9.573201835155487061e-02,-1.204050034284591675e-01,-1.434020698070526123e-01,-4.083440899848937988e-01,8.276278376579284668e-01,-1.310296356678009033e-01,6.817644834518432617e-02,1.470612138509750366e-01,-2.283760547637939453e+00,1.587752103805541992e+00,-1.373850584030151367e+00,1.176693081855773926e+00,-3.253440260887145996e-01,5.880789160728454590e-01,-2.135344505310058594e+00,-1.569642186164855957e+00,1.261485338211059570e+00,5.314857959747314453e-01
-8.893613517284393311e-02,-4.364961758255958557e-02,8.785607814788818359e-01,-5.072528868913650513e-02,5.455349385738372803e-02,6.042718291282653809e-01,7.932883501052856445e-01,-3.618577122688293457e-01,1.271737962961196899e-01,5.331314802169799805e-01,4.183157980442047119e-01,-3.008636236190795898e-01,9.634314477443695068e-02,-7.275091111660003662e-02,-7.919175922870635986e-02,-4.023256003856658936e-01,7.214764356613159180e-01,-1.162212193012237549e-01,8.784489333629608154e-02,1.616755574941635132e-01,-2.281657218933105469e+00,1.597710371017456055e+00,-1.362638711929321289e+00,1.174770355224609375e+00,-3.417670130729675293e-01,6.202566027641296387e-01,-2.134346008300781250e+00,-1.599931240081787109e+00,1.250080943107604980e+00,5.286972522735595703e-01
-1.045495122671127319e-01,-4.055435955524444580e-02,8.750650882720947266e-01,-4.935851693153381348e-02,7.458478212356567383e-02,5.901530385017395020e-01,8.023217916488647461e-01,-3.748201429843902588e-01,8.137988299131393433e-02,5.799795985221862793e-01,3.869700133800506592e-01,-3.033858239650726318e-01,9.150578826665878296e-02,-1.449295692145824432e-02,-1.957138068974018097e-02,-3.914853930473327637e-01,5.468991994857788086e-01,-1.156697943806648254e-01,1.098791062831878662e-01,1.798328161239624023e-01,-2.277272939682006836e+00,1.609920859336853027e+00,-1.353565573692321777e+00,1.180018544197082520e+00,-3.582004606723785400e-01,6.425257921218872070e-01,-2.137047767639160156e+00,-1.619947671890258789e+00,1.248749732971191406e+00,5.320861935615539551e-01
-1.111445128917694092e-01,-4.574742540717124939e-02,8.712190389633178711e-01,-4.511570185422897339e-02,8.916579931974411011e-02,5.787382125854492188e-01,8.093677163124084473e-01,-3.906214237213134766e-01,5.285433307290077209e-02,6.075823307037353516e-01,3.619583845138549805e-01,-2.968165278434753418e-01,8.177178353071212769e-02,3.339091688394546509e-02,1.663237996399402618e-02,-3.551444411277770996e-01,3.779139816761016846e-01,-1.321238875389099121e-01,1.183499619364738464e-01,1.919447928667068481e-01,-2.275402307510375977e+00,1.617323756217956543e+00,-1.341416001319885254e+00,1.181741714477539062e+00,-3.766500055789947510e-01,6.638639569282531738e-01,-2.137588024139404297e+00,-1.641240000724792480e+00,1.246132016181945801e+00,5.386509895324707031e-01
-1.173579990863800049e-01,-5.887234210968017578e-02,8.668501377105712891e-01,-4.250960797071456909e-02,9.660557657480239868e-02,5.646255612373352051e-01,8.185708522796630859e-01,-4.067261219024658203e-01,4.506229609251022339e-02,6.355194449424743652e-01,3.385250270366668701e-01,-2.966417074203491211e-01,6.764744222164154053e-02,7.151098549365997314e-02,3.039135411381721497e-02,-3.430494368076324463e-01,2.505123317241668701e-01,-1.780349165201187134e-01,1.125174239277839661e-01,2.062703222036361694e-01,-2.272242546081542969e+00,1.625124812126159668e+00,-1.338081955909729004e+00,1.184700369834899902e+00,-3.904769420623779297e-01,6.795057058334350586e-01,-2.140474796295166016e+00,-1.659048438072204590e+00,1.247351050376892090e+00,5.401765108108520508e-01
-1.160717904567718506e-01,-7.213899493217468262e-02,8.630113005638122559e-01,-4.016834124922752380e-02,9.690545499324798584e-02,5.565111637115478516e-01,8.241912126541137695e-01,-4.194865226745605469e-01,5.930458754301071167e-02,6.459128856658935547e-01,3.408533036708831787e-01,-3.022673130035400391e-01,5.582659319043159485e-02,9.856697916984558105e-02,3.865330666303634644e-02,-3.382722735404968262e-01,1.721697598695755005e-01,-2.320398092269897461e-01,1.022146046161651611e-01,2.153982222080230713e-01,-2.272008657455444336e+00,1.629156827926635742e+00,-1.339284896850585938e+00,1.185993313789367676e+00,-3.949495255947113037e-01,6.974743604660034180e-01,-2.147882699966430664e+00,-1.672865629196166992e+00,1.244423747062683105e+00,5.259362459182739258e-01
-1.133157834410667419e-01,-8.923305571079254150e-02,8.577758669853210449e-01,-3.646826744079589844e-02,9.701027721166610718e-02,5.486386418342590332e-01,8.296111822128295898e-01,-4.295639395713806152e-01,7.192135602235794067e-02,6.599715352058410645e-01,3.330926299095153809e-01,-3.183565437793731689e-01,5.009486526250839233e-02,1.182282865047454834e-01,4.962151497602462769e-02,-3.074260652065277100e-01,1.054356917738914490e-01,-2.934663891792297363e-01,1.086936593055725098e-01,2.190970927476882935e-01,-2.274430751800537109e+00,1.636072635650634766e+00,-1.347971677780151367e+00,1.195221424102783203e+00,-3.804799914360046387e-01,7.033228874206542969e-01,-2.152140378952026367e+00,-1.679944276809692383e+00,1.251628041267395020e+00,5.022732615470886230e-01
-1.180360242724418640e-01,-9.368497133255004883e-02,8.543020486831665039e-01,-3.432412445545196533e-02,9.607790410518646240e-02,5.403008460998535156e-01,8.352639675140380859e-01,-4.430578052997589111e-01,8.373615145683288574e-02,6.629363894462585449e-01,3.590686917304992676e-01,-3.250268399715423584e-01,4.448251798748970032e-02,1.303884088993072510e-01,4.271802678704261780e-02,-2.948195636272430420e-01,7.324817776679992676e-02,-3.346348106861114502e-01,1.031393334269523621e-01,2.255546301603317261e-01,-2.280445575714111328e+00,1.641776800155639648e+00,-1.360105752944946289e+00,1.196125388145446777e+00,-3.643941879272460938e-01,7.019991874694824219e-01,-2.157596826553344727e+00,-1.683521866798400879e+00,1.259648561477661133e+00,4.799463152885437012e-01
-1.198590472340583801e-01,-8.823037892580032349e-02,8.522914052009582520e-01,-3.270287439227104187e-02,9.844335168600082397e-02,5.346510410308837891e-01,8.386821150779724121e-01,-4.411064982414245605e-01,8.392631262540817261e-02,6.701155900955200195e-01,3.638637065887451172e-01,-3.373025357723236084e-01,4.662057757377624512e-02,1.388786733150482178e-01,2.938277274370193481e-02,-2.934965789318084717e-01,6.538120657205581665e-02,-3.511620759963989258e-01,9.750883281230926514e-02,2.329526394605636597e-01,-2.283790349960327148e+00,1.652114272117614746e+00,-1.375065088272094727e+00,1.194503426551818848e+00,-3.452439904212951660e-01,7.057865262031555176e-01,-2.154813528060913086e+00,-1.674379825592041016e+00,1.265945792198181152e+00,4.589057862758636475e-01
-1.199838891625404358e-01,-7.898828387260437012e-02,8.519780635833740234e-01,-3.503872081637382507e-02,9.955557435750961304e-02,5.355077981948852539e-01,8.379095196723937988e-01,-4.337607920169830322e-01,8.383268117904663086e-02,6.750688552856445312e-01,3.618672490119934082e-01,-3.474063575267791748e-01,5.456602945923805237e-02,1.442345529794692993e-01,2.489565499126911163e-02,-2.891596257686614990e-01,6.930277496576309204e-02,-3.377559185028076172e-01,9.938777983188629150e-02,2.358587533235549927e-01,-2.289033889770507812e+00,1.659806370735168457e+00,-1.383253216743469238e+00,1.187077403068542480e+00,-3.421713411808013916e-01,7.089582085609436035e-01,-2.143830537796020508e+00,-1.671988964080810547e+00,1.271325230598449707e+00,4.528778195381164551e-01
-1.163998767733573914e-01,-6.842870265245437622e-02,8.532176613807678223e-01,-3.812199831008911133e-02,9.977556765079498291e-02,5.407346487045288086e-01,8.343845605850219727e-01,-4.192538261413574219e-01,8.041822165250778198e-02,6.794122457504272461e-01,3.580067157745361328e-01,-3.501533269882202148e-01,6.514583528041839600e-02,1.445864439010620117e-01,2.421570196747779846e-02,-2.831868827342987061e-01,9.268984943628311157e-02,-2.983732521533966064e-01,1.053906232118606567e-01,2.354599088430404663e-01,-2.290528297424316406e+00,1.666557312011718750e+00,-1.389484167098999023e+00,1.178949952125549316e+00,-3.349086046218872070e-01,7.201933264732360840e-01,-2.124622821807861328e+00,-1.671499848365783691e+00,1.274959444999694824e+00,4.570090770721435547e-01
-1.137587055563926697e-01,-5.482907965779304504e-02,8.563023805618286133e-01,-4.563248157501220703e-02,9.722873568534851074e-02,5.468142032623291016e-01,8.303363323211669922e-01,-4.027098417282104492e-01,7.981066405773162842e-02,6.672531366348266602e-01,3.500919044017791748e-01,-3.530231416225433350e-01,8.202910423278808594e-02,1.349137574434280396e-01,2.286035753786563873e-02,-2.903210818767547607e-01,1.407671272754669189e-01,-2.202751934528350830e-01,1.192154362797737122e-01,2.325107008218765259e-01,-2.291058778762817383e+00,1.666643500328063965e+00,-1.389786720275878906e+00,1.173153996467590332e+00,-3.225705027580261230e-01,7.397476434707641602e-01,-2.099060535430908203e+00,-1.682602882385253906e+00,1.276435732841491699e+00,4.690730869770050049e-01
-1.175117492675781250e-01,-3.593688830733299255e-02,8.609706759452819824e-01,-5.333442240953445435e-02,9.027698636054992676e-02,5.549833774566650391e-01,8.252266049385070801e-01,-3.788335025310516357e-01,7.355300337076187134e-02,6.439481377601623535e-01,3.468497693538665771e-01,-3.538766503334045410e-01,9.904925525188446045e-02,1.157789975404739380e-01,6.616245955228805542e-03,-3.267742097377777100e-01,2.501005530357360840e-01,-1.109359562397003174e-01,1.175847873091697693e-01,2.302750051021575928e-01,-2.283596277236938477e+00,1.664176702499389648e+00,-1.386074781417846680e+00,1.166716337203979492e+00,-3.110468089580535889e-01,7.638844847679138184e-01,-2.073584318161010742e+00,-1.701500892639160156e+00,1.281074762344360352e+00,4.844374954700469971e-01
-1.139357835054397583e-01,-2.152685634791851044e-02,8.675078749656677246e-01,-6.125143915414810181e-02,7.257366925477981567e-02,5.746980309486389160e-01,8.128367066383361816e-01,-3.561601638793945312e-01,9.142474830150604248e-02,5.829398632049560547e-01,3.707359135150909424e-01,-3.482942283153533936e-01,1.155142486095428467e-01,4.672046750783920288e-02,-1.936216279864311218e-02,-3.548212051391601562e-01,4.856187105178833008e-01,9.755236096680164337e-03,1.216599196195602417e-01,2.080743610858917236e-01,-2.262177467346191406e+00,1.658862829208374023e+00,-1.361253976821899414e+00,1.163224697113037109e+00,-3.302780389785766602e-01,8.113724589347839355e-01,-2.056065559387207031e+00,-1.745709061622619629e+00,1.277579426765441895e+00,5.220108628273010254e-01
-1.042267605662345886e-01,-1.483701076358556747e-02,8.699728846549987793e-01,-6.438664346933364868e-02,5.374359712004661560e-02,5.913274884223937988e-01,8.020584583282470703e-01,-3.366403579711914062e-01,1.181169897317886353e-01,5.194812417030334473e-01,4.007611274719238281e-01,-3.643512725830078125e-01,1.290267556905746460e-01,-3.226078301668167114e-02,-6.070268526673316956e-02,-3.661758601665496826e-01,7.333292365074157715e-01,2.836154587566852570e-02,1.086210310459136963e-01,1.844903528690338135e-01,-2.233576774597167969e+00,1.660899162292480469e+00,-1.353905439376831055e+00,1.149980187416076660e+00,-3.257571756839752197e-01,8.502616882324218750e-01,-2.045489311218261719e+00,-1.781696200370788574e+00,1.278251051902770996e+00,5.282028317451477051e-01
-1.011939346790313721e-01,-6.547786295413970947e-03,8.687213659286499023e-01,-6.429187208414077759e-02,3.836211562156677246e-02,6.088146567344665527e-01,7.897719144821166992e-01,-3.238604962825775146e-01,1.278021782636642456e-01,4.683378040790557861e-01,4.412938058376312256e-01,-3.959980010986328125e-01,1.360264569520950317e-01,-1.257665455341339111e-01,-1.323609203100204468e-01,-3.897092938423156738e-01,9.053148031234741211e-01,-1.015195529907941818e-02,8.155895024538040161e-02,1.594887226819992065e-01,-2.214141368865966797e+00,1.663801550865173340e+00,-1.350770711898803711e+00,1.153616905212402344e+00,-3.175062239170074463e-01,8.812378644943237305e-01,-2.038349866867065430e+00,-1.805088520050048828e+00,1.286622762680053711e+00,5.134791731834411621e-01
-9.871275722980499268e-02,3.091949969530105591e-03,8.662583231925964355e-01,-6.105750426650047302e-02,2.983799204230308533e-02,6.224732995033264160e-01,7.796849608421325684e-01,-3.143833279609680176e-01,1.228216513991355896e-01,4.227076768875122070e-01,4.773795306682586670e-01,-4.244235455989837646e-01,1.415909826755523682e-01,-2.043142467737197876e-01,-1.912274062633514404e-01,-3.837400674819946289e-01,1.001224160194396973e+00,-6.746324151754379272e-02,5.164827406406402588e-02,1.364300698041915894e-01,-2.202107667922973633e+00,1.664617896080017090e+00,-1.350116252899169922e+00,1.155876398086547852e+00,-3.056894242763519287e-01,8.992406725883483887e-01,-2.030900239944458008e+00,-1.826367020606994629e+00,1.291538715362548828e+00,5.140411853790283203e-01
-9.108353406190872192e-02,1.199321728199720383e-02,8.635547161102294922e-01,-5.719081684947013855e-02,2.053033374249935150e-02,6.432792544364929199e-01,7.632165551185607910e-01,-3.015221953392028809e-01,1.204034835100173950e-01,3.727740645408630371e-01,5.067042112350463867e-01,-4.542953073978424072e-01,1.304741650819778442e-01,-2.825402617454528809e-01,-2.456275522708892822e-01,-3.605926632881164551e-01,1.019765734672546387e+00,-1.364663243293762207e-01,2.948478609323501587e-02,1.041155606508255005e-01,-2.201136589050292969e+00,1.656768202781677246e+00,-1.356834053993225098e+00,1.166500210762023926e+00,-2.956921756267547607e-01,9.029797315597534180e-01,-2.019659519195556641e+00,-1.830005764961242676e+00,1.303169727325439453e+00,5.081157088279724121e-01
-8.344353735446929932e-02,2.487633936107158661e-02,8.616880178451538086e-01,-5.290555208921432495e-02,1.660122536122798920e-02,6.645460128784179688e-01,7.451872229576110840e-01,-2.846318185329437256e-01,1.074796691536903381e-01,3.267898559570312500e-01,5.199753046035766602e-01,-4.757961034774780273e-01,1.111157685518264771e-01,-3.385712504386901855e-01,-2.863737642765045166e-01,-3.249766230583190918e-01,9.491563439369201660e-01,-1.794808954000473022e-01,2.494833245873451233e-02,7.019017636775970459e-02,-2.204878091812133789e+00,1.646109461784362793e+00,-1.363626956939697266e+00,1.178669095039367676e+00,-2.870070636272430420e-01,8.968223929405212402e-01,-2.014304161071777344e+00,-1.832737684249877930e+00,1.319173097610473633e+00,5.063363909721374512e-01
-7.618297636508941650e-02,5.083401501178741455e-02,8.595587015151977539e-01,-4.719163477420806885e-02,2.283256687223911285e-02,6.893427968025207520e-01,7.225359082221984863e-01,-2.652001976966857910e-01,7.507707178592681885e-02,2.834984362125396729e-01,5.365527272224426270e-01,-4.820324778556823730e-01,8.087237179279327393e-02,-3.612670600414276123e-01,-3.181472420692443848e-01,-3.031942248344421387e-01,6.917946338653564453e-01,-1.598395258188247681e-01,5.999764427542686462e-02,3.922723978757858276e-02,-2.210079193115234375e+00,1.634676218032836914e+00,-1.353670120239257812e+00,1.210345149040222168e+00,-2.928989827632904053e-01,8.884887695312500000e-01,-2.016000270843505859e+00,-1.844430208206176758e+00,1.336239218711853027e+00,5.412757992744445801e-01
-6.900896131992340088e-02,6.179072707891464233e-02,8.592146635055541992e-01,-3.791434690356254578e-02,2.461987920105457306e-02,7.104254961013793945e-01,7.023190259933471680e-01,-2.421912252902984619e-01,4.894739016890525818e-02,2.482630163431167603e-01,5.274236798286437988e-01,-4.721041619777679443e-01,5.806331336498260498e-02,-3.593811988830566406e-01,-3.242697715759277344e-01,-2.987038195133209229e-01,5.173689723014831543e-01,-1.097504869103431702e-01,9.457737952470779419e-02,8.153158240020275116e-03,-2.210629224777221680e+00,1.633780241012573242e+00,-1.354639172554016113e+00,1.223575711250305176e+00,-2.781809270381927490e-01,8.829713463783264160e-01,-2.007049083709716797e+00,-1.847761750221252441e+00,1.342185735702514648e+00,5.367714762687683105e-01
-6.125419586896896362e-02,7.575437426567077637e-02,8.586323857307434082e-01,-2.557364106178283691e-02,2.875179052352905273e-02,7.349941134452819824e-01,6.769807934761047363e-01,-2.110156714916229248e-01,1.169084198772907257e-02,2.021462321281433105e-01,5.090895891189575195e-01,-4.561533331871032715e-01,3.469089418649673462e-02,-3.462105095386505127e-01,-3.239563107490539551e-01,-2.771185040473937988e-01,3.232240676879882812e-01,-3.926606848835945129e-02,1.382383257150650024e-01,-2.344457805156707764e-02,-2.214015483856201172e+00,1.633285164833068848e+00,-1.354349493980407715e+00,1.245074272155761719e+00,-2.572981417179107666e-01,8.731634020805358887e-01,-1.999784350395202637e+00,-1.852662086486816406e+00,1.340117812156677246e+00,5.345703959465026855e-01
-5.551089346408843994e-02,8.568212389945983887e-02,8.600673079490661621e-01,-1.509584300220012665e-02,2.826018631458282471e-02,7.590479254722595215e-01,6.502459049224853516e-01,-1.764240860939025879e-01,-1.356978528201580048e-02,1.590841263532638550e-01,4.812035858631134033e-01,-4.330161213874816895e-01,1.093447860330343246e-02,-3.319895863533020020e-01,-3.111160099506378174e-01,-2.454943358898162842e-01,1.949263513088226318e-01,1.129814516752958298e-02,1.642191261053085327e-01,-4.830249398946762085e-02,-2.221741199493408203e+00,1.631524443626403809e+00,-1.350114941596984863e+00,1.260578393936157227e+00,-2.557385861873626709e-01,8.633926510810852051e-01,-1.994849562644958496e+00,-1.858526706695556641e+00,1.331845998764038086e+00,5.395181179046630859e-01
-4.914773628115653992e-02,9.161330759525299072e-02,8.624100685119628906e-01,-9.828451089560985565e-03,2.597162872552871704e-02,7.790828943252563477e-01,6.263056397438049316e-01,-1.519047915935516357e-01,-1.718900166451931000e-02,1.374663114547729492e-01,4.549544751644134521e-01,-4.129280745983123779e-01,-1.273135002702474594e-02,-3.141816854476928711e-01,-2.979443073272705078e-01,-2.247574627399444580e-01,1.396741122007369995e-01,2.850129269063472748e-02,1.736614853143692017e-01,-5.983902141451835632e-02,-2.226912021636962891e+00,1.628686189651489258e+00,-1.352223157882690430e+00,1.266075730323791504e+00,-2.569373846054077148e-01,8.598508238792419434e-01,-1.994450092315673828e+00,-1.859421372413635254e+00,1.326090216636657715e+00,5.400004386901855469e-01
-4.088736698031425476e-02,1.030706316232681274e-01,8.649140000343322754e-01,-7.841427810490131378e-03,2.506548352539539337e-02,8.022665977478027344e-01,5.963878631591796875e-01,-1.344584375619888306e-01,-8.729958906769752502e-03,1.256257146596908569e-01,4.377271831035614014e-01,-3.918608129024505615e-01,-2.732072584331035614e-02,-2.922343313694000244e-01,-2.850861847400665283e-01,-2.059749662876129150e-01,1.086289510130882263e-01,3.610923141241073608e-02,1.752768158912658691e-01,-6.929603964090347290e-02,-2.234724521636962891e+00,1.625083684921264648e+00,-1.353061199188232422e+00,1.267494082450866699e+00,-2.696311175823211670e-01,8.554840683937072754e-01,-1.997881293296813965e+00,-1.860556840896606445e+00,1.316897869110107422e+00,5.372730493545532227e-01
-3.230236843228340149e-02,1.126170828938484192e-01,8.673380613327026367e-01,-9.584340266883373260e-03,2.404464595019817352e-02,8.246045112609863281e-01,5.651171803474426270e-01,-1.297733038663864136e-01,1.727028563618659973e-02,1.529304981231689453e-01,4.271683096885681152e-01,-3.720863461494445801e-01,-3.253076598048210144e-02,-2.696076333522796631e-01,-2.858889698982238770e-01,-2.124241292476654053e-01,1.048725619912147522e-01,3.159070014953613281e-02,1.686322093009948730e-01,-7.083756476640701294e-02,-2.242618560791015625e+00,1.618793845176696777e+00,-1.350737214088439941e+00,1.268486022949218750e+00,-3.019341528415679932e-01,8.506914377212524414e-01,-2.005439996719360352e+00,-1.865684866905212402e+00,1.310495138168334961e+00,5.501793622970581055e-01
-2.892082184553146362e-02,1.142809614539146423e-01,8.689490556716918945e-01,-1.480107661336660385e-02,2.132723852992057800e-02,8.468669652938842773e-01,5.311708450317382812e-01,-1.384824812412261963e-01,5.041272565722465515e-02,2.242440581321716309e-01,4.205569624900817871e-01,-3.588724434375762939e-01,-3.235050663352012634e-02,-2.490558624267578125e-01,-3.013812601566314697e-01,-2.623738944530487061e-01,1.072077825665473938e-01,3.301911801099777222e-02,1.776771694421768188e-01,-6.946395337581634521e-02,-2.240370035171508789e+00,1.610892653465270996e+00,-1.360628128051757812e+00,1.266450405120849609e+00,-3.034259974956512451e-01,8.528054356575012207e-01,-2.010472536087036133e+00,-1.862509965896606445e+00,1.301871657371520996e+00,5.449731349945068359e-01
-2.470279857516288757e-02,1.129606217145919800e-01,8.701134920120239258e-01,-2.340483665466308594e-02,1.642704568803310394e-02,8.698435425758361816e-01,4.924983084201812744e-01,-1.643302440643310547e-01,8.741591870784759521e-02,2.865060567855834961e-01,4.276875555515289307e-01,-3.500172197818756104e-01,-3.030402027070522308e-02,-2.335029989480972290e-01,-3.126547038555145264e-01,-3.112720549106597900e-01,1.178883239626884460e-01,3.396949917078018188e-02,1.719092726707458496e-01,-6.354953348636627197e-02,-2.238212585449218750e+00,1.605661630630493164e+00,-1.375443339347839355e+00,1.270559906959533691e+00,-2.901604771614074707e-01,8.566304445266723633e-01,-2.014319419860839844e+00,-1.856350898742675781e+00,1.298233509063720703e+00,5.312820076942443848e-01
-2.649872750043869019e-02,1.137320548295974731e-01,8.701671361923217773e-01,-3.354097157716751099e-02,1.091330405324697495e-02,8.892824053764343262e-01,4.559963941574096680e-01,-1.844460964202880859e-01,1.152007654309272766e-01,3.390188217163085938e-01,4.297724664211273193e-01,-3.520029485225677490e-01,-2.635696716606616974e-02,-2.166307717561721802e-01,-3.229759931564331055e-01,-3.533844947814941406e-01,1.323331743478775024e-01,2.509823255240917206e-02,1.607830673456192017e-01,-5.631708726286888123e-02,-2.238116741180419922e+00,1.602798581123352051e+00,-1.394081950187683105e+00,1.282174944877624512e+00,-2.825853526592254639e-01,8.528985977172851562e-01,-2.021803617477416992e+00,-1.852063298225402832e+00,1.298339486122131348e+00,5.242503881454467773e-01
-2.974421530961990356e-02,1.135836169123649597e-01,8.697069287300109863e-01,-4.439344629645347595e-02,2.661239588633179665e-03,9.105439782142639160e-01,4.110131561756134033e-01,-2.085506469011306763e-01,1.409643739461898804e-01,3.829503655433654785e-01,4.319334924221038818e-01,-3.545939028263092041e-01,-2.165519073605537415e-02,-1.961453557014465332e-01,-3.344150483608245850e-01,-3.975512683391571045e-01,1.598513126373291016e-01,1.418194081634283066e-02,1.429081112146377563e-01,-4.005203396081924438e-02,-2.228562116622924805e+00,1.595062613487243652e+00,-1.399999976158142090e+00,1.293014764785766602e+00,-2.641779780387878418e-01,8.500658869743347168e-01,-2.031329870223999023e+00,-1.845881581306457520e+00,1.301392793655395508e+00,5.198027491569519043e-01
-3.024294041097164154e-02,1.143110319972038269e-01,8.681455254554748535e-01,-5.314559489488601685e-02,-8.356484584510326385e-03,9.304879903793334961e-01,3.623504042625427246e-01,-2.293188124895095825e-01,1.606932878494262695e-01,3.946681916713714600e-01,4.257577061653137207e-01,-3.728998303413391113e-01,-7.556514814496040344e-03,-1.808353811502456665e-01,-3.383435010910034180e-01,-4.132283926010131836e-01,2.121499776840209961e-01,-1.273366506211459637e-03,1.245205625891685486e-01,-2.347095310688018799e-02,-2.206367015838623047e+00,1.588107705116271973e+00,-1.399999976158142090e+00,1.299405932426452637e+00,-2.513930499553680420e-01,8.491854667663574219e-01,-2.041053533554077148e+00,-1.831524610519409180e+00,1.308714628219604492e+00,5.041794776916503906e-01
-3.020324185490608215e-02,1.091252490878105164e-01,8.659049272537231445e-01,-5.862233787775039673e-02,-2.495828457176685333e-02,9.528144598007202148e-01,2.967914342880249023e-01,-2.559000849723815918e-01,1.609532833099365234e-01,3.534607589244842529e-01,4.144674241542816162e-01,-3.981731832027435303e-01,1.232398021966218948e-02,-1.785968542098999023e-01,-3.302031159400939941e-01,-3.644878268241882324e-01,3.390688300132751465e-01,-1.954862475395202637e-02,8.247364312410354614e-02,2.168160135624930263e-04,-2.197505474090576172e+00,1.579514741897583008e+00,-1.399999976158142090e+00,1.303454995155334473e+00,-2.864407896995544434e-01,8.473302721977233887e-01,-2.059346437454223633e+00,-1.821901082992553711e+00,1.317580938339233398e+00,5.245130062103271484e-01
-3.808111324906349182e-02,1.034844964742660522e-01,8.625102639198303223e-01,-6.096641346812248230e-02,-3.699794411659240723e-02,9.682312011718750000e-01,2.396718710660934448e-01,-2.780284881591796875e-01,1.439991891384124756e-01,3.026563823223114014e-01,4.314023554325103760e-01,-4.262808561325073242e-01,3.614037111401557922e-02,-2.111573666334152222e-01,-3.191888332366943359e-01,-2.979717552661895752e-01,5.299540758132934570e-01,-2.004435658454895020e-02,4.896348714828491211e-02,7.685329299420118332e-03,-2.186594247817993164e+00,1.573737144470214844e+00,-1.399999976158142090e+00,1.309218287467956543e+00,-2.878613173961639404e-01,8.318818211555480957e-01,-2.079770803451538086e+00,-1.809621930122375488e+00,1.328745841979980469e+00,5.320143103599548340e-01
-5.209207162261009216e-02,1.004173606634140015e-01,8.582482337951660156e-01,-5.431652069091796875e-02,-4.442103207111358643e-02,9.819728136062622070e-01,1.755160838365554810e-01,-2.768754959106445312e-01,9.840124845504760742e-02,2.122955173254013062e-01,4.554377198219299316e-01,-4.545646905899047852e-01,6.781069189310073853e-02,-2.688578367233276367e-01,-2.870422005653381348e-01,-1.939762532711029053e-01,7.119628190994262695e-01,-3.989097103476524353e-02,2.549973875284194946e-02,7.499568630009889603e-03,-2.184792280197143555e+00,1.559753894805908203e+00,-1.399999976158142090e+00,1.310438871383666992e+00,-2.692941427230834961e-01,8.276635408401489258e-01,-2.104410409927368164e+00,-1.800255179405212402e+00,1.342960596084594727e+00,5.307801961898803711e-01
-6.476595252752304077e-02,9.340693056583404541e-02,8.532791137695312500e-01,-4.953224956989288330e-02,-5.196346715092658997e-02,9.911476969718933105e-01,1.116810068488121033e-01,-2.894731163978576660e-01,6.036721542477607727e-02,1.444497704505920410e-01,5.061923861503601074e-01,-4.777369201183319092e-01,7.667171210050582886e-02,-3.414296209812164307e-01,-2.578511536121368408e-01,-1.442427784204483032e-01,8.657217025756835938e-01,-7.267594337463378906e-02,1.479878742247819901e-02,1.462840009480714798e-02,-2.184926033020019531e+00,1.544147133827209473e+00,-1.399712204933166504e+00,1.313678264617919922e+00,-2.315181344747543335e-01,8.226140737533569336e-01,-2.132170200347900391e+00,-1.817487716674804688e+00,1.353883624076843262e+00,5.427626371383666992e-01
-7.229808717966079712e-02,8.749786764383316040e-02,8.476385474205017090e-01,-4.468005895614624023e-02,-5.439809709787368774e-02,9.954537749290466309e-01,6.415836513042449951e-02,-2.940523326396942139e-01,2.261233888566493988e-02,9.368453174829483032e-02,5.394369363784790039e-01,-5.023239850997924805e-01,8.464975655078887939e-02,-3.925661146640777588e-01,-2.292858511209487915e-01,-1.133100315928459167e-01,9.438880681991577148e-01,-9.332886338233947754e-02,1.166122127324342728e-02,1.506096404045820236e-02,-2.171799898147583008e+00,1.539939999580383301e+00,-1.384281516075134277e+00,1.298127651214599609e+00,-2.231396585702896118e-01,8.468201756477355957e-01,-2.143396854400634766e+00,-1.844879269599914551e+00,1.347972273826599121e+00,5.542225241661071777e-01
-8.460076153278350830e-02,8.363956212997436523e-02,8.425029516220092773e-01,-4.001373797655105591e-02,-5.520591512322425842e-02,9.976716041564941406e-01,-1.603403477929532528e-03,-2.960712313652038574e-01,-2.145899087190628052e-02,3.533612564206123352e-02,5.815707445144653320e-01,-5.122826099395751953e-01,5.711354687809944153e-02,-4.526548385620117188e-01,-2.052225768566131592e-01,-9.872251749038696289e-02,1.008089780807495117e+00,-1.670194268226623535e-01,1.126610487699508667e-02,1.613610237836837769e-02,-2.164123296737670898e+00,1.543309926986694336e+00,-1.352753162384033203e+00,1.275865554809570312e+00,-2.251435369253158569e-01,8.845735788345336914e-01,-2.144876003265380859e+00,-1.900540828704833984e+00,1.334283471107482910e+00,5.740363597869873047e-01
-8.833975344896316528e-02,7.489722222089767456e-02,8.364596962928771973e-01,-2.779932692646980286e-02,-5.773195996880531311e-02,9.927827119827270508e-01,-1.013739109039306641e-01,-2.861158549785614014e-01,-8.949716389179229736e-02,-6.175370886921882629e-02,6.089788675308227539e-01,-5.221138000488281250e-01,3.750810399651527405e-02,-4.947008490562438965e-01,-1.413346678018569946e-01,-5.869732797145843506e-02,9.544177651405334473e-01,-1.936346888542175293e-01,3.095410391688346863e-02,1.176719367504119873e-02,-2.129929065704345703e+00,1.554502010345458984e+00,-1.323978781700134277e+00,1.261408925056457520e+00,-1.289672851562500000e-01,9.580974578857421875e-01,-2.170806169509887695e+00,-1.987323164939880371e+00,1.336352348327636719e+00,5.860266685485839844e-01
-7.839172333478927612e-02,8.485735952854156494e-02,8.304569721221923828e-01,-1.206989865750074387e-02,-4.497674107551574707e-02,9.770353436470031738e-01,-2.079263329505920410e-01,-2.873647809028625488e-01,-1.733342409133911133e-01,-1.695969998836517334e-01,6.422895193099975586e-01,-5.125064849853515625e-01,1.513491291552782059e-02,-4.961653351783752441e-01,-7.997360080480575562e-02,1.431809179484844208e-02,7.364918589591979980e-01,-1.935501545667648315e-01,8.744201809167861938e-02,1.362951286137104034e-02,-2.096192359924316406e+00,1.566767573356628418e+00,-1.286992192268371582e+00,1.245308399200439453e+00,-1.317144334316253662e-01,9.344417452812194824e-01,-2.177889347076416016e+00,-2.000000000000000000e+00,1.353732585906982422e+00,6.592345237731933594e-01
-8.937945961952209473e-02,8.675239235162734985e-02,8.297837972640991211e-01,-8.924189954996109009e-03,-3.320380672812461853e-02,9.615116715431213379e-01,-2.726043462753295898e-01,-2.546326220035552979e-01,-2.315769940614700317e-01,-2.507157325744628906e-01,6.333966255187988281e-01,-5.033772587776184082e-01,1.142568513751029968e-02,-4.877229332923889160e-01,-4.001982137560844421e-02,7.435210794210433960e-02,6.194326877593994141e-01,-1.697720438241958618e-01,1.170673891901969910e-01,2.988622756674885750e-03,-2.070330381393432617e+00,1.565303325653076172e+00,-1.264784097671508789e+00,1.234966516494750977e+00,-1.094658672809600830e-01,9.418116211891174316e-01,-2.177319049835205078e+00,-2.000000000000000000e+00,1.352305531501770020e+00,6.348741054534912109e-01
-1.048825532197952271e-01,8.411679416894912720e-02,8.316048383712768555e-01,-9.559988044202327728e-03,-2.206248976290225983e-02,9.446012973785400391e-01,-3.273381590843200684e-01,-2.109193354845046997e-01,-2.702966630458831787e-01,-3.084423542022705078e-01,6.055549383163452148e-01,-4.829799830913543701e-01,-1.222804887220263481e-03,-4.724107980728149414e-01,-1.572628319263458252e-02,1.269399076700210571e-01,5.124258399009704590e-01,-1.422189623117446899e-01,1.369956135749816895e-01,-1.312761381268501282e-02,-2.040667533874511719e+00,1.568386197090148926e+00,-1.247043251991271973e+00,1.226201415061950684e+00,-8.517964184284210205e-02,9.415568113327026367e-01,-2.172001123428344727e+00,-2.000000000000000000e+00,1.344615101814270020e+00,6.209875941276550293e-01
-1.297083497047424316e-01,7.091548293828964233e-02,8.339188098907470703e-01,-1.427938602864742279e-02,-1.040449645370244980e-02,9.136341810226440430e-01,-4.061532020568847656e-01,-1.443315595388412476e-01,-3.038890063762664795e-01,-3.704587221145629883e-01,5.606648325920104980e-01,-4.561124145984649658e-01,-1.172230672091245651e-02,-4.380120933055877686e-01,-5.603325087577104568e-03,2.340990006923675537e-01,3.412041962146759033e-01,-7.525599747896194458e-02,1.695772111415863037e-01,-3.816430643200874329e-02,-2.008909225463867188e+00,1.579525470733642578e+00,-1.236322641372680664e+00,1.217788815498352051e+00,-5.592050030827522278e-02,9.390743970870971680e-01,-2.160713672637939453e+00,-2.000000000000000000e+00,1.331104993820190430e+00,6.112169027328491211e-01
-1.468386501073837280e-01,6.480243802070617676e-02,8.379319310188293457e-01,-2.422966621816158295e-02,1.976567087695002556e-03,8.624991178512573242e-01,-5.054743289947509766e-01,-7.837792485952377319e-02,-3.039489984512329102e-01,-4.165826439857482910e-01,4.744791686534881592e-01,-4.279206991195678711e-01,-2.419864386320114136e-02,-3.748270273208618164e-01,-6.275171414017677307e-03,3.501521646976470947e-01,1.858965754508972168e-01,-7.991736754775047302e-03,1.786264181137084961e-01,-7.067820429801940918e-02,-1.975823163986206055e+00,1.591745972633361816e+00,-1.221921563148498535e+00,1.209802389144897461e+00,-6.216999515891075134e-02,9.434495568275451660e-01,-2.134743928909301758e+00,-2.000000000000000000e+00,1.298630475997924805e+00,6.137890815734863281e-01
-1.635299026966094971e-01,5.470984056591987610e-02,8.429862856864929199e-01,-2.920927666127681732e-02,9.169049561023712158e-03,8.244491815567016602e-01,-5.651072859764099121e-01,-3.330369666218757629e-02,-2.550108432769775391e-01,-3.695586621761322021e-01,4.171077907085418701e-01,-3.743267953395843506e-01,-2.581530064344406128e-02,-3.297210633754730225e-01,-3.226240724325180054e-02,3.538697659969329834e-01,1.300691664218902588e-01,2.537205629050731659e-02,1.808425486087799072e-01,-8.992411941289901733e-02,-1.961589813232421875e+00,1.607264876365661621e+00,-1.218528389930725098e+00,1.198334455490112305e+00,-6.760755181312561035e-02,9.596700668334960938e-01,-2.119073390960693359e+00,-1.999094486236572266e+00,1.284802794456481934e+00,6.068574190139770508e-01
-1.801138073205947876e-01,4.376702755689620972e-02,8.477186560630798340e-01,-3.472798317670822144e-02,1.118657086044549942e-02,7.798135280609130859e-01,-6.249477267265319824e-01,-1.829815283417701721e-02,-1.872174292802810669e-01,-2.852482199668884277e-01,3.825845122337341309e-01,-3.238095343112945557e-01,-2.798043750226497650e-02,-2.925484180450439453e-01,-6.434018164873123169e-02,3.005591034889221191e-01,1.050589904189109802e-01,4.367382451891899109e-02,1.791908293962478638e-01,-1.046634986996650696e-01,-1.956909298896789551e+00,1.623969554901123047e+00,-1.221091389656066895e+00,1.179267525672912598e+00,-8.000238239765167236e-02,9.813009500503540039e-01,-2.104732513427734375e+00,-1.998127460479736328e+00,1.264397501945495605e+00,5.875567197799682617e-01
-1.955161094665527344e-01,3.179975226521492004e-02,8.517084121704101562e-01,-4.156021028757095337e-02,5.394924432039260864e-03,7.277249097824096680e-01,-6.845875382423400879e-01,-4.168908670544624329e-02,-1.180585920810699463e-01,-1.384996026754379272e-01,3.919638395309448242e-01,-2.983473241329193115e-01,-2.819872274994850159e-02,-2.675340175628662109e-01,-1.069610714912414551e-01,1.923505663871765137e-01,9.750126302242279053e-02,3.562584519386291504e-02,1.715378612279891968e-01,-1.139606982469558716e-01,-1.963155508041381836e+00,1.637601375579833984e+00,-1.211775064468383789e+00,1.163507342338562012e+00,-1.030835434794425964e-01,9.934176206588745117e-01,-2.091496229171752930e+00,-1.999542474746704102e+00,1.238470554351806641e+00,5.748519301414489746e-01
-2.093354016542434692e-01,1.840556040406227112e-02,8.539630174636840820e-01,-4.811316356062889099e-02,-6.746994331479072571e-04,6.795272827148437500e-01,-7.320706248283386230e-01,-7.456313073635101318e-02,-4.813126474618911743e-02,2.104748226702213287e-02,4.360888302326202393e-01,-2.927006483078002930e-01,-2.226610481739044189e-02,-2.465535253286361694e-01,-1.476581692695617676e-01,6.003059819340705872e-02,1.151688992977142334e-01,-8.330827578902244568e-03,1.597782522439956665e-01,-1.074110344052314758e-01,-1.970911145210266113e+00,1.641817092895507812e+00,-1.202575445175170898e+00,1.145149350166320801e+00,-1.391385644674301147e-01,1.002462029457092285e+00,-2.084701299667358398e+00,-2.000000000000000000e+00,1.233643531799316406e+00,5.524915456771850586e-01
-2.180249243974685669e-01,1.028505899012088776e-02,8.548258543014526367e-01,-5.203351750969886780e-02,-1.153692509979009628e-02,6.200131773948669434e-01,-7.827790975570678711e-01,-1.326021999120712280e-01,4.534465819597244263e-02,2.105115205049514771e-01,5.438611507415771484e-01,-2.898985445499420166e-01,-7.922029122710227966e-03,-2.365530729293823242e-01,-1.855553090572357178e-01,-6.309994310140609741e-02,1.553932875394821167e-01,-7.181587070226669312e-02,1.318811923265457153e-01,-1.086626872420310974e-01,-1.985437512397766113e+00,1.649505972862243652e+00,-1.209808588027954102e+00,1.117294907569885254e+00,-1.575792878866195679e-01,1.022532820701599121e+00,-2.071095228195190430e+00,-1.999999642372131348e+00,1.221743226051330566e+00,5.039179325103759766e-01
-2.235396057367324829e-01,-2.368555404245853424e-03,8.549720048904418945e-01,-4.986944049596786499e-02,-3.315510973334312439e-02,5.318583250045776367e-01,-8.447132706642150879e-01,-1.869320720434188843e-01,1.529350280761718750e-01,4.136945307254791260e-01,6.567460298538208008e-01,-3.045744001865386963e-01,1.996033638715744019e-02,-2.274631112813949585e-01,-2.227589339017868042e-01,-2.325401157140731812e-01,2.361272275447845459e-01,-1.430943161249160767e-01,8.187613636255264282e-02,-9.933345764875411987e-02,-2.006922006607055664e+00,1.647060513496398926e+00,-1.223187446594238281e+00,1.101560592651367188e+00,-1.448538154363632202e-01,1.033922910690307617e+00,-2.064656734466552734e+00,-1.996243119239807129e+00,1.223245859146118164e+00,4.624283313751220703e-01
-2.341649681329727173e-01,-1.091072428971529007e-02,8.535417914390563965e-01,-4.545095190405845642e-02,-4.069622978568077087e-02,4.759521484375000000e-01,-8.773525953292846680e-01,-2.137516885995864868e-01,2.054488509893417358e-01,5.155879855155944824e-01,7.141798138618469238e-01,-3.145295977592468262e-01,3.780192881822586060e-02,-2.203941941261291504e-01,-2.365826368331909180e-01,-3.260390758514404297e-01,3.036264777183532715e-01,-1.942646950483322144e-01,5.683218687772750854e-02,-8.508080244064331055e-02,-2.028477668762207031e+00,1.659436345100402832e+00,-1.225208520889282227e+00,1.108008623123168945e+00,-1.750266849994659424e-01,1.029997825622558594e+00,-2.073736190795898438e+00,-1.998033761978149414e+00,1.225668311119079590e+00,4.598858952522277832e-01
-2.415844202041625977e-01,-2.087629213929176331e-02,8.519212603569030762e-01,-3.147548437118530273e-02,-5.382588505744934082e-02,3.970616459846496582e-01,-9.156714081764221191e-01,-2.308160066604614258e-01,2.458039820194244385e-01,6.020495295524597168e-01,7.233664989471435547e-01,-3.216044902801513672e-01,5.240882933139801025e-02,-2.179461866617202759e-01,-2.400924414396286011e-01,-4.127652049064636230e-01,4.062949120998382568e-01,-2.123878449201583862e-01,2.059404924511909485e-02,-6.694444268941879272e-02,-2.039224624633789062e+00,1.673281908035278320e+00,-1.241382837295532227e+00,1.125511407852172852e+00,-1.704681962728500366e-01,1.021685004234313965e+00,-2.079625129699707031e+00,-1.992045640945434570e+00,1.231375098228454590e+00,4.669243097305297852e-01
-2.437412142753601074e-01,-3.249498829245567322e-02,8.493092060089111328e-01,-2.337094023823738098e-02,-5.991568416357040405e-02,3.510071337223052979e-01,-9.341616034507751465e-01,-2.374757528305053711e-01,2.644576430320739746e-01,6.548357605934143066e-01,7.145953178405761719e-01,-3.429299890995025635e-01,6.124961003661155701e-02,-2.144172936677932739e-01,-2.372718602418899536e-01,-4.466777145862579346e-01,4.778479337692260742e-01,-2.339052110910415649e-01,1.107487175613641739e-02,-6.303139775991439819e-02,-2.046930074691772461e+00,1.683497905731201172e+00,-1.259528875350952148e+00,1.144795536994934082e+00,-1.644470244646072388e-01,1.015749335289001465e+00,-2.084012269973754883e+00,-1.979321956634521484e+00,1.243536829948425293e+00,4.600924551486968994e-01
-2.421422898769378662e-01,-4.181031510233879089e-02,8.463851809501647949e-01,-1.475910563021898270e-02,-6.425612419843673706e-02,3.041710555553436279e-01,-9.503332376480102539e-01,-2.445263117551803589e-01,2.688043713569641113e-01,6.749042272567749023e-01,6.975744366645812988e-01,-3.703690767288208008e-01,7.339923828840255737e-02,-2.210392504930496216e-01,-2.372845709323883057e-01,-4.539344906806945801e-01,5.673319697380065918e-01,-2.479823678731918335e-01,-1.612734980881214142e-03,-5.803127959370613098e-02,-2.051331758499145508e+00,1.689502477645874023e+00,-1.280884623527526855e+00,1.157680153846740723e+00,-1.463776230812072754e-01,1.011227011680603027e+00,-2.085783481597900391e+00,-1.962645530700683594e+00,1.249641180038452148e+00,4.536851644515991211e-01
-2.365734875202178955e-01,-4.383778944611549377e-02,8.434200882911682129e-01,-1.253569265827536583e-03,-6.891094148159027100e-02,2.350238710641860962e-01,-9.695429205894470215e-01,-2.668640017509460449e-01,2.645665407180786133e-01,6.531290411949157715e-01,6.947010755538940430e-01,-4.168172180652618408e-01,9.475500881671905518e-02,-2.529061734676361084e-01,-2.524664998054504395e-01,-4.439935684204101562e-01,7.204276323318481445e-01,-2.659879624843597412e-01,-3.648886084556579590e-02,-4.992361366748809814e-02,-2.054746150970458984e+00,1.689694643020629883e+00,-1.308719754219055176e+00,1.179497718811035156e+00,-1.308512687683105469e-01,1.009062647819519043e+00,-2.086185932159423828e+00,-1.932479381561279297e+00,1.260052680969238281e+00,4.288472235202789307e-01
-2.237642109394073486e-01,-3.680713102221488953e-02,8.398539423942565918e-01,1.117551233619451523e-02,-7.224670797586441040e-02,1.599745005369186401e-01,-9.844103455543518066e-01,-2.956947088241577148e-01,2.374854534864425659e-01,5.883202552795410156e-01,7.056396603584289551e-01,-4.526464045047760010e-01,1.113553866744041443e-01,-2.900907993316650391e-01,-2.859914600849151611e-01,-4.388961195945739746e-01,8.744720220565795898e-01,-2.248836159706115723e-01,-7.463221997022628784e-02,-3.095796890556812286e-02,-2.051968574523925781e+00,1.692261576652526855e+00,-1.338762998580932617e+00,1.192316174507141113e+00,-1.112932637333869934e-01,1.007301568984985352e+00,-2.080839872360229492e+00,-1.893883585929870605e+00,1.272641777992248535e+00,3.958319127559661865e-01
-2.167478799819946289e-01,-4.011035710573196411e-02,8.355741500854492188e-01,1.508506294339895248e-02,-6.187165156006813049e-02,5.059006437659263611e-02,-9.966869950294494629e-01,-3.227772414684295654e-01,1.675789803266525269e-01,4.349422156810760498e-01,7.159771919250488281e-01,-4.672186374664306641e-01,1.056182235479354858e-01,-3.655957877635955811e-01,-2.772689759731292725e-01,-3.435392081737518311e-01,1.013478398323059082e+00,-1.738520115613937378e-01,-6.993369013071060181e-02,-1.226517371833324432e-02,-2.043016195297241211e+00,1.701461434364318848e+00,-1.371698856353759766e+00,1.199255228042602539e+00,-5.279218032956123352e-02,1.004980802536010742e+00,-2.108246564865112305e+00,-1.850908279418945312e+00,1.292648434638977051e+00,2.917449772357940674e-01
-2.090723365545272827e-01,-4.801424220204353333e-02,8.320912718772888184e-01,1.519868336617946625e-02,-5.620289221405982971e-02,-2.451151795685291290e-02,-9.980027079582214355e-01,-3.401146531105041504e-01,1.245204657316207886e-01,3.329791724681854248e-01,7.331464886665344238e-01,-4.810072481632232666e-01,1.107234358787536621e-01,-4.424404501914978027e-01,-2.778268754482269287e-01,-2.903479635715484619e-01,1.085294246673583984e+00,-1.868556439876556396e-01,-5.182190239429473877e-02,-1.303759962320327759e-02,-2.026307106018066406e+00,1.716057538986206055e+00,-1.375813007354736328e+00,1.217949867248535156e+00,-7.000788301229476929e-02,1.021202921867370605e+00,-2.078082323074340820e+00,-1.843704700469970703e+00,1.271875977516174316e+00,2.855286896228790283e-01
-1.967910677194595337e-01,-5.528511106967926025e-02,8.296984434127807617e-01,1.807036623358726501e-02,-4.865679517388343811e-02,-9.955649077892303467e-02,-9.936772584915161133e-01,-3.422500491142272949e-01,8.147101849317550659e-02,2.147655487060546875e-01,7.413260340690612793e-01,-4.952701032161712646e-01,9.476052224636077881e-02,-4.944993555545806885e-01,-2.583611905574798584e-01,-2.084545493125915527e-01,1.039703249931335449e+00,-2.287295013666152954e-01,-3.213161975145339966e-02,-1.111746951937675476e-02,-2.026443243026733398e+00,1.719493269920349121e+00,-1.351197004318237305e+00,1.212139248847961426e+00,-8.047507703304290771e-02,1.038359284400939941e+00,-2.067830085754394531e+00,-1.851356506347656250e+00,1.261178612709045410e+00,2.834512591361999512e-01
-1.894929558038711548e-01,-5.557537823915481567e-02,8.298454284667968750e-01,2.094149962067604065e-02,-4.292238503694534302e-02,-1.517210900783538818e-01,-9.872688651084899902e-01,-3.317247331142425537e-01,4.574530944228172302e-02,1.338030099868774414e-01,7.246695160865783691e-01,-5.019470453262329102e-01,9.136167168617248535e-02,-5.115886330604553223e-01,-2.331442981958389282e-01,-1.463500410318374634e-01,9.631907939910888672e-01,-2.486319392919540405e-01,-1.418648567050695419e-02,-1.102814543992280960e-02,-2.010189294815063477e+00,1.721002340316772461e+00,-1.329779267311096191e+00,1.217379689216613770e+00,-1.075540632009506226e-01,1.056209444999694824e+00,-2.068082809448242188e+00,-1.880987882614135742e+00,1.267699360847473145e+00,2.946012318134307861e-01
-1.835976243019104004e-01,-6.136196851730346680e-02,8.322892785072326660e-01,2.107585966587066650e-02,-3.317828103899955750e-02,-2.201965153217315674e-01,-9.746632575988769531e-01,-3.115193843841552734e-01,-2.927584107965230942e-03,1.439315825700759888e-02,6.880375742912292480e-01,-4.917793571949005127e-01,8.257319033145904541e-02,-5.016246438026428223e-01,-1.952928602695465088e-01,-4.617896676063537598e-02,8.162785768508911133e-01,-2.373790442943572998e-01,2.105432190001010895e-02,1.752633135765790939e-03,-1.990403294563293457e+00,1.727472186088562012e+00,-1.301657080650329590e+00,1.215955376625061035e+00,-1.317679733037948608e-01,1.083468794822692871e+00,-2.072429418563842773e+00,-1.923240065574645996e+00,1.271816849708557129e+00,3.005198538303375244e-01
-1.728730201721191406e-01,-5.846620723605155945e-02,8.365514278411865234e-01,1.880333200097084045e-02,-2.610974758863449097e-02,-2.896978855133056641e-01,-9.565771818161010742e-01,-2.712229192256927490e-01,-5.824387818574905396e-02,-1.002690345048904419e-01,6.315067410469055176e-01,-4.653803408145904541e-01,7.616544514894485474e-02,-4.591634273529052734e-01,-1.607859134674072266e-01,6.964571774005889893e-02,6.097057461738586426e-01,-1.773360967636108398e-01,7.388649135828018188e-02,1.041476964019238949e-03,-1.963134765625000000e+00,1.725917220115661621e+00,-1.269803285598754883e+00,1.232415199279785156e+00,-1.476101726293563843e-01,1.124904036521911621e+00,-2.080049991607666016e+00,-1.976005196571350098e+00,1.289611458778381348e+00,3.198190033435821533e-01
-1.584888100624084473e-01,-5.022846907377243042e-02,8.404883146286010742e-01,9.441869333386421204e-03,-2.210111171007156372e-02,-3.669265508651733398e-01,-9.299393892288208008e-01,-2.093400359153747559e-01,-1.279606521129608154e-01,-2.319256216287612915e-01,5.505056977272033691e-01,-4.202172160148620605e-01,6.480932980775833130e-02,-3.849803805351257324e-01,-1.310538053512573242e-01,2.492203414440155029e-01,3.407986164093017578e-01,-6.948573142290115356e-02,1.511819362640380859e-01,3.401555120944976807e-03,-1.926896929740905762e+00,1.725525617599487305e+00,-1.248227119445800781e+00,1.250869750976562500e+00,-1.305284202098846436e-01,1.144946217536926270e+00,-2.089015483856201172e+00,-1.995819211006164551e+00,1.305760264396667480e+00,3.358650505542755127e-01
-1.419609189033508301e-01,-5.026039481163024902e-02,8.466104865074157715e-01,2.763517666608095169e-03,-2.181437797844409943e-02,-4.237024486064910889e-01,-9.055345058441162109e-01,-1.630307137966156006e-01,-1.459180712699890137e-01,-3.033802211284637451e-01,4.810762405395507812e-01,-3.459394574165344238e-01,3.134169057011604309e-02,-3.312973678112030029e-01,-1.194634884595870972e-01,3.292424678802490234e-01,2.191854715347290039e-01,-8.714027702808380127e-03,1.803097128868103027e-01,7.115433923900127411e-03,-1.908813476562500000e+00,1.721886396408081055e+00,-1.223715424537658691e+00,1.258864402770996094e+00,-1.429857015609741211e-01,1.145184755325317383e+00,-2.092684030532836914e+00,-1.997651576995849609e+00,1.315093517303466797e+00,3.617095053195953369e-01
-1.276800185441970825e-01,-5.158470943570137024e-02,8.533707261085510254e-01,4.152009205427020788e-04,-2.549719065427780151e-02,-4.755312502384185791e-01,-8.793291449546813965e-01,-1.419305503368377686e-01,-1.321423947811126709e-01,-3.053624629974365234e-01,4.210279881954193115e-01,-2.609432041645050049e-01,-7.820247672498226166e-03,-2.876521944999694824e-01,-1.275281608104705811e-01,3.059440255165100098e-01,1.608874201774597168e-01,3.892588242888450623e-02,1.919452697038650513e-01,1.480105239897966385e-02,-1.897758841514587402e+00,1.717289209365844727e+00,-1.192876100540161133e+00,1.268200874328613281e+00,-1.606565117835998535e-01,1.147389411926269531e+00,-2.088151454925537109e+00,-1.997804641723632812e+00,1.318908333778381348e+00,3.743489384651184082e-01
-1.148795410990715027e-01,-5.410692840814590454e-02,8.599182963371276855e-01,-1.540711149573326111e-03,-2.794159762561321259e-02,-5.235345363616943359e-01,-8.515447378158569336e-01,-1.445940285921096802e-01,-9.596285223960876465e-02,-2.225282937288284302e-01,4.034692049026489258e-01,-1.950620114803314209e-01,-2.689049392938613892e-02,-2.571628689765930176e-01,-1.571885347366333008e-01,2.242930382490158081e-01,1.326714903116226196e-01,8.382298052310943604e-02,1.941346675157546997e-01,1.946982368826866150e-02,-1.890602946281433105e+00,1.714226603507995605e+00,-1.160243988037109375e+00,1.272851228713989258e+00,-2.031406909227371216e-01,1.138840317726135254e+00,-2.080708742141723633e+00,-1.998533368110656738e+00,1.313916206359863281e+00,4.019944369792938232e-01
-1.024426221847534180e-01,-5.794882774353027344e-02,8.650215268135070801e-01,1.754216034896671772e-03,-3.621172904968261719e-02,-5.795103907585144043e-01,-8.141580224037170410e-01,-1.744173169136047363e-01,-4.087588936090469360e-02,-6.134541332721710205e-02,4.148424565792083740e-01,-1.881203055381774902e-01,-1.368016283959150314e-02,-2.332153618335723877e-01,-1.960631161928176880e-01,8.988442271947860718e-02,1.129571348428726196e-01,9.762198477983474731e-02,1.850887089967727661e-01,1.538713183254003525e-02,-1.882330656051635742e+00,1.714360952377319336e+00,-1.129663348197937012e+00,1.281295537948608398e+00,-2.205346971750259399e-01,1.132375240325927734e+00,-2.056470870971679688e+00,-1.998377203941345215e+00,1.307913899421691895e+00,4.019891023635864258e-01
-8.735081553459167480e-02,-6.355027854442596436e-02,8.673158288002014160e-01,9.211954660713672638e-03,-4.413091391324996948e-02,-6.373769044876098633e-01,-7.692322731018066406e-01,-1.955535113811492920e-01,1.665737107396125793e-02,1.361480206251144409e-01,4.495136737823486328e-01,-2.101512253284454346e-01,5.900778807699680328e-03,-2.151202857494354248e-01,-2.289257943630218506e-01,-5.664978921413421631e-02,1.201493889093399048e-01,7.341528683900833130e-02,1.709275096654891968e-01,3.893617773428559303e-03,-1.877212285995483398e+00,1.720335006713867188e+00,-1.117545485496520996e+00,1.278656244277954102e+00,-2.380305379629135132e-01,1.131698966026306152e+00,-2.034933090209960938e+00,-1.998761653900146484e+00,1.295943260192871094e+00,4.007843434810638428e-01
-6.540735065937042236e-02,-6.510308384895324707e-02,8.675775527954101562e-01,2.243383042514324188e-02,-5.256946757435798645e-02,-7.045633196830749512e-01,-7.073356509208679199e-01,-2.310002744197845459e-01,8.655047416687011719e-02,3.467647433280944824e-01,5.527772307395935059e-01,-2.441805303096771240e-01,3.020159155130386353e-02,-2.101550102233886719e-01,-2.545167803764343262e-01,-1.981926113367080688e-01,1.768637895584106445e-01,1.872643711976706982e-03,1.264647394418716431e-01,-1.353546231985092163e-02,-1.869152307510375977e+00,1.734781026840209961e+00,-1.116323709487915039e+00,1.273010730743408203e+00,-2.588991820812225342e-01,1.127918720245361328e+00,-2.015836477279663086e+00,-1.999378681182861328e+00,1.275710940361022949e+00,4.140270352363586426e-01
-5.492213740944862366e-02,-6.368355453014373779e-02,8.642121553421020508e-01,3.797646611928939819e-02,-5.168610811233520508e-02,-7.566329240798950195e-01,-6.506865024566650391e-01,-2.227322608232498169e-01,1.215972080826759338e-01,5.121840238571166992e-01,5.640879869461059570e-01,-2.844349145889282227e-01,4.881247878074645996e-02,-1.971627473831176758e-01,-2.703608870506286621e-01,-3.269080519676208496e-01,2.269924581050872803e-01,-5.907694995403289795e-02,9.183043986558914185e-02,-1.470633223652839661e-02,-1.866893768310546875e+00,1.742054462432861328e+00,-1.117603540420532227e+00,1.268098354339599609e+00,-2.765065133571624756e-01,1.123481988906860352e+00,-2.009949922561645508e+00,-1.999976515769958496e+00,1.266126275062561035e+00,4.360218346118927002e-01
-4.922439530491828918e-02,-6.545387953519821167e-02,8.584951162338256836e-01,5.413437634706497192e-02,-4.160498827695846558e-02,-8.035337924957275391e-01,-5.913306474685668945e-01,-2.181172072887420654e-01,1.432534605264663696e-01,5.977237224578857422e-01,5.552629828453063965e-01,-3.213633596897125244e-01,6.258521974086761475e-02,-1.961858868598937988e-01,-2.768433988094329834e-01,-4.166170656681060791e-01,3.112288415431976318e-01,-1.093588769435882568e-01,5.421760678291320801e-02,-1.495117880403995514e-02,-1.860831141471862793e+00,1.751350641250610352e+00,-1.119211316108703613e+00,1.273020267486572266e+00,-2.910659909248352051e-01,1.111254215240478516e+00,-2.009429931640625000e+00,-2.000000000000000000e+00,1.254283189773559570e+00,4.746881425380706787e-01
-4.175217449665069580e-02,-6.755545735359191895e-02,8.516869544982910156e-01,6.228207796812057495e-02,-3.026087954640388489e-02,-8.381317853927612305e-01,-5.410547852516174316e-01,-2.204573452472686768e-01,1.536960452795028687e-01,6.239295601844787598e-01,5.524322986602783203e-01,-3.576205968856811523e-01,6.931564211845397949e-02,-1.990188509225845337e-01,-2.755494415760040283e-01,-4.476258158683776855e-01,3.960313200950622559e-01,-1.473242044448852539e-01,2.977920882403850555e-02,-1.871364563703536987e-02,-1.849280476570129395e+00,1.763629198074340820e+00,-1.124908685684204102e+00,1.292558193206787109e+00,-2.734594047069549561e-01,1.105935096740722656e+00,-2.016241550445556641e+00,-2.000000000000000000e+00,1.251339554786682129e+00,4.916935563087463379e-01
-4.695060476660728455e-02,-7.004173099994659424e-02,8.448669910430908203e-01,6.739251315593719482e-02,-1.610452122986316681e-02,-8.721697330474853516e-01,-4.842714965343475342e-01,-2.288478463888168335e-01,1.447459906339645386e-01,5.805634260177612305e-01,5.471023917198181152e-01,-4.102420508861541748e-01,8.580385893583297729e-02,-2.155051082372665405e-01,-2.892355918884277344e-01,-4.345808625221252441e-01,5.174210071563720703e-01,-1.257000565528869629e-01,2.712977305054664612e-02,-1.913954876363277435e-02,-1.831614017486572266e+00,1.762665033340454102e+00,-1.122913956642150879e+00,1.311689257621765137e+00,-2.695647478103637695e-01,1.096247196197509766e+00,-2.020826578140258789e+00,-2.000000000000000000e+00,1.247457385063171387e+00,5.152012109756469727e-01
-5.127267539501190186e-02,-8.008359372615814209e-02,8.392448425292968750e-01,6.355091929435729980e-02,9.385746670886874199e-04,-9.013612866401672363e-01,-4.283785521984100342e-01,-2.332681566476821899e-01,1.088290140032768250e-01,4.716525673866271973e-01,5.311753153800964355e-01,-4.676161408424377441e-01,1.150004118680953979e-01,-2.691537737846374512e-01,-2.800419032573699951e-01,-3.393705487251281738e-01,6.890979409217834473e-01,-9.288404136896133423e-02,3.584232181310653687e-02,-8.565368130803108215e-03,-1.805192589759826660e+00,1.755445480346679688e+00,-1.116836071014404297e+00,1.326684236526489258e+00,-2.478764802217483521e-01,1.094842433929443359e+00,-2.023798942565917969e+00,-2.000000000000000000e+00,1.255804896354675293e+00,5.156425833702087402e-01
-5.505444854497909546e-02,-8.947212994098663330e-02,8.353872895240783691e-01,5.567333847284317017e-02,1.806213520467281342e-02,-9.335933327674865723e-01,-3.535218536853790283e-01,-2.438634932041168213e-01,6.579563766717910767e-02,3.354812562465667725e-01,5.445600748062133789e-01,-4.918333292007446289e-01,1.315660774707794189e-01,-3.345226943492889404e-01,-2.408791482448577881e-01,-2.197642475366592407e-01,8.504827618598937988e-01,-9.101166576147079468e-02,2.623671665787696838e-02,-1.690187724307179451e-03,-1.778100967407226562e+00,1.737260460853576660e+00,-1.092194199562072754e+00,1.342451214790344238e+00,-2.307424694299697876e-01,1.069151520729064941e+00,-2.039675474166870117e+00,-2.000000000000000000e+00,1.273000955581665039e+00,5.345190167427062988e-01
-5.518499761819839478e-02,-9.381400793790817261e-02,8.326350450515747070e-01,4.790592566132545471e-02,2.959176711738109589e-02,-9.553093314170837402e-01,-2.901954948902130127e-01,-2.529309689998626709e-01,3.166763484477996826e-02,2.238448262214660645e-01,5.673064589500427246e-01,-5.006797313690185547e-01,1.336215436458587646e-01,-4.001207947731018066e-01,-2.064139991998672485e-01,-1.376744061708450317e-01,9.511845707893371582e-01,-9.960582107305526733e-02,2.989961579442024231e-02,9.451589547097682953e-03,-1.741927385330200195e+00,1.713098764419555664e+00,-1.048195719718933105e+00,1.348633766174316406e+00,-2.213437706232070923e-01,1.038483738899230957e+00,-2.061167955398559570e+00,-2.000000000000000000e+00,1.294520258903503418e+00,5.317137241363525391e-01
-5.832359194755554199e-02,-8.690820634365081787e-02,8.311766386032104492e-01,4.106355458498001099e-02,3.539171442389488220e-02,-9.716886878013610840e-01,-2.299614846706390381e-01,-2.511326372623443604e-01,8.863189141266047955e-04,1.193750873208045959e-01,5.910534858703613281e-01,-5.049534440040588379e-01,1.279724240303039551e-01,-4.487842917442321777e-01,-1.664920896291732788e-01,-6.601452082395553589e-02,9.635998606681823730e-01,-1.334650516510009766e-01,4.227967187762260437e-02,2.052643522620201111e-02,-1.701247096061706543e+00,1.690713047981262207e+00,-1.005440592765808105e+00,1.357533812522888184e+00,-2.064357995986938477e-01,1.033004403114318848e+00,-2.091924428939819336e+00,-2.000000000000000000e+00,1.315485715866088867e+00,5.201325416564941406e-01
-5.818860977888107300e-02,-8.037203550338745117e-02,8.309311270713806152e-01,3.687158226966857910e-02,3.649352863430976868e-02,-9.824448227882385254e-01,-1.791950166225433350e-01,-2.511863112449645996e-01,-2.764337323606014252e-02,3.645066916942596436e-02,5.973986387252807617e-01,-4.987786412239074707e-01,1.142432689666748047e-01,-4.691489636898040771e-01,-1.353642791509628296e-01,-2.977666677907109261e-03,9.039079546928405762e-01,-1.510625779628753662e-01,5.864623561501502991e-02,1.952195540070533752e-02,-1.648656487464904785e+00,1.666519045829772949e+00,-9.544738531112670898e-01,1.348905801773071289e+00,-1.958165168762207031e-01,1.025836229324340820e+00,-2.109310626983642578e+00,-2.000000000000000000e+00,1.333519697189331055e+00,5.161359906196594238e-01
-6.404111534357070923e-02,-6.246563419699668884e-02,8.312510251998901367e-01,3.412895649671554565e-02,2.572809159755706787e-02,-9.920061826705932617e-01,-1.187308728694915771e-01,-2.431494444608688354e-01,-7.051958888769149780e-02,-4.910203814506530762e-02,5.974327325820922852e-01,-4.774845540523529053e-01,8.148510009050369263e-02,-4.728999137878417969e-01,-1.091193482279777527e-01,5.578215047717094421e-02,7.741492390632629395e-01,-1.711137145757675171e-01,7.948064804077148438e-02,3.604637831449508667e-02,-1.612987637519836426e+00,1.651037454605102539e+00,-9.197487831115722656e-01,1.345331788063049316e+00,-1.902131438255310059e-01,1.018666863441467285e+00,-2.142729997634887695e+00,-2.000000000000000000e+00,1.343932509422302246e+00,5.492402315139770508e-01
-7.037764042615890503e-02,-6.472394615411758423e-02,8.288986682891845703e-01,2.429171837866306305e-02,1.943661831319332123e-02,-9.993951916694641113e-01,-1.553608663380146027e-02,-2.147987037897109985e-01,-1.673855483531951904e-01,-2.137375622987747192e-01,5.810476541519165039e-01,-4.663906693458557129e-01,5.515509471297264099e-02,-4.163536727428436279e-01,-8.279829472303390503e-02,2.476235032081604004e-01,4.401667416095733643e-01,-7.589519768953323364e-02,1.793774962425231934e-01,5.015175417065620422e-02,-1.566377758979797363e+00,1.591055512428283691e+00,-8.338813781738281250e-01,1.374478459358215332e+00,-1.095661520957946777e-01,9.888013005256652832e-01,-2.187431573867797852e+00,-2.000000000000000000e+00,1.391225218772888184e+00,5.963179469108581543e-01
-7.857715338468551636e-02,-5.689661204814910889e-02,8.305301666259765625e-01,1.619021594524383545e-02,8.997256867587566376e-03,-9.981262683868408203e-01,5.831665918231010437e-02,-1.732813119888305664e-01,-2.124665528535842896e-01,-3.005653321743011475e-01,5.512072443962097168e-01,-4.339094758033752441e-01,3.567150607705116272e-02,-3.738933801651000977e-01,-7.282837480306625366e-02,3.605653345584869385e-01,3.055411577224731445e-01,-2.993828989565372467e-02,1.992393583059310913e-01,3.981906548142433167e-02,-1.517425656318664551e+00,1.560441255569458008e+00,-7.803600430488586426e-01,1.353891968727111816e+00,-9.053444862365722656e-02,9.948062896728515625e-01,-2.202327013015747070e+00,-2.000000000000000000e+00,1.390817403793334961e+00,6.033957004547119141e-01
-9.252435714006423950e-02,-4.690401628613471985e-02,8.336477875709533691e-01,1.699485443532466888e-02,-3.823871258646249771e-03,-9.879406690597534180e-01,1.538498848676681519e-01,-1.510624140501022339e-01,-2.390649020671844482e-01,-3.408184349536895752e-01,5.272976160049438477e-01,-3.802719414234161377e-01,1.400169171392917633e-02,-3.068852424621582031e-01,-7.328747957944869995e-02,4.494180679321289062e-01,1.887260824441909790e-01,8.500264957547187805e-03,2.097700387239456177e-01,4.731721058487892151e-02,-1.479682207107543945e+00,1.576360940933227539e+00,-7.440749406814575195e-01,1.312210083007812500e+00,-8.575821667909622192e-02,9.807958602905273438e-01,-2.190577030181884766e+00,-2.000000000000000000e+00,1.369499921798706055e+00,6.408485770225524902e-01
-1.058804765343666077e-01,-3.957566991448402405e-02,8.397919535636901855e-01,1.897353492677211761e-02,-1.279935240745544434e-02,-9.771773219108581543e-01,2.111886739730834961e-01,-1.330876648426055908e-01,-2.193492949008941650e-01,-2.761726677417755127e-01,4.942392408847808838e-01,-3.203923106193542480e-01,2.206900622695684433e-03,-2.704030573368072510e-01,-9.395226836204528809e-02,4.178951978683471680e-01,1.452615708112716675e-01,2.838273718953132629e-02,1.945093423128128052e-01,3.580101951956748962e-02,-1.461564302444458008e+00,1.577272653579711914e+00,-7.165231704711914062e-01,1.284520268440246582e+00,-9.804244339466094971e-02,9.846326708793640137e-01,-2.181149244308471680e+00,-2.000000000000000000e+00,1.362979769706726074e+00,6.356969475746154785e-01
-1.184442415833473206e-01,-3.251387551426887512e-02,8.465835452079772949e-01,2.511090412735939026e-02,-1.691277325153350830e-02,-9.650886058807373047e-01,2.601678967475891113e-01,-1.302102208137512207e-01,-1.773490905761718750e-01,-1.674100160598754883e-01,4.739007353782653809e-01,-2.812830209732055664e-01,4.579034633934497833e-03,-2.425538897514343262e-01,-1.249255761504173279e-01,3.278118073940277100e-01,1.230429559946060181e-01,4.011149704456329346e-02,1.801594197750091553e-01,2.138635702431201935e-02,-1.442717909812927246e+00,1.580311298370361328e+00,-6.916799545288085938e-01,1.261538624763488770e+00,-1.164227873086929321e-01,9.869011640548706055e-01,-2.161888837814331055e+00,-2.000000000000000000e+00,1.345765113830566406e+00,6.171184182167053223e-01
-1.401714831590652466e-01,-1.706252433359622955e-02,8.528827428817749023e-01,3.907373547554016113e-02,-1.599880307912826538e-02,-9.447602629661560059e-01,3.250313401222229004e-01,-1.444763243198394775e-01,-1.184156313538551331e-01,-2.568086795508861542e-02,4.556569457054138184e-01,-2.621959149837493896e-01,1.148400362581014633e-02,-2.129639536142349243e-01,-1.554624438285827637e-01,1.784296929836273193e-01,9.848417341709136963e-02,2.565400116145610809e-02,1.660445183515548706e-01,1.198841165751218796e-02,-1.425680279731750488e+00,1.596529364585876465e+00,-6.672478914260864258e-01,1.228211164474487305e+00,-1.266824156045913696e-01,9.988736510276794434e-01,-2.138182640075683594e+00,-2.000000000000000000e+00,1.310636878013610840e+00,5.599411725997924805e-01
-1.597962230443954468e-01,-6.328230723738670349e-03,8.576933741569519043e-01,5.217717215418815613e-02,-1.282035745680332184e-02,-9.208621382713317871e-01,3.861685693264007568e-01,-1.456780731678009033e-01,-6.492942571640014648e-02,1.278263926506042480e-01,4.349076449871063232e-01,-2.608971893787384033e-01,1.820622012019157410e-02,-1.871216148138046265e-01,-1.822064965963363647e-01,1.753942295908927917e-02,8.630793541669845581e-02,5.671552848070859909e-03,1.579200178384780884e-01,-2.484940458089113235e-03,-1.410389304161071777e+00,1.620202779769897461e+00,-6.572327613830566406e-01,1.204942584037780762e+00,-1.368722021579742432e-01,1.004696846008300781e+00,-2.111855030059814453e+00,-2.000000000000000000e+00,1.288453340530395508e+00,5.119594931602478027e-01
-1.814919561147689819e-01,7.756921928375959396e-03,8.612101674079895020e-01,6.477973610162734985e-02,-7.496222387999296188e-03,-8.775297403335571289e-01,4.750672578811645508e-01,-1.391380429267883301e-01,-4.192064516246318817e-03,3.579656481742858887e-01,4.316228926181793213e-01,-2.600059807300567627e-01,1.715514250099658966e-02,-1.553777307271957397e-01,-2.126604318618774414e-01,-1.817998141050338745e-01,9.280753135681152344e-02,-2.842092141509056091e-02,1.352604478597640991e-01,-2.613275311887264252e-02,-1.396234989166259766e+00,1.633512258529663086e+00,-6.588612794876098633e-01,1.160219073295593262e+00,-1.494721174240112305e-01,1.002578139305114746e+00,-2.086716890335083008e+00,-2.000000000000000000e+00,1.252352118492126465e+00,4.920181632041931152e-01
-1.884032785892486572e-01,1.372542604804039001e-02,8.622713088989257812e-01,6.750062853097915649e-02,1.412745448760688305e-03,-8.311831355094909668e-01,5.518842339515686035e-01,-1.320579648017883301e-01,4.466729983687400818e-02,5.242787003517150879e-01,4.478221535682678223e-01,-2.685357034206390381e-01,2.339492738246917725e-02,-1.244951933622360229e-01,-2.378282099962234497e-01,-3.410976231098175049e-01,1.142110526561737061e-01,-5.449459701776504517e-02,1.097385510802268982e-01,-3.959680721163749695e-02,-1.384382843971252441e+00,1.647828936576843262e+00,-6.595579385757446289e-01,1.131083846092224121e+00,-1.528623402118682861e-01,1.000426173210144043e+00,-2.056659460067749023e+00,-2.000000000000000000e+00,1.234719753265380859e+00,4.916191697120666504e-01
-1.878626942634582520e-01,1.161390542984008789e-02,8.608042597770690918e-01,6.578131020069122314e-02,1.195031777024269104e-02,-7.940042614936828613e-01,6.042244434356689453e-01,-1.276808679103851318e-01,7.689063996076583862e-02,6.166980862617492676e-01,4.675107002258300781e-01,-2.706720530986785889e-01,3.427678346633911133e-02,-1.011638715863227844e-01,-2.526145279407501221e-01,-4.414482712745666504e-01,1.425174772739410400e-01,-7.842585444450378418e-02,8.684746176004409790e-02,-4.186264425516128540e-02,-1.374544143676757812e+00,1.658897638320922852e+00,-6.580724716186523438e-01,1.119007349014282227e+00,-1.630723625421524048e-01,1.002614617347717285e+00,-2.034184455871582031e+00,-2.000000000000000000e+00,1.219246745109558105e+00,5.142452120780944824e-01
-1.883602887392044067e-01,7.498906925320625305e-03,8.571462035179138184e-01,6.164682656526565552e-02,2.412864193320274353e-02,-7.572494745254516602e-01,6.497620940208435059e-01,-1.269784569740295410e-01,1.011845916509628296e-01,6.658064723014831543e-01,4.697916209697723389e-01,-2.771098613739013672e-01,4.392771050333976746e-02,-8.431132882833480835e-02,-2.545720934867858887e-01,-5.001800656318664551e-01,1.814222633838653564e-01,-1.042220741510391235e-01,5.424999818205833435e-02,-4.183943942189216614e-02,-1.365017890930175781e+00,1.677131175994873047e+00,-6.587021946907043457e-01,1.107332944869995117e+00,-1.638393998146057129e-01,1.012440204620361328e+00,-2.011213064193725586e+00,-1.999987840652465820e+00,1.203301310539245605e+00,5.229238271713256836e-01
-1.865916252136230469e-01,5.478950683027505875e-03,8.517485260963439941e-01,5.378396436572074890e-02,3.616247698664665222e-02,-7.124326825141906738e-01,6.987411975860595703e-01,-1.390616744756698608e-01,1.118472740054130554e-01,6.662648320198059082e-01,4.739169776439666748e-01,-3.143231272697448730e-01,6.250321865081787109e-02,-8.538021892309188843e-02,-2.561155855655670166e-01,-4.999431073665618896e-01,2.608197927474975586e-01,-1.245363727211952209e-01,3.457754477858543396e-02,-3.898188471794128418e-02,-1.360055208206176758e+00,1.685392141342163086e+00,-6.476798653602600098e-01,1.115413904190063477e+00,-1.765230000019073486e-01,1.016503214836120605e+00,-1.991560578346252441e+00,-2.000000000000000000e+00,1.184952139854431152e+00,5.585425496101379395e-01
-1.838249266147613525e-01,5.270055495202541351e-03,8.453149199485778809e-01,4.398950561881065369e-02,4.503744095563888550e-02,-6.594673991203308105e-01,7.490923404693603516e-01,-1.652205884456634521e-01,1.126287057995796204e-01,5.977951288223266602e-01,4.891008138656616211e-01,-3.728693425655364990e-01,8.363905549049377441e-02,-1.139819398522377014e-01,-2.516425549983978271e-01,-4.183875918388366699e-01,4.080015122890472412e-01,-1.348470300436019897e-01,3.666220977902412415e-02,-3.325470164418220520e-02,-1.350801825523376465e+00,1.689475893974304199e+00,-6.320958733558654785e-01,1.123723268508911133e+00,-1.920205801725387573e-01,1.013082742691040039e+00,-1.970955133438110352e+00,-2.000000000000000000e+00,1.174404144287109375e+00,5.915781855583190918e-01
-1.799148023128509521e-01,1.302927359938621521e-02,8.398348093032836914e-01,2.332750149071216583e-02,4.744807630777359009e-02,-5.869399309158325195e-01,8.079022765159606934e-01,-1.938409209251403809e-01,1.072742566466331482e-01,4.962515532970428467e-01,5.137049555778503418e-01,-4.361184239387512207e-01,1.232525184750556946e-01,-1.832751929759979248e-01,-2.551347315311431885e-01,-3.212791681289672852e-01,6.623031497001647949e-01,-6.662797927856445312e-02,2.117223851382732391e-02,-3.816320374608039856e-02,-1.331173539161682129e+00,1.713664889335632324e+00,-6.303373575210571289e-01,1.129596829414367676e+00,-1.443052887916564941e-01,1.027027726173400879e+00,-1.958178758621215820e+00,-1.999999761581420898e+00,1.156823635101318359e+00,5.239819884300231934e-01
-1.811056584119796753e-01,2.070057578384876251e-02,8.334490656852722168e-01,6.328130140900611877e-03,4.559932649135589600e-02,-5.320694446563720703e-01,8.454482555389404297e-01,-2.230490297079086304e-01,1.053728163242340088e-01,4.096939265727996826e-01,5.563297271728515625e-01,-4.867113232612609863e-01,1.334974169731140137e-01,-2.638770043849945068e-01,-2.550673484802246094e-01,-2.499265670776367188e-01,8.628533482551574707e-01,-9.487952291965484619e-02,1.125587383285164833e-03,-4.029349610209465027e-02,-1.312098741531372070e+00,1.726940631866455078e+00,-6.286738514900207520e-01,1.138329863548278809e+00,-1.071527823805809021e-01,1.038939237594604492e+00,-1.960294365882873535e+00,-2.000000000000000000e+00,1.157272458076477051e+00,4.931297302246093750e-01
-1.843906342983245850e-01,2.268693968653678894e-02,8.273299336433410645e-01,-3.862658049911260605e-03,4.007751494646072388e-02,-4.750460982322692871e-01,8.790392875671386719e-01,-2.524484992027282715e-01,8.373338729143142700e-02,3.081834614276885986e-01,6.037293672561645508e-01,-5.180768966674804688e-01,1.292552053928375244e-01,-3.413168191909790039e-01,-2.410181462764739990e-01,-1.837921589612960815e-01,9.852545261383056641e-01,-1.656191498041152954e-01,-1.079622469842433929e-02,-2.932743355631828308e-02,-1.299851655960083008e+00,1.721988201141357422e+00,-6.147884726524353027e-01,1.156714200973510742e+00,-7.134456187486648560e-02,1.047330737113952637e+00,-1.975759863853454590e+00,-2.000000000000000000e+00,1.167929291725158691e+00,4.711298346519470215e-01
-1.882161647081375122e-01,2.325724437832832336e-02,8.234105706214904785e-01,-1.134075596928596497e-02,3.493136167526245117e-02,-4.219343662261962891e-01,9.058821797370910645e-01,-2.666235566139221191e-01,5.680993944406509399e-02,2.226522564888000488e-01,6.202828288078308105e-01,-5.394502282142639160e-01,1.299670785665512085e-01,-3.867670893669128418e-01,-2.139434665441513062e-01,-1.263490319252014160e-01,9.868798255920410156e-01,-2.198586910963058472e-01,-1.848320290446281433e-02,-2.414267323911190033e-02,-1.285964727401733398e+00,1.713032126426696777e+00,-5.991615056991577148e-01,1.167385816574096680e+00,-3.359061107039451599e-02,1.057587623596191406e+00,-1.984548807144165039e+00,-2.000000000000000000e+00,1.197223424911499023e+00,4.369466602802276611e-01
-1.941135972738265991e-01,2.009494043886661530e-02,8.223508000373840332e-01,-1.895925588905811310e-02,2.440014481544494629e-02,-3.533830642700195312e-01,9.349682331085205078e-01,-2.629757821559906006e-01,2.052511461079120636e-02,1.199440881609916687e-01,6.190165877342224121e-01,-5.396882295608520508e-01,1.075613945722579956e-01,-4.169758856296539307e-01,-1.751621067523956299e-01,-5.660678073763847351e-02,9.177332520484924316e-01,-2.564420700073242188e-01,-8.636497892439365387e-03,-1.823670044541358948e-02,-1.263412237167358398e+00,1.676866650581359863e+00,-5.672916769981384277e-01,1.174881577491760254e+00,-8.135106414556503296e-03,1.078719258308410645e+00,-1.996263742446899414e+00,-2.000000000000000000e+00,1.235944867134094238e+00,4.043191969394683838e-01
-1.951839774847030640e-01,9.358954615890979767e-03,8.256574869155883789e-01,-2.367080189287662506e-02,1.520964596420526505e-02,-2.792192399501800537e-01,9.598150849342346191e-01,-2.448892891407012939e-01,-1.953672617673873901e-02,4.616727586835622787e-03,6.024919748306274414e-01,-5.112249851226806641e-01,9.108183532953262329e-02,-4.254950881004333496e-01,-1.235616505146026611e-01,3.119731508195400238e-02,7.891973853111267090e-01,-2.477366924285888672e-01,1.652300357818603516e-02,-1.684725843369960785e-02,-1.241134285926818848e+00,1.662022233009338379e+00,-5.472168922424316406e-01,1.169440627098083496e+00,1.992189139127731323e-02,1.121855497360229492e+00,-2.006577968597412109e+00,-1.999998211860656738e+00,1.281937360763549805e+00,3.529788553714752197e-01
-1.894735395908355713e-01,-1.954840030521154404e-03,8.315636515617370605e-01,-2.530525438487529755e-02,5.386676639318466187e-03,-1.836397498846054077e-01,9.826530814170837402e-01,-2.130215913057327271e-01,-7.574611902236938477e-02,-1.343018859624862671e-01,5.703030824661254883e-01,-4.589776694774627686e-01,5.725155398249626160e-02,-4.076617956161499023e-01,-8.528530597686767578e-02,1.340718567371368408e-01,6.217614412307739258e-01,-1.765589863061904907e-01,5.856994912028312683e-02,-2.191620133817195892e-02,-1.204386115074157715e+00,1.643484711647033691e+00,-5.273608565330505371e-01,1.172351479530334473e+00,2.843920513987541199e-02,1.148999810218811035e+00,-2.015584230422973633e+00,-1.993895530700683594e+00,1.318051218986511230e+00,2.884425818920135498e-01
-1.755404621362686157e-01,-1.641773246228694916e-02,8.364368081092834473e-01,-2.438043989241123199e-02,-1.498207077383995056e-02,-7.087974995374679565e-02,9.970743060111999512e-01,-1.295299977064132690e-01,-1.345172673463821411e-01,-3.087975084781646729e-01,5.135537385940551758e-01,-4.150657951831817627e-01,1.082385424524545670e-02,-3.456915616989135742e-01,-5.349617451429367065e-02,2.748944759368896484e-01,4.006375074386596680e-01,-7.235427200794219971e-02,1.544987857341766357e-01,4.204337298870086670e-02,-8.585119247436523438e-01,1.437785387039184570e+00,-1.301711946725845337e-01,1.050516843795776367e+00,8.797170221805572510e-02,1.149000048637390137e+00,-1.984732151031494141e+00,-1.839835166931152344e+00,1.545708060264587402e+00,2.937289178371429443e-01
-1.640162616968154907e-01,-3.436619415879249573e-02,8.425422310829162598e-01,-1.839689910411834717e-02,-7.535077165812253952e-03,-1.521269138902425766e-02,9.996865987777709961e-01,-1.123160943388938904e-01,-1.257529407739639282e-01,-3.502583503723144531e-01,4.638729393482208252e-01,-3.719638884067535400e-01,-1.416630763560533524e-02,-3.175214529037475586e-01,-6.010347977280616760e-02,3.221040368080139160e-01,3.240223824977874756e-01,-4.236644506454467773e-02,1.521843820810317993e-01,-3.035620786249637604e-02,-8.265218138694763184e-01,1.563668608665466309e+00,-1.689838320016860962e-01,1.092536807060241699e+00,7.003072649240493774e-02,1.148977160453796387e+00,-2.038105487823486328e+00,-1.909422755241394043e+00,1.415706634521484375e+00,2.705893516540527344e-01
-1.483174711465835571e-01,-4.950699210166931152e-02,8.484795689582824707e-01,-1.247892994433641434e-02,-1.583602395839989185e-03,3.877715021371841431e-02,9.991686940193176270e-01,-9.280933439731597900e-02,-1.152674704790115356e-01,-3.712835609912872314e-01,4.171045720577239990e-01,-3.233695626258850098e-01,-3.327633067965507507e-02,-2.920537889003753662e-01,-6.005095690488815308e-02,3.661290705204010010e-01,2.795933783054351807e-01,-2.672564052045345306e-02,1.539214253425598145e-01,-6.531572341918945312e-02,-8.311408758163452148e-01,1.600390553474426270e+00,-1.813909858465194702e-01,1.108582735061645508e+00,5.059440806508064270e-02,1.149000048637390137e+00,-2.063896179199218750e+00,-1.904114246368408203e+00,1.377054095268249512e+00,2.214730381965637207e-01
-1.376411765813827515e-01,-6.645122915506362915e-02,8.545731902122497559e-01,-1.897277077659964561e-03,1.253792271018028259e-02,8.761671185493469238e-02,9.960735440254211426e-01,-9.262313693761825562e-02,-1.054163947701454163e-01,-3.789632022380828857e-01,3.713662624359130859e-01,-2.748053967952728271e-01,-6.321593374013900757e-02,-2.574329674243927002e-01,-8.333951234817504883e-02,3.734956979751586914e-01,2.279189079999923706e-01,2.742225537076592445e-03,1.643063724040985107e-01,-1.062947884202003479e-01,-8.454276323318481445e-01,1.677858233451843262e+00,-2.213754802942276001e-01,1.132297992706298828e+00,1.814990676939487457e-02,1.116063594818115234e+00,-2.088965892791748047e+00,-1.908556103706359863e+00,1.286254286766052246e+00,1.095270887017250061e-01
-1.267441660165786743e-01,-6.589747220277786255e-02,8.631930947303771973e-01,9.882611921057105064e-04,2.155481837689876556e-02,1.352977901697158813e-01,9.905700087547302246e-01,-8.909600228071212769e-02,-7.367926836013793945e-02,-3.434346020221710205e-01,3.292073309421539307e-01,-2.225581109523773193e-01,-7.399707287549972534e-02,-2.328766882419586182e-01,-9.598084539175033569e-02,3.144712746143341064e-01,2.165034562349319458e-01,-2.577992272563278675e-04,1.452336013317108154e-01,-1.015452817082405090e-01,-8.598690032958984375e-01,1.687247157096862793e+00,-2.307502776384353638e-01,1.150224804878234863e+00,-1.628143340349197388e-02,1.116882443428039551e+00,-2.083637237548828125e+00,-1.908053874969482422e+00,1.266604661941528320e+00,9.369041025638580322e-02
-1.178739741444587708e-01,-8.270877599716186523e-02,8.732183575630187988e-01,7.615161128342151642e-03,3.532423451542854309e-02,2.065844684839248657e-01,9.777612686157226562e-01,-1.255054771900177002e-01,-1.807031594216823578e-02,-2.389545291662216187e-01,3.033029735088348389e-01,-1.779787093400955200e-01,-5.965988337993621826e-02,-2.026417255401611328e-01,-1.331733018159866333e-01,1.859094500541687012e-01,1.952696144580841064e-01,2.111017005518078804e-03,9.378166496753692627e-02,-8.833420276641845703e-02,-8.871496319770812988e-01,1.681340575218200684e+00,-2.414717823266983032e-01,1.143990516662597656e+00,-4.444703832268714905e-02,1.096489429473876953e+00,-2.065530300140380859e+00,-1.893392682075500488e+00,1.221732974052429199e+00,6.539782136678695679e-02
-1.096821948885917664e-01,-1.016805469989776611e-01,8.808919191360473633e-01,8.749233558773994446e-03,4.004779085516929626e-02,2.669022977352142334e-01,9.628514051437377930e-01,-1.453268676996231079e-01,1.997803524136543274e-02,-8.062081784009933472e-02,2.827909588813781738e-01,-1.535226553678512573e-01,-4.271344467997550964e-02,-1.747501045465469360e-01,-1.498255878686904907e-01,7.189510762691497803e-02,1.831532120704650879e-01,2.603416703641414642e-02,8.244660496711730957e-02,-8.331181108951568604e-02,-9.017344117164611816e-01,1.676285147666931152e+00,-2.490377426147460938e-01,1.127079606056213379e+00,-7.046000659465789795e-02,1.068257808685302734e+00,-2.059505701065063477e+00,-1.893293738365173340e+00,1.205507040023803711e+00,5.854298174381256104e-02
-1.021256148815155029e-01,-1.165451183915138245e-01,8.873100280761718750e-01,7.472180295735597610e-03,4.887199401855468750e-02,3.322267532348632812e-01,9.419028759002685547e-01,-1.700433045625686646e-01,4.948792979121208191e-02,1.112390533089637756e-01,2.906531691551208496e-01,-1.385766267776489258e-01,-2.788497507572174072e-02,-1.565490961074829102e-01,-1.713441461324691772e-01,-5.003469064831733704e-02,1.742536574602127075e-01,5.215156078338623047e-02,6.851051747798919678e-02,-9.516549855470657349e-02,-9.182274341583251953e-01,1.675101876258850098e+00,-2.638694941997528076e-01,1.107187151908874512e+00,-7.274636626243591309e-02,1.027295708656311035e+00,-2.050886631011962891e+00,-1.881371974945068359e+00,1.196072459220886230e+00,4.725972935557365417e-02
-9.530200809240341187e-02,-1.272626370191574097e-01,8.903911113739013672e-01,5.654936656355857849e-03,5.415977910161018372e-02,3.821255266666412354e-01,9.225046634674072266e-01,-1.807146519422531128e-01,6.279936432838439941e-02,2.252099812030792236e-01,3.115485310554504395e-01,-1.374207437038421631e-01,-1.499382779002189636e-02,-1.469903886318206787e-01,-1.797228157520294189e-01,-1.182416453957557678e-01,1.810599863529205322e-01,5.983884260058403015e-02,5.436453595757484436e-02,-1.028399392962455750e-01,-9.246339201927185059e-01,1.673012137413024902e+00,-2.808705568313598633e-01,1.096750378608703613e+00,-6.859872490167617798e-02,9.990931153297424316e-01,-2.037734508514404297e+00,-1.859470725059509277e+00,1.199265241622924805e+00,4.203755781054496765e-02
-8.866689354181289673e-02,-1.397086232900619507e-01,8.891364932060241699e-01,1.444591442123055458e-03,5.731301009654998779e-02,4.444259405136108398e-01,8.939791321754455566e-01,-1.846570521593093872e-01,7.764114439487457275e-02,3.608850538730621338e-01,3.399669826030731201e-01,-1.442378610372543335e-01,-5.307048559188842773e-03,-1.304698735475540161e-01,-1.854691356420516968e-01,-1.986369490623474121e-01,1.865369230508804321e-01,4.420128464698791504e-02,4.591160267591476440e-02,-1.067444831132888794e-01,-9.227571487426757812e-01,1.663180947303771973e+00,-2.973306179046630859e-01,1.091861605644226074e+00,-5.933064222335815430e-02,9.755954742431640625e-01,-2.022722721099853516e+00,-1.839669823646545410e+00,1.195625185966491699e+00,4.803363978862762451e-02
-8.346584439277648926e-02,-1.436316072940826416e-01,8.840736150741577148e-01,-4.188071936368942261e-03,6.046918779611587524e-02,5.097565650939941406e-01,8.581807613372802734e-01,-2.048549056053161621e-01,9.327760338783264160e-02,4.465605914592742920e-01,4.161393046379089355e-01,-1.911696046590805054e-01,1.654434204101562500e-02,-1.326188296079635620e-01,-1.940781772136688232e-01,-2.322039455175399780e-01,2.435837984085083008e-01,-8.314497768878936768e-03,3.497980162501335144e-02,-1.236469745635986328e-01,-9.324905872344970703e-01,1.656713724136352539e+00,-3.013095259666442871e-01,1.092953324317932129e+00,-7.182908058166503906e-02,9.454035162925720215e-01,-2.008841753005981445e+00,-1.815181255340576172e+00,1.200052976608276367e+00,7.244142144918441772e-02
-8.168837428092956543e-02,-1.447520703077316284e-01,8.763723969459533691e-01,-1.427090726792812347e-02,6.010650843381881714e-02,5.797259211540222168e-01,8.124662637710571289e-01,-2.449542731046676636e-01,1.014892160892486572e-01,4.820189774036407471e-01,5.391649603843688965e-01,-2.888589501380920410e-01,5.239401385188102722e-02,-1.724313199520111084e-01,-2.076508998870849609e-01,-2.539625763893127441e-01,3.856950402259826660e-01,-7.530984282493591309e-02,2.947207167744636536e-02,-1.382618844509124756e-01,-9.337513446807861328e-01,1.655971288681030273e+00,-3.121427893638610840e-01,1.106580376625061035e+00,-1.002158969640731812e-01,9.087714552879333496e-01,-1.992143511772155762e+00,-1.787232875823974609e+00,1.220806121826171875e+00,1.191641092300415039e-01
-8.189882338047027588e-02,-1.443864703178405762e-01,8.659666180610656738e-01,-2.343245968222618103e-02,5.519513040781021118e-02,6.318322420120239258e-01,7.727822661399841309e-01,-2.808403372764587402e-01,1.094603762030601501e-01,4.545625746250152588e-01,6.087177991867065430e-01,-3.745378553867340088e-01,8.077202737331390381e-02,-2.193183302879333496e-01,-2.099256515502929688e-01,-2.329619377851486206e-01,5.253002643585205078e-01,-1.250161230564117432e-01,2.810516953468322754e-02,-1.436014324426651001e-01,-9.274129867553710938e-01,1.676857113838195801e+00,-3.190427124500274658e-01,1.140392780303955078e+00,-9.900397062301635742e-02,8.797819018363952637e-01,-1.972362160682678223e+00,-1.750746488571166992e+00,1.240988254547119141e+00,1.284152716398239136e-01
-8.241298794746398926e-02,-1.424464434385299683e-01,8.557730913162231445e-01,-3.128191456198692322e-02,4.739321395754814148e-02,6.831040382385253906e-01,7.281100153923034668e-01,-3.212729692459106445e-01,1.054090037941932678e-01,3.944210708141326904e-01,6.821591258049011230e-01,-4.556747972965240479e-01,1.035138964653015137e-01,-2.812749147415161133e-01,-2.131200879812240601e-01,-1.891135424375534058e-01,6.798930168151855469e-01,-2.282083332538604736e-01,2.564355731010437012e-03,-1.376545280218124390e-01,-9.180799722671508789e-01,1.685849666595458984e+00,-3.199225366115570068e-01,1.175379514694213867e+00,-1.069057434797286987e-01,8.544300198554992676e-01,-1.950577139854431152e+00,-1.719110012054443359e+00,1.256916761398315430e+00,1.399596482515335083e-01
-8.357238024473190308e-02,-1.395003795623779297e-01,8.467372655868530273e-01,-3.368585929274559021e-02,3.899215161800384521e-02,7.218379378318786621e-01,6.901412010192871094e-01,-3.478863239288330078e-01,8.809287101030349731e-02,3.273879289627075195e-01,7.297965288162231445e-01,-5.124276876449584961e-01,1.191918328404426575e-01,-3.494058847427368164e-01,-2.153769731521606445e-01,-1.486179977655410767e-01,8.218069672584533691e-01,-2.656824588775634766e-01,-1.099315285682678223e-02,-1.260604560375213623e-01,-9.046153426170349121e-01,1.701268315315246582e+00,-3.127285838127136230e-01,1.213559865951538086e+00,-9.990266710519790649e-02,8.302810192108154297e-01,-1.939397811889648438e+00,-1.697839617729187012e+00,1.261202812194824219e+00,1.553444713354110718e-01
-7.870531082153320312e-02,-1.361370831727981567e-01,8.394950032234191895e-01,-3.057605400681495667e-02,2.809938788414001465e-02,7.598627209663391113e-01,6.487558484077453613e-01,-3.576840162277221680e-01,6.081535294651985168e-02,2.356813848018646240e-01,7.592321634292602539e-01,-5.605463981628417969e-01,1.310885846614837646e-01,-4.205524921417236328e-01,-2.049530148506164551e-01,-7.775816321372985840e-02,9.416165351867675781e-01,-2.872885167598724365e-01,-9.335896931588649750e-03,-1.060923039913177490e-01,-8.912850618362426758e-01,1.714053392410278320e+00,-3.047392070293426514e-01,1.262170076370239258e+00,-9.808551520109176636e-02,8.155230879783630371e-01,-1.937057733535766602e+00,-1.687252759933471680e+00,1.268356204032897949e+00,1.774487644433975220e-01
-7.326437532901763916e-02,-1.258277893066406250e-01,8.337679505348205566e-01,-2.880119904875755310e-02,2.141948603093624115e-02,7.955840229988098145e-01,6.047791242599487305e-01,-3.591831624507904053e-01,2.804885804653167725e-02,1.415415257215499878e-01,7.751705050468444824e-01,-6.044557690620422363e-01,1.380757838487625122e-01,-4.776144921779632568e-01,-1.922180354595184326e-01,-5.746237933635711670e-03,9.781549572944641113e-01,-3.189613521099090576e-01,5.348382401280105114e-04,-8.869361132383346558e-02,-8.777769207954406738e-01,1.716449856758117676e+00,-2.958125770092010498e-01,1.304234504699707031e+00,-7.927306741476058960e-02,8.092237710952758789e-01,-1.939712882041931152e+00,-1.678704142570495605e+00,1.279711484909057617e+00,1.936000585556030273e-01
-7.125294953584671021e-02,-1.103413626551628113e-01,8.306453227996826172e-01,-2.759783156216144562e-02,1.615495979785919189e-02,8.323649168014526367e-01,5.533046126365661621e-01,-3.457300961017608643e-01,-1.870823465287685394e-02,2.687316201627254486e-02,7.690358757972717285e-01,-6.375480294227600098e-01,1.409045457839965820e-01,-5.185183286666870117e-01,-1.577335000038146973e-01,8.650491386651992798e-02,9.365105628967285156e-01,-3.365695178508758545e-01,2.424320951104164124e-02,-7.044871896505355835e-02,-8.784849047660827637e-01,1.710215568542480469e+00,-2.772041857242584229e-01,1.334549546241760254e+00,-7.392173260450363159e-02,8.037237524986267090e-01,-1.950532078742980957e+00,-1.687966227531433105e+00,1.300235509872436523e+00,2.358536720275878906e-01
-6.525060534477233887e-02,-1.000590249896049500e-01,8.302190303802490234e-01,-2.016909793019294739e-02,1.425651088356971741e-02,8.611406683921813965e-01,5.077663660049438477e-01,-3.212540149688720703e-01,-6.371314823627471924e-02,-7.470219582319259644e-02,7.430685162544250488e-01,-6.400059461593627930e-01,1.336487382650375366e-01,-5.104100704193115234e-01,-1.267854720354080200e-01,1.692746430635452271e-01,8.026329278945922852e-01,-3.186243474483489990e-01,5.899563059210777283e-02,-4.675210639834403992e-02,-8.842347264289855957e-01,1.701707363128662109e+00,-2.606127262115478516e-01,1.361771464347839355e+00,-6.790938973426818848e-02,8.102758526802062988e-01,-1.966122269630432129e+00,-1.700319886207580566e+00,1.325706720352172852e+00,2.606182098388671875e-01
-6.148149073123931885e-02,-8.959478139877319336e-02,8.324905037879943848e-01,-1.470210775732994080e-02,1.144379936158657074e-02,8.890731930732727051e-01,4.573857784271240234e-01,-2.912685871124267578e-01,-9.628739207983016968e-02,-1.661978662014007568e-01,7.028284072875976562e-01,-6.282529830932617188e-01,1.240867674350738525e-01,-4.808376729488372803e-01,-1.087302640080451965e-01,2.296726107597351074e-01,6.566717028617858887e-01,-2.914105653762817383e-01,9.120471775531768799e-02,-2.659194916486740112e-02,-8.948894143104553223e-01,1.701030135154724121e+00,-2.446424812078475952e-01,1.380063176155090332e+00,-5.763348564505577087e-02,8.340963125228881836e-01,-1.980861425399780273e+00,-1.713217973709106445e+00,1.353397250175476074e+00,2.666915655136108398e-01
-5.723475664854049683e-02,-8.214081078767776489e-02,8.378335237503051758e-01,-1.221840549260377884e-02,1.194207463413476944e-02,9.075113534927368164e-01,4.196799695491790771e-01,-2.654559314250946045e-01,-1.052690893411636353e-01,-2.100466638803482056e-01,6.434714794158935547e-01,-5.895801782608032227e-01,1.014577746391296387e-01,-4.442602396011352539e-01,-1.084170788526535034e-01,2.438223958015441895e-01,5.368893146514892578e-01,-2.649210393428802490e-01,1.029523611068725586e-01,-8.097149431705474854e-03,-8.974012732505798340e-01,1.718857288360595703e+00,-2.425684332847595215e-01,1.386694431304931641e+00,-2.837212197482585907e-02,8.534348607063293457e-01,-1.994605660438537598e+00,-1.726743221282958984e+00,1.386175274848937988e+00,2.620982527732849121e-01
-5.804355069994926453e-02,-6.989245861768722534e-02,8.452039361000061035e-01,-1.286103390157222748e-02,1.336029265075922012e-02,9.284834265708923340e-01,3.709105849266052246e-01,-2.337607145309448242e-01,-1.052132695913314819e-01,-2.312639206647872925e-01,5.647680163383483887e-01,-5.242037177085876465e-01,8.711390942335128784e-02,-3.916146755218505859e-01,-1.253257989883422852e-01,2.324332445859909058e-01,3.991466462612152100e-01,-1.917910128831863403e-01,1.168839856982231140e-01,2.800907194614410400e-02,-9.104998111724853516e-01,1.723508596420288086e+00,-2.317372709512710571e-01,1.387668609619140625e+00,-3.410837380215525627e-03,8.832651972770690918e-01,-2.006757497787475586e+00,-1.746318340301513672e+00,1.427866578102111816e+00,2.612690329551696777e-01
-5.702499300241470337e-02,-5.931922420859336853e-02,8.538312911987304688e-01,-2.311932481825351715e-02,1.956426352262496948e-02,9.504778981208801270e-01,3.093130290508270264e-01,-2.192719578742980957e-01,-8.646070957183837891e-02,-1.763941049575805664e-01,4.499229192733764648e-01,-4.009241461753845215e-01,5.130629241466522217e-02,-3.254344761371612549e-01,-1.774699091911315918e-01,1.127271577715873718e-01,2.516332864761352539e-01,-1.018754243850708008e-01,1.180143877863883972e-01,9.433460980653762817e-02,-9.394299387931823730e-01,1.729182720184326172e+00,-2.125579565763473511e-01,1.381505846977233887e+00,-4.657198116183280945e-02,9.345591664314270020e-01,-2.020505428314208984e+00,-1.792925596237182617e+00,1.471303462982177734e+00,3.001803755760192871e-01
-5.429340898990631104e-02,-5.195168405771255493e-02,8.601028919219970703e-01,-3.338636457920074463e-02,2.185755781829357147e-02,9.665532708168029785e-01,2.533423602581024170e-01,-2.063057124614715576e-01,-6.043411791324615479e-02,-8.606427907943725586e-02,3.777657747268676758e-01,-3.185108304023742676e-01,1.832937821745872498e-02,-2.843230068683624268e-01,-1.962906420230865479e-01,-2.889417344704270363e-03,1.997543871402740479e-01,-5.588430538773536682e-02,1.264021247625350952e-01,1.190432682633399963e-01,-9.584591984748840332e-01,1.739105343818664551e+00,-2.067295908927917480e-01,1.366238713264465332e+00,-8.051245659589767456e-02,9.700209498405456543e-01,-2.034603834152221680e+00,-1.818806290626525879e+00,1.500198602676391602e+00,3.140596151351928711e-01
-5.107437446713447571e-02,-4.779072478413581848e-02,8.654440641403198242e-01,-4.186379536986351013e-02,2.027040719985961914e-02,9.768944978713989258e-01,2.085993289947509766e-01,-2.045250833034515381e-01,-2.791586145758628845e-02,3.204543516039848328e-02,3.411313593387603760e-01,-2.764107286930084229e-01,1.881163939833641052e-02,-2.530838549137115479e-01,-2.112520039081573486e-01,-8.973120152950286865e-02,1.705776751041412354e-01,-2.936989627778530121e-02,1.352864056825637817e-01,1.139475852251052856e-01,-9.752730131149291992e-01,1.729771375656127930e+00,-2.055685967206954956e-01,1.348565697669982910e+00,-1.068286672234535217e-01,1.009255647659301758e+00,-2.036138057708740234e+00,-1.846042871475219727e+00,1.515892982482910156e+00,3.164438307285308838e-01
-6.057336553931236267e-02,-3.198038041591644287e-02,8.685776591300964355e-01,-5.376647785305976868e-02,2.105775289237499237e-02,9.868609309196472168e-01,1.509015560150146484e-01,-2.052861005067825317e-01,1.905657723546028137e-02,2.063498497009277344e-01,3.232582211494445801e-01,-2.527232468128204346e-01,2.549910731613636017e-02,-2.097207754850387573e-01,-2.389326244592666626e-01,-2.349104285240173340e-01,1.630862057209014893e-01,-5.631334707140922546e-02,1.306493878364562988e-01,1.331010609865188599e-01,-9.940198659896850586e-01,1.718634486198425293e+00,-2.020943760871887207e-01,1.325385093688964844e+00,-1.108016818761825562e-01,1.048403382301330566e+00,-2.035907030105590820e+00,-1.874495863914489746e+00,1.525127410888671875e+00,3.293759822845458984e-01
-6.223063170909881592e-02,-2.428330667316913605e-02,8.690161705017089844e-01,-6.063952669501304626e-02,1.881556957960128784e-02,9.925054907798767090e-01,1.044113561511039734e-01,-1.964699625968933105e-01,4.292750731110572815e-02,3.194172978401184082e-01,3.217034637928009033e-01,-2.498359680175781250e-01,3.524200990796089172e-02,-1.852109730243682861e-01,-2.540464997291564941e-01,-3.327643573284149170e-01,1.698676794767379761e-01,-7.733128964900970459e-02,1.171645745635032654e-01,1.319831460714340210e-01,-1.010028004646301270e+00,1.701518654823303223e+00,-2.034820914268493652e-01,1.303384423255920410e+00,-1.186310946941375732e-01,1.088596940040588379e+00,-2.026698112487792969e+00,-1.897805213928222656e+00,1.525447726249694824e+00,3.301026225090026855e-01
-6.343746185302734375e-02,-2.447051741182804108e-02,8.672690391540527344e-01,-6.953576207160949707e-02,1.257652789354324341e-02,9.958080649375915527e-01,5.807664990425109863e-02,-1.835656911134719849e-01,4.926752299070358276e-02,4.004763364791870117e-01,3.249636292457580566e-01,-2.478068619966506958e-01,4.157321155071258545e-02,-1.697777658700942993e-01,-2.654717266559600830e-01,-4.021445214748382568e-01,1.750236898660659790e-01,-8.960100263357162476e-02,1.077407971024513245e-01,1.535961776971817017e-01,-9.947211742401123047e-01,1.525313138961791992e+00,-1.912298500537872314e-01,1.309361219406127930e+00,-1.624863594770431519e-01,1.148874998092651367e+00,-2.006737232208251953e+00,-1.971466302871704102e+00,1.531551361083984375e+00,3.794640004634857178e-01
-5.348181352019309998e-02,-2.707793377339839935e-02,8.653298020362854004e-01,-6.819230318069458008e-02,4.480105359107255936e-03,9.976584911346435547e-01,-2.699316246435046196e-03,-1.656970381736755371e-01,5.873636528849601746e-02,4.835967421531677246e-01,3.389418423175811768e-01,-2.839996218681335449e-01,6.861425191164016724e-02,-1.546026170253753662e-01,-2.932217121124267578e-01,-5.005054473876953125e-01,2.267296165227890015e-01,-1.015140488743782043e-01,8.395937830209732056e-02,1.721146255731582642e-01,-9.963373541831970215e-01,1.486294031143188477e+00,-1.619040518999099731e-01,1.277318716049194336e+00,-1.657563894987106323e-01,1.149000048637390137e+00,-2.002521038055419922e+00,-1.978066444396972656e+00,1.543021917343139648e+00,4.063113033771514893e-01
-2.347113750874996185e-02,-3.124153614044189453e-02,8.619686961174011230e-01,-5.963500589132308960e-02,-2.002683281898498535e-02,9.892972707748413086e-01,-1.316567361354827881e-01,-1.952307522296905518e-01,4.449206963181495667e-02,4.162037968635559082e-01,3.445996046066284180e-01,-3.516519367694854736e-01,8.220976591110229492e-02,-1.468925476074218750e-01,-3.263087570667266846e-01,-5.693590641021728516e-01,3.657182455062866211e-01,-9.839303791522979736e-02,2.071489207446575165e-02,1.780330687761306763e-01,-1.030626893043518066e+00,1.677424430847167969e+00,-1.933716833591461182e-01,1.187849760055541992e+00,1.825511828064918518e-02,1.149000048637390137e+00,-1.988544464111328125e+00,-1.948999404907226562e+00,1.520574569702148438e+00,3.672578334808349609e-01
-2.251181378960609436e-02,-3.960912674665451050e-02,8.570565581321716309e-01,-4.789556935429573059e-02,-2.684924378991127014e-02,9.797053933143615723e-01,-1.927755773067474365e-01,-1.906744986772537231e-01,2.127677202224731445e-02,3.467036783695220947e-01,3.691477775573730469e-01,-3.994902968406677246e-01,9.714835137128829956e-02,-1.614619940519332886e-01,-3.345712721347808838e-01,-4.985654950141906738e-01,4.708880484104156494e-01,-1.096703112125396729e-01,2.394837141036987305e-02,1.673472821712493896e-01,-1.051729321479797363e+00,1.668300390243530273e+00,-2.077415138483047485e-01,1.149270653724670410e+00,3.670174628496170044e-02,1.149000048637390137e+00,-1.984245181083679199e+00,-1.947227597236633301e+00,1.519805192947387695e+00,3.863692283630371094e-01
-2.271123975515365601e-02,-5.238422751426696777e-02,8.536297678947448730e-01,-2.928500995039939880e-02,-3.236062824726104736e-02,9.629191160202026367e-01,-2.662366330623626709e-01,-1.777170896530151367e-01,-1.091323792934417725e-02,2.489544898271560669e-01,4.115703999996185303e-01,-4.287122488021850586e-01,1.083957403898239136e-01,-2.016039192676544189e-01,-3.239479362964630127e-01,-4.013948440551757812e-01,6.281464695930480957e-01,-1.468869745731353760e-01,8.144856430590152740e-03,1.525484472513198853e-01,-1.062021255493164062e+00,1.662377953529357910e+00,-2.270505726337432861e-01,1.101255893707275391e+00,3.022843971848487854e-02,1.149000048637390137e+00,-1.968487143516540527e+00,-1.960044980049133301e+00,1.514460086822509766e+00,4.175831377506256104e-01
-2.103103883564472198e-02,-6.352297961711883545e-02,8.485972285270690918e-01,-1.801005192101001740e-02,-3.416484966874122620e-02,9.461845159530639648e-01,-3.213149607181549072e-01,-1.696384251117706299e-01,-4.451644420623779297e-02,1.762618869543075562e-01,4.435033798217773438e-01,-4.604955613613128662e-01,1.155276522040367126e-01,-2.392044216394424438e-01,-3.120126128196716309e-01,-3.232895433902740479e-01,7.319806814193725586e-01,-1.785008162260055542e-01,1.573113491758704185e-03,1.336372494697570801e-01,-1.072901248931884766e+00,1.666622519493103027e+00,-2.437350004911422729e-01,1.082133293151855469e+00,3.917761519551277161e-02,1.149000048637390137e+00,-1.959495782852172852e+00,-1.953105092048645020e+00,1.500562191009521484e+00,4.095026850700378418e-01
-2.142838016152381897e-02,-7.039736211299896240e-02,8.439671397209167480e-01,-3.436351194977760315e-03,-3.363477811217308044e-02,9.201810359954833984e-01,-3.900305032730102539e-01,-1.604987531900405884e-01,-7.907614111900329590e-02,8.025003224611282349e-02,4.920258224010467529e-01,-4.860318601131439209e-01,1.145394667983055115e-01,-2.940014600753784180e-01,-2.837128043174743652e-01,-2.341017872095108032e-01,8.444499969482421875e-01,-2.129237353801727295e-01,1.812808623071759939e-04,1.099499389529228210e-01,-1.074870228767395020e+00,1.669460177421569824e+00,-2.654027342796325684e-01,1.070815682411193848e+00,4.280558973550796509e-02,1.149000048637390137e+00,-1.957522869110107422e+00,-1.973146200180053711e+00,1.488730549812316895e+00,4.239107072353363037e-01
-2.526614256203174591e-02,-7.974626868963241577e-02,8.393689990043640137e-01,6.594635080546140671e-03,-3.205050900578498840e-02,8.875818848609924316e-01,-4.594862759113311768e-01,-1.415610462427139282e-01,-1.238321959972381592e-01,-3.834866732358932495e-02,5.224100947380065918e-01,-5.137094855308532715e-01,1.154127866029739380e-01,-3.546613454818725586e-01,-2.268841266632080078e-01,-1.177496016025543213e-01,9.200367927551269531e-01,-2.393961548805236816e-01,1.333184819668531418e-02,8.071868866682052612e-02,-1.070418477058410645e+00,1.658568024635314941e+00,-2.763814926147460938e-01,1.070451736450195312e+00,6.476833671331405640e-02,1.149000048637390137e+00,-1.956849336624145508e+00,-1.996211528778076172e+00,1.465957045555114746e+00,4.151341915130615234e-01
-3.668149188160896301e-02,-8.546029031276702881e-02,8.360032439231872559e-01,1.525420323014259338e-02,-3.003326430916786194e-02,8.397588133811950684e-01,-5.419136881828308105e-01,-1.154606938362121582e-01,-1.592113822698593140e-01,-1.837808489799499512e-01,5.446972846984863281e-01,-5.433692932128906250e-01,9.275878220796585083e-02,-3.967514336109161377e-01,-1.427124142646789551e-01,2.647785656154155731e-02,9.069852232933044434e-01,-2.833577692508697510e-01,4.708979278802871704e-02,5.289499834179878235e-02,-1.031695008277893066e+00,1.618286371231079102e+00,-2.883885502815246582e-01,1.076121687889099121e+00,9.911473840475082397e-02,1.149000048637390137e+00,-1.954586505889892578e+00,-1.997526407241821289e+00,1.430645704269409180e+00,3.866191804409027100e-01
-4.348886385560035706e-02,-8.950003236532211304e-02,8.344451189041137695e-01,1.867081783711910248e-02,-2.302675321698188782e-02,8.060652613639831543e-01,-5.910837054252624512e-01,-8.914263546466827393e-02,-1.916970312595367432e-01,-2.790919840335845947e-01,5.469903945922851562e-01,-5.524887442588806152e-01,8.771903067827224731e-02,-4.186728000640869141e-01,-1.037249416112899780e-01,9.334941953420639038e-02,8.613902926445007324e-01,-2.698219716548919678e-01,8.142844587564468384e-02,4.157527536153793335e-02,-9.936860203742980957e-01,1.586978435516357422e+00,-2.736313939094543457e-01,1.072096586227416992e+00,1.020433679223060608e-01,1.149000048637390137e+00,-1.951177597045898438e+00,-1.998251795768737793e+00,1.400136709213256836e+00,3.595653474330902100e-01
-6.309518218040466309e-02,-1.023518890142440796e-01,8.341810107231140137e-01,1.363090053200721741e-02,-1.835987716913223267e-02,7.647663354873657227e-01,-6.439018249511718750e-01,-5.264486372470855713e-02,-2.106113284826278687e-01,-3.948187232017517090e-01,5.287420153617858887e-01,-5.626177787780761719e-01,6.911234557628631592e-02,-4.090725183486938477e-01,-5.010215565562248230e-02,1.923590451478958130e-01,7.081509232521057129e-01,-2.528958022594451904e-01,1.306115835905075073e-01,3.370098769664764404e-02,-9.374549984931945801e-01,1.546359777450561523e+00,-2.569626569747924805e-01,1.087348937988281250e+00,8.949874341487884521e-02,1.149000048637390137e+00,-1.945182204246520996e+00,-1.996728062629699707e+00,1.369441390037536621e+00,3.375834822654724121e-01
-7.825248688459396362e-02,-1.106404811143875122e-01,8.361994624137878418e-01,8.236371912062168121e-03,-1.004710607230663300e-02,7.300900816917419434e-01,-6.832274198532104492e-01,-2.198228612542152405e-02,-2.163198441267013550e-01,-4.559953212738037109e-01,4.977508485317230225e-01,-5.434927344322204590e-01,4.817970097064971924e-02,-3.902287781238555908e-01,-3.393810242414474487e-02,2.583968043327331543e-01,5.892639756202697754e-01,-2.211826294660568237e-01,1.631744652986526489e-01,3.048738092184066772e-02,-8.751108646392822266e-01,1.524208664894104004e+00,-2.251830846071243286e-01,1.090112447738647461e+00,1.012183651328086853e-01,1.149000048637390137e+00,-1.950032114982604980e+00,-1.995177507400512695e+00,1.333318233489990234e+00,2.787956595420837402e-01
-1.018379256129264832e-01,-1.265729814767837524e-01,8.393351435661315918e-01,-1.938326749950647354e-04,-1.953959697857499123e-03,6.768271923065185547e-01,-7.361392974853515625e-01,1.403139252215623856e-02,-1.974149346351623535e-01,-5.132699608802795410e-01,4.453911483287811279e-01,-5.089922547340393066e-01,2.892510592937469482e-02,-3.451635241508483887e-01,-2.556202933192253113e-02,3.601356446743011475e-01,4.420775473117828369e-01,-1.570593118667602539e-01,1.920284777879714966e-01,1.393699925392866135e-02,-7.979184985160827637e-01,1.475376367568969727e+00,-1.816531866788864136e-01,1.107068181037902832e+00,7.115003466606140137e-02,1.149000048637390137e+00,-1.954497575759887695e+00,-1.991211295127868652e+00,1.280687928199768066e+00,2.402471154928207397e-01
-1.182625740766525269e-01,-1.254268437623977661e-01,8.455206751823425293e-01,-4.271311219781637192e-03,4.952081479132175446e-03,6.228738427162170410e-01,-7.822949886322021484e-01,1.958543434739112854e-02,-1.595657169818878174e-01,-5.095958709716796875e-01,4.063341319561004639e-01,-4.463385045528411865e-01,1.477029756642878056e-03,-3.080766797065734863e-01,-3.657044842839241028e-02,3.901524841785430908e-01,3.451505899429321289e-01,-1.113163605332374573e-01,1.939702332019805908e-01,-2.427346626063808799e-04,-7.324997782707214355e-01,1.445616960525512695e+00,-1.655083596706390381e-01,1.113958835601806641e+00,5.273102596402168274e-02,1.149000048637390137e+00,-1.968957781791687012e+00,-1.988778710365295410e+00,1.237710714340209961e+00,2.024547457695007324e-01
-1.357967853546142578e-01,-1.234392151236534119e-01,8.529320955276489258e-01,-8.886211551725864410e-03,1.415539812296628952e-02,5.569812059402465820e-01,-8.303568959236145020e-01,8.332186378538608551e-03,-1.069418266415596008e-01,-4.494344890117645264e-01,3.698853254318237305e-01,-3.410306274890899658e-01,-3.915296494960784912e-02,-2.696600556373596191e-01,-7.513518631458282471e-02,3.661614954471588135e-01,2.584848403930664062e-01,-2.359486557543277740e-02,1.807321459054946899e-01,-1.530609093606472015e-02,-6.493998765945434570e-01,1.392935156822204590e+00,-1.185555234551429749e-01,1.132188081741333008e+00,1.019135676324367523e-02,1.149000048637390137e+00,-1.996183753013610840e+00,-1.993681430816650391e+00,1.166911840438842773e+00,1.496315002441406250e-01
-1.365094035863876343e-01,-1.396252959966659546e-01,8.620111942291259766e-01,-1.314995437860488892e-02,1.525999512523412704e-02,4.922573268413543701e-01,-8.702166080474853516e-01,-3.671945258975028992e-02,-4.192111268639564514e-02,-3.048714697360992432e-01,3.727998137474060059e-01,-2.181137204170227051e-01,-5.100866407155990601e-02,-2.323890626430511475e-01,-1.254026442766189575e-01,2.765362262725830078e-01,2.057793885469436646e-01,8.275134116411209106e-02,1.584850400686264038e-01,-2.661006152629852295e-02,-5.781943798065185547e-01,1.367466449737548828e+00,-8.328851312398910522e-02,1.149324536323547363e+00,1.115422043949365616e-02,1.149000048637390137e+00,-2.013241529464721680e+00,-1.986831307411193848e+00,1.118746638298034668e+00,5.927424505352973938e-02
-1.524088829755783081e-01,-1.409001052379608154e-01,8.697509765625000000e-01,-1.684533804655075073e-02,1.541067380458116531e-02,4.471884667873382568e-01,-8.941483497619628906e-01,-6.828182935714721680e-02,7.347631268203258514e-03,-1.789423674345016479e-01,3.677514493465423584e-01,-1.643580049276351929e-01,-3.729704767465591431e-02,-2.188255339860916138e-01,-1.446965187788009644e-01,2.105000764131546021e-01,1.711148470640182495e-01,1.254098117351531982e-01,1.592065691947937012e-01,-4.546578973531723022e-02,-5.433564782142639160e-01,1.365607142448425293e+00,-5.374662578105926514e-02,1.177200198173522949e+00,-1.960729248821735382e-02,1.142408609390258789e+00,-2.026934146881103516e+00,-1.980465054512023926e+00,1.101637482643127441e+00,1.807725988328456879e-02
-1.506269723176956177e-01,-1.415826231241226196e-01,8.766880035400390625e-01,-2.003704197704792023e-02,1.075228769332170486e-02,4.119780063629150391e-01,-9.109100103378295898e-01,-9.337683022022247314e-02,4.895750805735588074e-02,-4.331475496292114258e-02,3.772335946559906006e-01,-1.295037269592285156e-01,-2.975529804825782776e-02,-2.136663347482681274e-01,-1.806842684745788574e-01,9.169378131628036499e-02,1.670783460140228271e-01,1.542737334966659546e-01,1.127911135554313660e-01,-5.114930495619773865e-02,-5.141385197639465332e-01,1.372444033622741699e+00,-2.979701384902000427e-02,1.188030123710632324e+00,-3.900025039911270142e-02,1.128763914108276367e+00,-2.044473171234130859e+00,-1.968705058097839355e+00,1.103341460227966309e+00,-3.054250590503215790e-02
-1.683678179979324341e-01,-1.638858765363693237e-01,8.817770481109619141e-01,-2.587259188294410706e-02,-1.483888481743633747e-03,3.504801392555236816e-01,-9.362115859985351562e-01,-1.277351975440979004e-01,9.745337814092636108e-02,1.212202683091163635e-01,4.050946235656738281e-01,-1.095296517014503479e-01,-1.019704341888427734e-02,-2.021054178476333618e-01,-1.919943094253540039e-01,-3.777557983994483948e-02,1.661502569913864136e-01,1.285313218832015991e-01,7.834534347057342529e-02,-6.684582680463790894e-02,-4.894120395183563232e-01,1.365755319595336914e+00,-2.449956722557544708e-03,1.188947796821594238e+00,-5.435860157012939453e-02,1.098778843879699707e+00,-2.057061910629272461e+00,-1.940956115722656250e+00,1.117518663406372070e+00,-8.750234544277191162e-02
-1.817106157541275024e-01,-1.933115124702453613e-01,8.846237659454345703e-01,-2.901584282517433167e-02,-1.737112924456596375e-02,2.797179818153381348e-01,-9.594864249229431152e-01,-1.406146287918090820e-01,1.250632405281066895e-01,2.672485411167144775e-01,4.297308921813964844e-01,-1.097475290298461914e-01,8.296952582895755768e-03,-1.928348094224929810e-01,-1.910219043493270874e-01,-1.463088542222976685e-01,1.823863089084625244e-01,8.101698011159896851e-02,4.159251973032951355e-02,-8.988898992538452148e-02,-4.699406623840332031e-01,1.362116098403930664e+00,1.406232826411724091e-02,1.185878992080688477e+00,-6.028674915432929993e-02,1.062452197074890137e+00,-2.066260814666748047e+00,-1.905042767524719238e+00,1.136163115501403809e+00,-1.308726966381072998e-01
-1.922744363546371460e-01,-2.383823841810226440e-01,8.853250145912170410e-01,-2.940461412072181702e-02,-3.952931612730026245e-02,1.717642843723297119e-01,-9.839053750038146973e-01,-1.520670950412750244e-01,1.507309675216674805e-01,4.107300937175750732e-01,4.554612040519714355e-01,-1.282003670930862427e-01,2.081071771681308746e-02,-1.966244429349899292e-01,-1.853912919759750366e-01,-2.787983417510986328e-01,2.490305602550506592e-01,7.028674241155385971e-03,2.099464414641261101e-03,-1.409458667039871216e-01,-4.492973089218139648e-01,1.340603113174438477e+00,4.610264301300048828e-02,1.181190609931945801e+00,-1.029329895973205566e-01,9.906446337699890137e-01,-2.079156398773193359e+00,-1.836447000503540039e+00,1.160963773727416992e+00,-1.472754627466201782e-01
-1.901626586914062500e-01,-2.772866189479827881e-01,8.820909261703491211e-01,-2.871323563158512115e-02,-5.680046230554580688e-02,8.619803935289382935e-02,-9.942430257797241211e-01,-1.603109538555145264e-01,1.565307676792144775e-01,4.764193892478942871e-01,4.798116981983184814e-01,-1.549460440874099731e-01,3.054116666316986084e-02,-2.087115794420242310e-01,-1.685846745967864990e-01,-3.312616050243377686e-01,3.118459880352020264e-01,-5.626018345355987549e-02,-1.773395948112010956e-02,-1.803454905748367310e-01,-4.108155369758605957e-01,1.328936100006103516e+00,7.915627211332321167e-02,1.174774646759033203e+00,-1.254194229841232300e-01,9.082794785499572754e-01,-2.091831684112548828e+00,-1.736430406570434570e+00,1.193604588508605957e+00,-1.627800315618515015e-01
-1.939721554517745972e-01,-2.730548679828643799e-01,8.760401010513305664e-01,-1.965753547847270966e-02,-6.507024914026260376e-02,2.137274667620658875e-02,-9.974581003189086914e-01,-1.869259327650070190e-01,1.777450293302536011e-01,4.927463829517364502e-01,5.260372757911682129e-01,-1.943051367998123169e-01,3.003996238112449646e-02,-2.381328344345092773e-01,-1.844005733728408813e-01,-3.992396295070648193e-01,4.140561521053314209e-01,-1.506644785404205322e-01,-7.053829729557037354e-02,-1.828446388244628906e-01,-3.970023393630981445e-01,1.298242092132568359e+00,9.603163599967956543e-02,1.140103459358215332e+00,-1.513307094573974609e-01,8.147933483123779297e-01,-2.117760896682739258e+00,-1.669529676437377930e+00,1.242314815521240234e+00,-1.092225834727287292e-01
-1.786472052335739136e-01,-2.825742661952972412e-01,8.673458099365234375e-01,-1.262312103062868118e-02,-6.806819885969161987e-02,-2.535831183195114136e-02,-9.972784519195556641e-01,-2.132196128368377686e-01,1.989724934101104736e-01,5.122867822647094727e-01,5.646862983703613281e-01,-2.499395161867141724e-01,4.509153962135314941e-02,-2.495186328887939453e-01,-1.928476393222808838e-01,-4.355183839797973633e-01,4.983449280261993408e-01,-1.853046119213104248e-01,-7.860636711120605469e-02,-1.828506439924240112e-01,-3.979960680007934570e-01,1.288144350051879883e+00,1.007669568061828613e-01,1.125204563140869141e+00,-1.643218249082565308e-01,7.637909054756164551e-01,-2.125923871994018555e+00,-1.607954740524291992e+00,1.258237838745117188e+00,-1.017080247402191162e-01
-1.816481500864028931e-01,-2.724389433860778809e-01,8.567491769790649414e-01,-3.942027222365140915e-03,-6.835035979747772217e-02,-6.883303076028823853e-02,-9.952762126922607422e-01,-2.544782161712646484e-01,2.086874842643737793e-01,4.832317531108856201e-01,6.196572780609130859e-01,-3.347883224487304688e-01,5.447079241275787354e-02,-2.833145558834075928e-01,-2.085488885641098022e-01,-4.325357675552368164e-01,6.099346876144409180e-01,-2.723977267742156982e-01,-8.078167587518692017e-02,-1.498418748378753662e-01,-4.156047999858856201e-01,1.276264190673828125e+00,9.852513670921325684e-02,1.107464194297790527e+00,-1.882124245166778564e-01,7.385360598564147949e-01,-2.120338916778564453e+00,-1.558660507202148438e+00,1.255559206008911133e+00,-1.160285249352455139e-01
-1.852136999368667603e-01,-2.754479050636291504e-01,8.451001644134521484e-01,-1.205171225592494011e-03,-6.911815702915191650e-02,-1.088411509990692139e-01,-9.916525483131408691e-01,-3.004660308361053467e-01,1.969343423843383789e-01,4.213829636573791504e-01,6.733856201171875000e-01,-4.246429502964019775e-01,6.782425194978713989e-02,-3.404001891613006592e-01,-2.166137993335723877e-01,-3.920117616653442383e-01,7.484921216964721680e-01,-3.233672976493835449e-01,-7.943443953990936279e-02,-1.190626323223114014e-01,-4.428102076053619385e-01,1.293603777885437012e+00,8.727364242076873779e-02,1.095430850982666016e+00,-1.871882677078247070e-01,7.237370014190673828e-01,-2.110001325607299805e+00,-1.532436728477478027e+00,1.253025293350219727e+00,-9.581180661916732788e-02
-1.849976927042007446e-01,-2.866500914096832275e-01,8.329011201858520508e-01,2.600339706987142563e-03,-6.307702511548995972e-02,-1.777124106884002686e-01,-9.820554256439208984e-01,-3.514869809150695801e-01,1.866771727800369263e-01,3.359686136245727539e-01,7.234416604042053223e-01,-4.974733293056488037e-01,7.570675760507583618e-02,-3.873341381549835205e-01,-2.310778498649597168e-01,-3.500838577747344971e-01,8.684581518173217773e-01,-3.436812162399291992e-01,-5.783531069755554199e-02,-5.895170569419860840e-02,-4.936437308788299561e-01,1.329370021820068359e+00,7.683926820755004883e-02,1.076209068298339844e+00,-1.806564033031463623e-01,7.515992522239685059e-01,-2.042502164840698242e+00,-1.546168565750122070e+00,1.231308937072753906e+00,8.330359123647212982e-03
-1.848217397928237915e-01,-2.885045409202575684e-01,8.254063725471496582e-01,5.803845822811126709e-03,-5.805712193250656128e-02,-2.089226841926574707e-01,-9.761900305747985840e-01,-3.764147460460662842e-01,1.752295792102813721e-01,2.840804457664489746e-01,7.573789954185485840e-01,-5.414915680885314941e-01,9.454481303691864014e-02,-4.251975417137145996e-01,-2.436390370130538940e-01,-3.148713409900665283e-01,9.430234432220458984e-01,-3.991721570491790771e-01,-7.116655260324478149e-02,-3.284657001495361328e-02,-5.372118949890136719e-01,1.331973791122436523e+00,5.314045399427413940e-02,1.069565057754516602e+00,-1.798566281795501709e-01,7.812454700469970703e-01,-2.023751258850097656e+00,-1.572610974311828613e+00,1.215563297271728516e+00,5.227899551391601562e-02
-1.847008317708969116e-01,-2.864820957183837891e-01,8.220278024673461914e-01,8.027210831642150879e-03,-5.112523213028907776e-02,-2.460078150033950806e-01,-9.678853154182434082e-01,-3.849872648715972900e-01,1.424379199743270874e-01,2.192840725183486938e-01,7.613935470581054688e-01,-5.669224262237548828e-01,1.090439558029174805e-01,-4.466041624546051025e-01,-2.479214966297149658e-01,-2.688224911689758301e-01,9.705918431282043457e-01,-4.192324578762054443e-01,-7.007949799299240112e-02,9.296116331825032830e-05,-5.875097513198852539e-01,1.325662851333618164e+00,3.082839585840702057e-02,1.059965014457702637e+00,-1.822141110897064209e-01,8.274140954017639160e-01,-1.996636033058166504e+00,-1.606665372848510742e+00,1.189197063446044922e+00,1.152181699872016907e-01
-1.833704859018325806e-01,-2.853689193725585938e-01,8.244688510894775391e-01,1.007875707000494003e-02,-4.572885110974311829e-02,-2.753170132637023926e-01,-9.602124094963073730e-01,-3.765900135040283203e-01,1.183863654732704163e-01,1.730978190898895264e-01,7.356328368186950684e-01,-5.568129420280456543e-01,1.088930740952491760e-01,-4.465458095073699951e-01,-2.394591271877288818e-01,-2.338307350873947144e-01,9.381179809570312500e-01,-4.288761615753173828e-01,-6.243289634585380554e-02,1.797276921570301056e-02,-6.219667196273803711e-01,1.310430645942687988e+00,1.139974780380725861e-02,1.061733126640319824e+00,-1.826956123113632202e-01,8.676726222038269043e-01,-1.986658692359924316e+00,-1.637710809707641602e+00,1.167479634284973145e+00,1.599854528903961182e-01
-1.809369027614593506e-01,-2.829738557338714600e-01,8.311100006103515625e-01,1.271812431514263153e-02,-4.200759530067443848e-02,-3.060276806354522705e-01,-9.510103464126586914e-01,-3.587009906768798828e-01,9.377386420965194702e-02,1.279347240924835205e-01,6.854569911956787109e-01,-5.209615826606750488e-01,9.704304486513137817e-02,-4.294466674327850342e-01,-2.173717170953750610e-01,-1.996267735958099365e-01,8.563337326049804688e-01,-4.301703870296478271e-01,-4.735807701945304871e-02,2.913028188049793243e-02,-6.553601026535034180e-01,1.294760465621948242e+00,-8.205987513065338135e-03,1.060228466987609863e+00,-1.820509433746337891e-01,9.135552048683166504e-01,-1.978917717933654785e+00,-1.676843285560607910e+00,1.142417311668395996e+00,2.089029550552368164e-01
-1.743910163640975952e-01,-2.746434807777404785e-01,8.402184247970581055e-01,1.543627865612506866e-02,-3.957343846559524536e-02,-3.520541191101074219e-01,-9.350152611732482910e-01,-3.205130100250244141e-01,5.431300401687622070e-02,6.522674113512039185e-02,5.969591140747070312e-01,-4.742794334888458252e-01,8.982301503419876099e-02,-3.844762444496154785e-01,-1.986627280712127686e-01,-1.674917042255401611e-01,6.975902915000915527e-01,-3.729071617126464844e-01,-4.040740896016359329e-03,5.551931262016296387e-02,-6.890066266059875488e-01,1.278794288635253906e+00,-2.079830504953861237e-02,1.057292938232421875e+00,-1.600764691829681396e-01,9.735555648803710938e-01,-1.962704539299011230e+00,-1.716116070747375488e+00,1.131599903106689453e+00,2.571733593940734863e-01
-1.537943631410598755e-01,-2.757753729820251465e-01,8.488354682922363281e-01,1.602050662040710449e-02,-4.206404834985733032e-02,-4.067077636718750000e-01,-9.124487638473510742e-01,-2.765271663665771484e-01,4.268727824091911316e-02,4.564874991774559021e-02,4.860494136810302734e-01,-3.962410092353820801e-01,8.744351565837860107e-02,-3.123537600040435791e-01,-1.873170435428619385e-01,-1.540098041296005249e-01,4.882530272006988525e-01,-2.768650650978088379e-01,4.426024854183197021e-02,7.301387190818786621e-02,-7.136279344558715820e-01,1.258304357528686523e+00,-2.838905341923236847e-02,1.037252664566040039e+00,-1.410100013017654419e-01,1.043035984039306641e+00,-1.952792048454284668e+00,-1.754366636276245117e+00,1.127583742141723633e+00,2.933495640754699707e-01
-1.508442014455795288e-01,-2.755526006221771240e-01,8.569744229316711426e-01,1.749546453356742859e-02,-4.331579431891441345e-02,-4.341020882129669189e-01,-8.996515870094299316e-01,-2.489730268716812134e-01,3.100262954831123352e-02,5.430785566568374634e-02,4.097190797328948975e-01,-3.187404572963714600e-01,5.775447189807891846e-02,-2.607915401458740234e-01,-1.805656105279922485e-01,-1.774810701608657837e-01,3.754036426544189453e-01,-2.159804403781890869e-01,6.455856561660766602e-02,8.758392184972763062e-02,-7.183229327201843262e-01,1.250234723091125488e+00,-3.384719416499137878e-02,1.025900244712829590e+00,-1.303659528493881226e-01,1.088480949401855469e+00,-1.949700117111206055e+00,-1.787139177322387695e+00,1.129243254661560059e+00,3.253819048404693604e-01
-1.482990980148315430e-01,-2.762970328330993652e-01,8.641636967658996582e-01,1.800946891307830811e-02,-4.421292617917060852e-02,-4.548020660877227783e-01,-8.893120884895324707e-01,-2.297757714986801147e-01,2.301111072301864624e-02,6.516042351722717285e-02,3.613504171371459961e-01,-2.534659504890441895e-01,2.955112420022487640e-02,-2.195141762495040894e-01,-1.781956553459167480e-01,-2.045471072196960449e-01,3.018110990524291992e-01,-1.681240200996398926e-01,6.919051706790924072e-02,9.830269962549209595e-02,-7.182546854019165039e-01,1.244796991348266602e+00,-3.316010162234306335e-02,1.014992237091064453e+00,-1.340311169624328613e-01,1.131765723228454590e+00,-1.951468706130981445e+00,-1.823031544685363770e+00,1.123541235923767090e+00,3.520089983940124512e-01
-1.429214030504226685e-01,-2.817459106445312500e-01,8.695732951164245605e-01,1.717456243932247162e-02,-4.681131988763809204e-02,-4.736229181289672852e-01,-8.793151378631591797e-01,-2.178014516830444336e-01,1.955947838723659515e-02,8.656800538301467896e-02,3.274666368961334229e-01,-2.273409217596054077e-01,2.145104855298995972e-02,-1.892409026622772217e-01,-1.752766221761703491e-01,-2.307708412408828735e-01,2.460556477308273315e-01,-1.378412991762161255e-01,7.688744366168975830e-02,1.022537425160408020e-01,-7.148913145065307617e-01,1.251657247543334961e+00,-2.836368419229984283e-02,1.007641315460205078e+00,-1.423077583312988281e-01,1.148997902870178223e+00,-1.954387664794921875e+00,-1.841836094856262207e+00,1.118471860885620117e+00,3.632919490337371826e-01
-1.398838758468627930e-01,-2.851981818675994873e-01,8.731248378753662109e-01,1.720737479627132416e-02,-4.854023829102516174e-02,-4.940716028213500977e-01,-8.678945899009704590e-01,-2.098366767168045044e-01,1.905553601682186127e-02,1.327696144580841064e-01,3.057504296302795410e-01,-2.130303531885147095e-01,1.476967986673116684e-02,-1.586018204689025879e-01,-1.781245023012161255e-01,-2.738358378410339355e-01,1.978231668472290039e-01,-1.152886748313903809e-01,8.893363177776336670e-02,1.059241965413093567e-01,-7.116327285766601562e-01,1.271263957023620605e+00,-3.188613802194595337e-02,1.007778286933898926e+00,-1.299968510866165161e-01,1.149000048637390137e+00,-1.957843422889709473e+00,-1.844324350357055664e+00,1.117604494094848633e+00,3.665680587291717529e-01
-1.350513398647308350e-01,-2.873206734657287598e-01,8.751045465469360352e-01,1.760947331786155701e-02,-4.808537289500236511e-02,-5.125849843025207520e-01,-8.571081161499023438e-01,-2.028444260358810425e-01,2.009848505258560181e-02,1.662215292453765869e-01,2.914258241653442383e-01,-2.036090493202209473e-01,1.354226004332304001e-02,-1.336434334516525269e-01,-1.767145097255706787e-01,-3.107537329196929932e-01,1.739273667335510254e-01,-1.051953285932540894e-01,8.921835571527481079e-02,1.104858741164207458e-01,-7.111537456512451172e-01,1.288886904716491699e+00,-3.724093735218048096e-02,1.006188392639160156e+00,-1.309233009815216064e-01,1.149000048637390137e+00,-1.958922863006591797e+00,-1.845151424407958984e+00,1.109809041023254395e+00,3.812722265720367432e-01
-1.338631361722946167e-01,-2.862702310085296631e-01,8.755707144737243652e-01,1.992424018681049347e-02,-4.466965049505233765e-02,-5.289824008941650391e-01,-8.472220897674560547e-01,-1.971438676118850708e-01,2.293770946562290192e-02,1.958048343658447266e-01,2.911206185817718506e-01,-2.018279731273651123e-01,1.369265094399452209e-02,-1.179668828845024109e-01,-1.761606186628341675e-01,-3.366135954856872559e-01,1.770041882991790771e-01,-1.012990996241569519e-01,8.920039236545562744e-02,1.131748035550117493e-01,-7.129274010658264160e-01,1.322729825973510742e+00,-4.632763937115669250e-02,1.005554676055908203e+00,-1.291121542453765869e-01,1.149000048637390137e+00,-1.959915518760681152e+00,-1.838063836097717285e+00,1.100706696510314941e+00,3.948950767517089844e-01
-1.315443664789199829e-01,-2.840565741062164307e-01,8.745141029357910156e-01,2.383399382233619690e-02,-4.067615419626235962e-02,-5.415289402008056641e-01,-8.393591642379760742e-01,-1.977938711643218994e-01,3.255623206496238708e-02,2.071915566921234131e-01,3.016946017742156982e-01,-2.093755006790161133e-01,1.999713666737079620e-02,-1.185882613062858582e-01,-1.738758683204650879e-01,-3.483183085918426514e-01,2.105552256107330322e-01,-1.085235476493835449e-01,8.463265001773834229e-02,1.162997186183929443e-01,-7.213538885116577148e-01,1.349084258079528809e+00,-5.298012867569923401e-02,1.012465238571166992e+00,-1.452674120664596558e-01,1.149000048637390137e+00,-1.961847782135009766e+00,-1.840771436691284180e+00,1.090017199516296387e+00,4.260860085487365723e-01
-1.339617669582366943e-01,-2.820198237895965576e-01,8.729991316795349121e-01,2.930370345711708069e-02,-3.385426104068756104e-02,-5.551433563232421875e-01,-8.305486440658569336e-01,-2.074739784002304077e-01,4.157259687781333923e-02,1.894658356904983521e-01,3.309586942195892334e-01,-2.347128838300704956e-01,2.920624054968357086e-02,-1.595847010612487793e-01,-1.806276589632034302e-01,-3.299867212772369385e-01,3.262758851051330566e-01,-9.855289757251739502e-02,8.538194000720977783e-02,1.194888651371002197e-01,-7.473724484443664551e-01,1.420364618301391602e+00,-5.848226323723793030e-02,1.016937971115112305e+00,-1.548376083374023438e-01,1.149000048637390137e+00,-1.963701844215393066e+00,-1.846086621284484863e+00,1.080206871032714844e+00,4.397966265678405762e-01
-1.363209336996078491e-01,-2.818701267242431641e-01,8.696779012680053711e-01,3.013572469353675842e-02,-2.693612314760684967e-02,-5.690273046493530273e-01,-8.213246464729309082e-01,-2.121855467557907104e-01,4.045658186078071594e-02,1.683296859264373779e-01,3.553546071052551270e-01,-2.670480608940124512e-01,3.812171146273612976e-02,-1.872150748968124390e-01,-1.820081472396850586e-01,-2.816209495067596436e-01,4.077222943305969238e-01,-8.922959864139556885e-02,1.175602450966835022e-01,1.184315904974937439e-01,-7.626083493232727051e-01,1.463128328323364258e+00,-7.109893858432769775e-02,1.018616676330566406e+00,-1.636749356985092163e-01,1.149000048637390137e+00,-1.966851472854614258e+00,-1.860308051109313965e+00,1.087105035781860352e+00,4.578997492790222168e-01
-1.332692503929138184e-01,-2.834242284297943115e-01,8.667842745780944824e-01,3.107179515063762665e-02,-1.752093806862831116e-02,-5.806611180305480957e-01,-8.133635520935058594e-01,-2.192770987749099731e-01,5.345102027058601379e-02,1.445594429969787598e-01,3.953420221805572510e-01,-2.971867918968200684e-01,3.886527195572853088e-02,-2.233370542526245117e-01,-2.027409821748733521e-01,-2.566761374473571777e-01,5.171698927879333496e-01,-9.328828752040863037e-02,1.325212270021438599e-01,1.183576807379722595e-01,-7.842434048652648926e-01,1.521759748458862305e+00,-8.244024217128753662e-02,1.023889899253845215e+00,-1.649439185857772827e-01,1.149000048637390137e+00,-1.971022725105285645e+00,-1.877092957496643066e+00,1.094368815422058105e+00,4.574981033802032471e-01
-1.302922368049621582e-01,-2.869919538497924805e-01,8.632718324661254883e-01,3.272867202758789062e-02,-6.408276036381721497e-03,-5.906355977058410645e-01,-8.062489628791809082e-01,-2.260435670614242554e-01,7.025900483131408691e-02,1.170726865530014038e-01,4.319783449172973633e-01,-3.323085308074951172e-01,3.791949525475502014e-02,-2.577840089797973633e-01,-2.427554875612258911e-01,-2.317302674055099487e-01,6.238915324211120605e-01,-1.118219718337059021e-01,1.278449594974517822e-01,1.178141310811042786e-01,-8.083720803260803223e-01,1.585144758224487305e+00,-9.796782582998275757e-02,1.026980996131896973e+00,-1.557004749774932861e-01,1.149000048637390137e+00,-1.976211428642272949e+00,-1.900331258773803711e+00,1.093507528305053711e+00,4.414780735969543457e-01
-1.211578473448753357e-01,-2.901355624198913574e-01,8.588505983352661133e-01,3.207249194383621216e-02,3.303746052552014589e-04,-6.011356115341186523e-01,-7.985031008720397949e-01,-2.349921762943267822e-01,8.261247724294662476e-02,8.253914117813110352e-02,4.666328728199005127e-01,-3.658138215541839600e-01,3.447598591446876526e-02,-2.777208685874938965e-01,-2.879090607166290283e-01,-1.916248649358749390e-01,6.690081954002380371e-01,-1.264942586421966553e-01,1.263777315616607666e-01,1.116149500012397766e-01,-8.321408033370971680e-01,1.639788746833801270e+00,-1.155099719762802124e-01,1.034227013587951660e+00,-1.307101547718048096e-01,1.149000048637390137e+00,-1.985430479049682617e+00,-1.924702763557434082e+00,1.094525933265686035e+00,4.067981839179992676e-01
-1.028693765401840210e-01,-2.949050366878509521e-01,8.544420599937438965e-01,2.971695363521575928e-02,4.497560206800699234e-03,-6.118978857994079590e-01,-7.903655171394348145e-01,-2.418928295373916626e-01,1.015123873949050903e-01,4.582612589001655579e-02,4.916215837001800537e-01,-3.913108706474304199e-01,1.928144134581089020e-02,-2.793419659137725830e-01,-3.506343066692352295e-01,-1.309892386198043823e-01,6.232942938804626465e-01,-1.303479969501495361e-01,1.346584707498550415e-01,1.021289005875587463e-01,-8.543264865875244141e-01,1.686748027801513672e+00,-1.278541237115859985e-01,1.032886624336242676e+00,-1.092962622642517090e-01,1.149000048637390137e+00,-1.996878981590270996e+00,-1.945336341857910156e+00,1.094576001167297363e+00,3.670888543128967285e-01
-9.306418150663375854e-02,-2.950416207313537598e-01,8.517947793006896973e-01,2.722389250993728638e-02,5.106409545987844467e-03,-6.215587258338928223e-01,-7.828777432441711426e-01,-2.460246980190277100e-01,9.974245727062225342e-02,1.219047140330076218e-02,5.041210651397705078e-01,-4.017871022224426270e-01,1.269409712404012680e-02,-2.730616629123687744e-01,-3.688513934612274170e-01,-7.598524540662765503e-02,5.706712007522583008e-01,-1.160237714648246765e-01,1.499887704849243164e-01,9.331089258193969727e-02,-8.676669597625732422e-01,1.709449648857116699e+00,-1.429508477449417114e-01,1.034777998924255371e+00,-9.055451303720474243e-02,1.149000048637390137e+00,-1.999529123306274414e+00,-1.956135392189025879e+00,1.093330264091491699e+00,3.401063680648803711e-01
-8.126612752676010132e-02,-2.941967248916625977e-01,8.506528139114379883e-01,2.493821643292903900e-02,3.424606751650571823e-03,-6.322032213211059570e-01,-7.743936181068420410e-01,-2.461902350187301636e-01,9.633379429578781128e-02,-2.332154475152492523e-02,5.008086562156677246e-01,-3.981131613254547119e-01,3.649807767942547798e-03,-2.543233931064605713e-01,-3.699214756488800049e-01,-1.867181994020938873e-02,4.935610592365264893e-01,-8.967257291078567505e-02,1.739880293607711792e-01,8.515612035989761353e-02,-8.795467019081115723e-01,1.726354479789733887e+00,-1.564099937677383423e-01,1.033062577247619629e+00,-7.887347787618637085e-02,1.149000048637390137e+00,-1.996951818466186523e+00,-1.963618755340576172e+00,1.089102149009704590e+00,3.213209211826324463e-01
-6.281183660030364990e-02,-2.916268110275268555e-01,8.504048585891723633e-01,2.274209447205066681e-02,-1.440601423382759094e-03,-6.434029340744018555e-01,-7.651884555816650391e-01,-2.379598021507263184e-01,9.777837246656417847e-02,-6.125191971659660339e-02,4.749659299850463867e-01,-3.831336200237274170e-01,-1.020853035151958466e-02,-2.206726670265197754e-01,-3.582597672939300537e-01,4.878890886902809143e-02,3.861846029758453369e-01,-4.991056397557258606e-02,2.079464644193649292e-01,7.253944873809814453e-02,-8.879190087318420410e-01,1.736099123954772949e+00,-1.647182852029800415e-01,1.028647422790527344e+00,-6.921593099832534790e-02,1.149000048637390137e+00,-1.997219562530517578e+00,-1.963391304016113281e+00,1.087855458259582520e+00,3.073724508285522461e-01
-4.316144809126853943e-02,-2.884583175182342529e-01,8.511054515838623047e-01,2.037566155195236206e-02,-7.581179030239582062e-03,-6.535962224006652832e-01,-7.565311193466186523e-01,-2.266188412904739380e-01,1.008346900343894958e-01,-9.779439866542816162e-02,4.384757578372955322e-01,-3.522714376449584961e-01,-2.666038647294044495e-02,-1.891851872205734253e-01,-3.365392982959747314e-01,1.099361851811408997e-01,2.978816926479339600e-01,-2.206092886626720428e-02,2.373890876770019531e-01,6.243564188480377197e-02,-8.983556032180786133e-01,1.734557986259460449e+00,-1.700904518365859985e-01,1.029563903808593750e+00,-8.104118704795837402e-02,1.149000048637390137e+00,-1.999230265617370605e+00,-1.969597339630126953e+00,1.081850647926330566e+00,3.181894123554229736e-01
-1.393000502139329910e-02,-2.828975021839141846e-01,8.520074486732482910e-01,2.165793254971504211e-02,-1.705210283398628235e-02,-6.644781231880187988e-01,-7.467991709709167480e-01,-2.073995620012283325e-01,1.201087906956672668e-01,-1.452007889747619629e-01,3.661970198154449463e-01,-3.078823387622833252e-01,-4.592099040746688843e-02,-1.641675680875778198e-01,-2.924813628196716309e-01,1.270620822906494141e-01,2.453650534152984619e-01,-3.074064850807189941e-02,2.345744520425796509e-01,5.152382701635360718e-02,-9.083214402198791504e-01,1.739654541015625000e+00,-1.732685714960098267e-01,1.044105291366577148e+00,-8.260084688663482666e-02,1.149000048637390137e+00,-1.990992307662963867e+00,-1.954389452934265137e+00,1.074594259262084961e+00,2.987825572490692139e-01
9.911858476698398590e-03,-2.858059704303741455e-01,8.539537787437438965e-01,2.208074368536472321e-02,-2.153482474386692047e-02,-6.714078783988952637e-01,-7.404459118843078613e-01,-1.969745010137557983e-01,1.465251743793487549e-01,-1.678545773029327393e-01,3.070805370807647705e-01,-2.421413511037826538e-01,-7.025947421789169312e-02,-1.525930762290954590e-01,-2.674927711486816406e-01,1.083023548126220703e-01,2.219268977642059326e-01,-5.847237631678581238e-02,2.128197401762008667e-01,4.681663215160369873e-02,-9.236299395561218262e-01,1.739309787750244141e+00,-1.729945838451385498e-01,1.040363311767578125e+00,-9.295221418142318726e-02,1.149000048637390137e+00,-1.988524913787841797e+00,-1.945941448211669922e+00,1.061481475830078125e+00,2.950013577938079834e-01
3.224346786737442017e-02,-2.883776128292083740e-01,8.557742238044738770e-01,2.224563807249069214e-02,-2.408706024289131165e-02,-6.790140867233276367e-01,-7.333926558494567871e-01,-1.924898773431777954e-01,1.755750775337219238e-01,-1.625956743955612183e-01,2.686050236225128174e-01,-1.792951822280883789e-01,-8.723714947700500488e-02,-1.455743014812469482e-01,-2.446033060550689697e-01,8.381818234920501709e-02,2.181198000907897949e-01,-9.051755070686340332e-02,1.974128186702728271e-01,3.789512440562248230e-02,-9.387115836143493652e-01,1.742457151412963867e+00,-1.751131117343902588e-01,1.027419924736022949e+00,-1.080683246254920959e-01,1.149000048637390137e+00,-1.983841300010681152e+00,-1.942407488822937012e+00,1.051341891288757324e+00,2.960542440414428711e-01
5.605914443731307983e-02,-2.929971516132354736e-01,8.567584753036499023e-01,2.163501456379890442e-02,-2.666293270885944366e-02,-6.879459619522094727e-01,-7.249492406845092773e-01,-1.929537206888198853e-01,2.063612639904022217e-01,-1.386384516954421997e-01,2.363229095935821533e-01,-1.272843033075332642e-01,-1.014266312122344971e-01,-1.425961554050445557e-01,-2.248611003160476685e-01,4.014739766716957092e-02,2.207076698541641235e-01,-1.301356106996536255e-01,1.750267148017883301e-01,3.006608411669731140e-02,-9.536414146423339844e-01,1.747519969940185547e+00,-1.777033954858779907e-01,1.014200210571289062e+00,-1.165292933583259583e-01,1.149000048637390137e+00,-1.978209257125854492e+00,-1.934083700180053711e+00,1.040601134300231934e+00,2.908288240432739258e-01
7.706302404403686523e-02,-2.949176728725433350e-01,8.574873208999633789e-01,2.052428387105464935e-02,-3.047582134604454041e-02,-6.975706219673156738e-01,-7.155733704566955566e-01,-1.961186677217483521e-01,2.285121828317642212e-01,-9.827167540788650513e-02,2.258368134498596191e-01,-1.045084074139595032e-01,-1.032266840338706970e-01,-1.423678994178771973e-01,-2.127315402030944824e-01,-3.286790335550904274e-03,2.326790392398834229e-01,-1.692270338535308838e-01,1.514458060264587402e-01,1.958214491605758667e-02,-9.648000597953796387e-01,1.751287341117858887e+00,-1.855195164680480957e-01,9.986945986747741699e-01,-1.190007105469703674e-01,1.149000048637390137e+00,-1.969953656196594238e+00,-1.930309057235717773e+00,1.036701679229736328e+00,2.846556901931762695e-01
9.454624354839324951e-02,-2.991613447666168213e-01,8.576444983482360840e-01,1.905461214482784271e-02,-3.496966883540153503e-02,-7.064450383186340332e-01,-7.066466212272644043e-01,-1.984330713748931885e-01,2.412647753953933716e-01,-5.464323610067367554e-02,2.302156984806060791e-01,-1.058546453714370728e-01,-9.258970618247985840e-02,-1.483087092638015747e-01,-2.060620188713073730e-01,-3.863332793116569519e-02,2.437736839056015015e-01,-1.999627202749252319e-01,1.318572610616683960e-01,9.622287005186080933e-03,-9.790092110633850098e-01,1.754395961761474609e+00,-1.915609389543533325e-01,9.792969226837158203e-01,-1.167930215597152710e-01,1.149000048637390137e+00,-1.966486215591430664e+00,-1.928403735160827637e+00,1.037271738052368164e+00,2.763869762420654297e-01
1.162923648953437805e-01,-3.042685389518737793e-01,8.569929599761962891e-01,1.631013303995132446e-02,-3.925632312893867493e-02,-7.172904610633850098e-01,-6.954762935638427734e-01,-2.065208256244659424e-01,2.555494904518127441e-01,9.231652133166790009e-03,2.539338171482086182e-01,-1.035309582948684692e-01,-8.605632930994033813e-02,-1.501461416482925415e-01,-1.972774118185043335e-01,-8.205634355545043945e-02,2.517420649528503418e-01,-2.420629709959030151e-01,1.055900678038597107e-01,-5.434797611087560654e-03,-9.915528893470764160e-01,1.755304098129272461e+00,-2.003182172775268555e-01,9.606944322586059570e-01,-1.103011220693588257e-01,1.147850513458251953e+00,-1.964851975440979004e+00,-1.920430183410644531e+00,1.043620705604553223e+00,2.590501010417938232e-01
1.379527598619461060e-01,-3.123070299625396729e-01,8.563361763954162598e-01,1.013704482465982437e-02,-4.443331435322761536e-02,-7.309255003929138184e-01,-6.809337735176086426e-01,-2.216245681047439575e-01,2.597079277038574219e-01,8.641578257083892822e-02,3.275342583656311035e-01,-1.153830587863922119e-01,-7.329399138689041138e-02,-1.634790450334548950e-01,-1.989290267229080200e-01,-1.230713352560997009e-01,2.849613428115844727e-01,-2.842960655689239502e-01,7.285446673631668091e-02,-1.947962678968906403e-02,-1.001520037651062012e+00,1.749381303787231445e+00,-2.227246910333633423e-01,9.434311985969543457e-01,-9.085532277822494507e-02,1.144313097000122070e+00,-1.967954754829406738e+00,-1.903683900833129883e+00,1.053124189376831055e+00,2.216565459966659546e-01
1.546017676591873169e-01,-3.135526478290557861e-01,8.540312647819519043e-01,7.364324759691953659e-03,-4.927777126431465149e-02,-7.388636469841003418e-01,-6.720104217529296875e-01,-2.299640029668807983e-01,2.669892609119415283e-01,1.367505788803100586e-01,3.815566301345825195e-01,-1.335592269897460938e-01,-6.006567925214767456e-02,-1.714730560779571533e-01,-1.976818293333053589e-01,-1.551511287689208984e-01,3.078972995281219482e-01,-3.291794955730438232e-01,5.500139296054840088e-02,-3.317568078637123108e-02,-1.018520236015319824e+00,1.743229985237121582e+00,-2.428930997848510742e-01,9.250931143760681152e-01,-8.263120800256729126e-02,1.137476682662963867e+00,-1.967158079147338867e+00,-1.893118739128112793e+00,1.055378556251525879e+00,2.117856442928314209e-01
1.693976372480392456e-01,-3.171121776103973389e-01,8.513913750648498535e-01,4.443584941327571869e-03,-5.140762031078338623e-02,-7.475690841674804688e-01,-6.621767282485961914e-01,-2.487452328205108643e-01,2.750375866889953613e-01,1.852856725454330444e-01,4.672668278217315674e-01,-1.527425646781921387e-01,-5.015185475349426270e-02,-1.888161450624465942e-01,-1.967269480228424072e-01,-1.810170412063598633e-01,3.529608547687530518e-01,-3.664174377918243408e-01,3.346642479300498962e-02,-4.836405441164970398e-02,-1.036159753799438477e+00,1.730463027954101562e+00,-2.792750597000122070e-01,9.099617004394531250e-01,-8.033909648656845093e-02,1.127592444419860840e+00,-1.970742702484130859e+00,-1.873354554176330566e+00,1.058440327644348145e+00,2.110786586999893188e-01
1.794704049825668335e-01,-3.173893094062805176e-01,8.478248119354248047e-01,4.790325183421373367e-03,-5.325663834810256958e-02,-7.552497982978820801e-01,-6.532523036003112793e-01,-2.603793740272521973e-01,2.854253351688385010e-01,2.149413526058197021e-01,5.307956337928771973e-01,-1.749128997325897217e-01,-3.692201152443885803e-02,-2.037375867366790771e-01,-1.943871229887008667e-01,-1.986802518367767334e-01,3.899992108345031738e-01,-4.022073447704315186e-01,1.614474691450595856e-02,-5.896099656820297241e-02,-1.064745664596557617e+00,1.713348507881164551e+00,-3.089460730552673340e-01,8.995662927627563477e-01,-8.971633017063140869e-02,1.114268302917480469e+00,-1.973156929016113281e+00,-1.854848146438598633e+00,1.056402325630187988e+00,2.136440724134445190e-01
1.914085298776626587e-01,-3.216481506824493408e-01,8.439402580261230469e-01,3.222793573513627052e-03,-5.165170133113861084e-02,-7.623961567878723145e-01,-6.450378298759460449e-01,-2.711143791675567627e-01,2.884188592433929443e-01,2.410419732332229614e-01,6.196991205215454102e-01,-2.022913247346878052e-01,-3.272543102502822876e-02,-2.220365554094314575e-01,-1.887362897396087646e-01,-2.178339809179306030e-01,4.386298656463623047e-01,-4.315356314182281494e-01,3.129490418359637260e-03,-6.735182553529739380e-02,-1.084745168685913086e+00,1.697371363639831543e+00,-3.418199419975280762e-01,8.893793225288391113e-01,-8.671576529741287231e-02,1.102236747741699219e+00,-1.977860689163208008e+00,-1.832511305809020996e+00,1.052042126655578613e+00,2.007872313261032104e-01
2.081409543752670288e-01,-3.261846899986267090e-01,8.400726914405822754e-01,3.355762455612421036e-04,-4.705139249563217163e-02,-7.730767726898193359e-01,-6.325648427009582520e-01,-2.818309664726257324e-01,2.812861502170562744e-01,2.652212083339691162e-01,7.091194391250610352e-01,-2.447241097688674927e-01,-2.841473370790481567e-02,-2.317829579114913940e-01,-1.770827174186706543e-01,-2.480642199516296387e-01,4.863087534904479980e-01,-4.575167596340179443e-01,-1.600791886448860168e-02,-7.241366058588027954e-02,-1.096731185913085938e+00,1.655713677406311035e+00,-3.714841306209564209e-01,8.869593739509582520e-01,-1.148558259010314941e-01,1.092609047889709473e+00,-1.974896073341369629e+00,-1.814071774482727051e+00,1.058140754699707031e+00,2.094410806894302368e-01
2.177938818931579590e-01,-3.280628621578216553e-01,8.361235260963439941e-01,1.130003016442060471e-03,-4.496600851416587830e-02,-7.787722349166870117e-01,-6.256920695304870605e-01,-2.872360348701477051e-01,2.726095318794250488e-01,2.773166000843048096e-01,7.526323199272155762e-01,-2.681111097335815430e-01,-2.778730355203151703e-02,-2.413988709449768066e-01,-1.679095774888992310e-01,-2.678456902503967285e-01,5.129140019416809082e-01,-4.826204180717468262e-01,-2.879669889807701111e-02,-7.541967928409576416e-02,-1.108258605003356934e+00,1.630025744438171387e+00,-3.929399847984313965e-01,8.975218534469604492e-01,-1.214631125330924988e-01,1.079989433288574219e+00,-1.971669077873229980e+00,-1.799804329872131348e+00,1.067319869995117188e+00,2.037143856287002563e-01
2.248028665781021118e-01,-3.269779980182647705e-01,8.328299522399902344e-01,2.803796669468283653e-03,-4.393781349062919617e-02,-7.822951078414916992e-01,-6.213501095771789551e-01,-2.871037423610687256e-01,2.641814351081848145e-01,2.840137779712677002e-01,7.631390094757080078e-01,-2.815432548522949219e-01,-3.079737536609172821e-02,-2.442789673805236816e-01,-1.579703688621520996e-01,-2.819541096687316895e-01,5.243785977363586426e-01,-5.059126615524291992e-01,-3.844443708658218384e-02,-7.749122381210327148e-02,-1.113193511962890625e+00,1.611489295959472656e+00,-4.061940014362335205e-01,9.073819518089294434e-01,-1.234745681285858154e-01,1.074080467224121094e+00,-1.966764688491821289e+00,-1.786057949066162109e+00,1.072850227355957031e+00,1.877605766057968140e-01
2.300007939338684082e-01,-3.256996870040893555e-01,8.304441571235656738e-01,5.448920186609029770e-03,-4.333952814340591431e-02,-7.845486402511596680e-01,-6.185268163681030273e-01,-2.846593856811523438e-01,2.557527422904968262e-01,2.858570814132690430e-01,7.522735595703125000e-01,-2.934668958187103271e-01,-3.450071811676025391e-02,-2.478203177452087402e-01,-1.481150984764099121e-01,-2.923681139945983887e-01,5.304104685783386230e-01,-5.213519930839538574e-01,-4.420671612024307251e-02,-7.749282568693161011e-02,-1.115169405937194824e+00,1.595346808433532715e+00,-4.141576290130615234e-01,9.183778762817382812e-01,-1.250403076410293579e-01,1.068389654159545898e+00,-1.960314631462097168e+00,-1.774570703506469727e+00,1.078188538551330566e+00,1.723539978265762329e-01
2.346981018781661987e-01,-3.260686993598937988e-01,8.289777636528015137e-01,8.647924289107322693e-03,-4.161889478564262390e-02,-7.869674563407897949e-01,-6.155284643173217773e-01,-2.736578285694122314e-01,2.428511083126068115e-01,2.874278426170349121e-01,7.146430015563964844e-01,-3.052289783954620361e-01,-3.653124347329139709e-02,-2.490076571702957153e-01,-1.353610008955001831e-01,-3.026990592479705811e-01,5.263358950614929199e-01,-5.275876522064208984e-01,-4.933413863182067871e-02,-7.693003863096237183e-02,-1.107666969299316406e+00,1.572542548179626465e+00,-4.173687696456909180e-01,9.367609024047851562e-01,-1.364530920982360840e-01,1.064994454383850098e+00,-1.956665873527526855e+00,-1.764563560485839844e+00,1.086871743202209473e+00,1.587618738412857056e-01
2.393680363893508911e-01,-3.242270350456237793e-01,8.286113739013671875e-01,1.222134567797183990e-02,-4.087786376476287842e-02,-7.881652712821960449e-01,-6.139830350875854492e-01,-2.554476261138916016e-01,2.280935794115066528e-01,2.854694426059722900e-01,6.567670106887817383e-01,-3.125346302986145020e-01,-3.467905148863792419e-02,-2.452134191989898682e-01,-1.204530447721481323e-01,-3.112106919288635254e-01,5.111605525016784668e-01,-5.279802083969116211e-01,-5.279853940010070801e-02,-7.590072602033615112e-02,-1.092444419860839844e+00,1.551155567169189453e+00,-4.155700802803039551e-01,9.583072662353515625e-01,-1.490265578031539917e-01,1.068764090538024902e+00,-1.951603889465332031e+00,-1.751074790954589844e+00,1.091200470924377441e+00,1.435138881206512451e-01
2.431430667638778687e-01,-3.236906230449676514e-01,8.291985988616943359e-01,1.595895923674106598e-02,-4.016988724470138550e-02,-7.901175618171691895e-01,-6.114293932914733887e-01,-2.349511384963989258e-01,2.194736152887344360e-01,2.952207028865814209e-01,5.881281495094299316e-01,-3.253122866153717041e-01,-2.312761731445789337e-02,-2.406511455774307251e-01,-1.071377024054527283e-01,-3.209458589553833008e-01,4.899945557117462158e-01,-5.182042121887207031e-01,-5.356443300843238831e-02,-8.046302199363708496e-02,-1.078044295310974121e+00,1.535160541534423828e+00,-4.129085540771484375e-01,9.774690270423889160e-01,-1.625444591045379639e-01,1.073505640029907227e+00,-1.948661208152770996e+00,-1.741394639015197754e+00,1.097889065742492676e+00,1.345474720001220703e-01
2.459789067506790161e-01,-3.225730657577514648e-01,8.303465247154235840e-01,2.049650438129901886e-02,-4.157017543911933899e-02,-7.913171648979187012e-01,-6.096466183662414551e-01,-2.077510058879852295e-01,2.103098034858703613e-01,3.082399964332580566e-01,5.090476274490356445e-01,-3.426723480224609375e-01,2.556368708610534668e-03,-2.348616719245910645e-01,-9.495791047811508179e-02,-3.278389573097229004e-01,4.557192325592041016e-01,-5.066247582435607910e-01,-5.696984753012657166e-02,-7.903583347797393799e-02,-1.060626745223999023e+00,1.505791783332824707e+00,-3.952415287494659424e-01,1.004529833793640137e+00,-1.968510150909423828e-01,1.081884980201721191e+00,-1.939860582351684570e+00,-1.734292626380920410e+00,1.104862093925476074e+00,1.424821466207504272e-01
2.445046901702880859e-01,-3.247064054012298584e-01,8.319916129112243652e-01,2.317227981984615326e-02,-4.129811003804206848e-02,-7.903663516044616699e-01,-6.108015775680541992e-01,-1.812776178121566772e-01,1.984284669160842896e-01,3.169091045856475830e-01,4.389671683311462402e-01,-3.533195853233337402e-01,2.405579015612602234e-02,-2.323026806116104126e-01,-8.954373002052307129e-02,-3.289198875427246094e-01,4.315442144870758057e-01,-4.839975237846374512e-01,-5.614139512181282043e-02,-7.521263509988784790e-02,-1.042762756347656250e+00,1.490030527114868164e+00,-3.773428201675415039e-01,1.027865767478942871e+00,-2.242796868085861206e-01,1.088941216468811035e+00,-1.937139153480529785e+00,-1.729415297508239746e+00,1.115027427673339844e+00,1.430701315402984619e-01
2.430848479270935059e-01,-3.250745832920074463e-01,8.342041969299316406e-01,2.542727440595626831e-02,-4.176867380738258362e-02,-7.898024916648864746e-01,-6.114089488983154297e-01,-1.638900637626647949e-01,1.904395967721939087e-01,3.249973654747009277e-01,3.931890428066253662e-01,-3.477789759635925293e-01,3.225274756550788879e-02,-2.276890128850936890e-01,-8.644331246614456177e-02,-3.317882418632507324e-01,4.092034995555877686e-01,-4.587226808071136475e-01,-5.238417908549308777e-02,-7.368341833353042603e-02,-1.024948120117187500e+00,1.484573483467102051e+00,-3.616282045841217041e-01,1.039756059646606445e+00,-2.422298192977905273e-01,1.094031214714050293e+00,-1.935260891914367676e+00,-1.726614236831665039e+00,1.121461391448974609e+00,1.445021480321884155e-01
2.406670600175857544e-01,-3.256586492061614990e-01,8.363069891929626465e-01,2.789439819753170013e-02,-4.291064664721488953e-02,-7.882909774780273438e-01,-6.131703853607177734e-01,-1.473981589078903198e-01,1.808333545923233032e-01,3.330281376838684082e-01,3.472089469432830811e-01,-3.399417996406555176e-01,3.996567055583000183e-02,-2.204757779836654663e-01,-8.373554050922393799e-02,-3.350020647048950195e-01,3.776909708976745605e-01,-4.361238479614257812e-01,-4.896515607833862305e-02,-7.089177519083023071e-02,-1.008506894111633301e+00,1.478688716888427734e+00,-3.432250618934631348e-01,1.052968978881835938e+00,-2.565662860870361328e-01,1.096482038497924805e+00,-1.935216903686523438e+00,-1.728039741516113281e+00,1.125616192817687988e+00,1.542637795209884644e-01
2.399604171514511108e-01,-3.259767293930053711e-01,8.383781909942626953e-01,2.881786786019802094e-02,-4.443284496665000916e-02,-7.864609360694885254e-01,-6.153652667999267578e-01,-1.342446655035018921e-01,1.730733364820480347e-01,3.396350145339965820e-01,3.125520944595336914e-01,-3.227593004703521729e-01,4.221661388874053955e-02,-2.118227034807205200e-01,-8.142343163490295410e-02,-3.391648530960083008e-01,3.476411998271942139e-01,-4.134693741798400879e-01,-4.478747397661209106e-02,-6.714283674955368042e-02,-9.930669069290161133e-01,1.479731202125549316e+00,-3.267718255519866943e-01,1.061907172203063965e+00,-2.672785222530364990e-01,1.097828030586242676e+00,-1.935893177986145020e+00,-1.730810046195983887e+00,1.125115752220153809e+00,1.688325852155685425e-01
2.390600889921188354e-01,-3.242765367031097412e-01,8.405565619468688965e-01,2.923217602074146271e-02,-4.661183059215545654e-02,-7.850323915481567383e-01,-6.170064806938171387e-01,-1.281886249780654907e-01,1.673619002103805542e-01,3.426901698112487793e-01,2.973679602146148682e-01,-2.985694706439971924e-01,3.668373823165893555e-02,-2.008072137832641602e-01,-8.112320303916931152e-02,-3.421038687229156494e-01,3.179146945476531982e-01,-3.924439549446105957e-01,-3.944241628050804138e-02,-6.399955600500106812e-02,-9.730832576751708984e-01,1.488499402999877930e+00,-3.060767650604248047e-01,1.066588401794433594e+00,-2.730101943016052246e-01,1.096714854240417480e+00,-1.934714555740356445e+00,-1.736885905265808105e+00,1.124349951744079590e+00,1.845422238111495972e-01
2.356635928153991699e-01,-3.205923736095428467e-01,8.424215912818908691e-01,3.038711659610271454e-02,-4.878685995936393738e-02,-7.841215729713439941e-01,-6.179400086402893066e-01,-1.301281005144119263e-01,1.638535112142562866e-01,3.474684357643127441e-01,3.064599335193634033e-01,-2.792307436466217041e-01,2.478183247148990631e-02,-1.935469508171081543e-01,-8.573884516954421997e-02,-3.460773527622222900e-01,3.041874766349792480e-01,-3.747154176235198975e-01,-2.960478886961936951e-02,-6.365441530942916870e-02,-9.574178457260131836e-01,1.506310939788818359e+00,-2.944903671741485596e-01,1.060902476310729980e+00,-2.531861960887908936e-01,1.094021439552307129e+00,-1.932521700859069824e+00,-1.742370605468750000e+00,1.121122837066650391e+00,1.919702440500259399e-01
2.349837124347686768e-01,-3.178903460502624512e-01,8.434603214263916016e-01,2.872740663588047028e-02,-5.036174505949020386e-02,-7.825877070426940918e-01,-6.198346018791198730e-01,-1.379572600126266479e-01,1.612682789564132690e-01,3.365983068943023682e-01,3.327313065528869629e-01,-2.581886351108551025e-01,1.446368265897035599e-02,-1.868797689676284790e-01,-8.866640180349349976e-02,-3.424644768238067627e-01,2.979734539985656738e-01,-3.670151829719543457e-01,-2.688152901828289032e-02,-5.807503312826156616e-02,-9.483737349510192871e-01,1.516737461090087891e+00,-2.820621430873870850e-01,1.052656292915344238e+00,-2.522786259651184082e-01,1.088745355606079102e+00,-1.930883765220642090e+00,-1.750218629837036133e+00,1.115472793579101562e+00,2.129094153642654419e-01
2.362038493156433105e-01,-3.158697485923767090e-01,8.428712487220764160e-01,2.534880116581916809e-02,-5.104532092809677124e-02,-7.801911830902099609e-01,-6.229394078254699707e-01,-1.518541574478149414e-01,1.615707725286483765e-01,3.187648355960845947e-01,3.753478229045867920e-01,-2.380443811416625977e-01,-8.876720443367958069e-03,-1.837140917778015137e-01,-9.056529402732849121e-02,-3.329080045223236084e-01,3.044116199016571045e-01,-3.718617856502532959e-01,-1.995977014303207397e-02,-5.466902628540992737e-02,-9.442198276519775391e-01,1.537468075752258301e+00,-2.756035923957824707e-01,1.039082884788513184e+00,-2.473555803298950195e-01,1.082420706748962402e+00,-1.931486964225769043e+00,-1.755807280540466309e+00,1.102789521217346191e+00,2.292437702417373657e-01
2.314913570880889893e-01,-3.125612437725067139e-01,8.408228754997253418e-01,2.210977673530578613e-02,-5.047705024480819702e-02,-7.761257886886596680e-01,-6.281655430793762207e-01,-1.784863322973251343e-01,1.640932857990264893e-01,2.870023250579833984e-01,4.498503804206848145e-01,-2.232057154178619385e-01,-4.838117212057113647e-02,-1.865203678607940674e-01,-9.983365982770919800e-02,-3.160072565078735352e-01,3.348114490509033203e-01,-3.918887376785278320e-01,-1.472165994346141815e-02,-5.200617760419845581e-02,-9.474124312400817871e-01,1.575243711471557617e+00,-2.769709527492523193e-01,1.015901327133178711e+00,-2.254585623741149902e-01,1.073159933090209961e+00,-1.928547739982604980e+00,-1.759170293807983398e+00,1.090271592140197754e+00,2.334100306034088135e-01
2.275203615427017212e-01,-3.139395117759704590e-01,8.376588821411132812e-01,1.493707671761512756e-02,-5.024452507495880127e-02,-7.742386460304260254e-01,-6.307193636894226074e-01,-2.265313416719436646e-01,1.950957328081130981e-01,2.738904356956481934e-01,5.636741518974304199e-01,-2.389848232269287109e-01,-6.070986017584800720e-02,-2.008460760116577148e-01,-1.197757348418235779e-01,-2.955032885074615479e-01,3.895218968391418457e-01,-4.213947355747222900e-01,-1.344774756580591202e-02,-5.547979846596717834e-02,-9.560465812683105469e-01,1.614270091056823730e+00,-2.873116135597229004e-01,9.904277324676513672e-01,-1.907026767730712891e-01,1.061981320381164551e+00,-1.923751950263977051e+00,-1.758521556854248047e+00,1.073378205299377441e+00,2.393828332424163818e-01
2.180950343608856201e-01,-3.221594989299774170e-01,8.339925408363342285e-01,4.540772642940282822e-03,-4.649644717574119568e-02,-7.721909284591674805e-01,-6.336707472801208496e-01,-2.797952890396118164e-01,2.608701586723327637e-01,2.609349191188812256e-01,6.802253723144531250e-01,-2.622759640216827393e-01,-5.717409402132034302e-02,-2.279975563287734985e-01,-1.547093540430068970e-01,-2.790176570415496826e-01,4.773644804954528809e-01,-4.363850951194763184e-01,5.710255354642868042e-03,-6.403809785842895508e-02,-9.794148206710815430e-01,1.674714922904968262e+00,-3.031857907772064209e-01,9.573001861572265625e-01,-1.373945921659469604e-01,1.050542473793029785e+00,-1.927476763725280762e+00,-1.752018094062805176e+00,1.065509915351867676e+00,2.133238315582275391e-01
2.131493836641311646e-01,-3.217801749706268311e-01,8.293974399566650391e-01,1.686741132289171219e-03,-4.577247425913810730e-02,-7.710800766944885254e-01,-6.350886225700378418e-01,-3.160209059715270996e-01,3.066051602363586426e-01,2.498790025711059570e-01,7.480713725090026855e-01,-2.768679857254028320e-01,-5.449716374278068542e-02,-2.391624897718429565e-01,-1.666348874568939209e-01,-2.654713094234466553e-01,5.167436599731445312e-01,-4.685176610946655273e-01,1.653413055464625359e-03,-6.293530762195587158e-02,-9.961863756179809570e-01,1.692241191864013672e+00,-3.186657130718231201e-01,9.464819431304931641e-01,-1.192782819271087646e-01,1.043594121932983398e+00,-1.919542551040649414e+00,-1.746565699577331543e+00,1.054511308670043945e+00,2.254902869462966919e-01
2.040553689002990723e-01,-3.217472434043884277e-01,8.251678347587585449e-01,-1.250133151188492775e-03,-4.418504238128662109e-02,-7.671957612037658691e-01,-6.398881077766418457e-01,-3.415056467056274414e-01,3.592114746570587158e-01,2.251734733581542969e-01,7.814903855323791504e-01,-2.889608740806579590e-01,-5.321541801095008850e-02,-2.479992210865020752e-01,-1.811842024326324463e-01,-2.488294839859008789e-01,5.503540635108947754e-01,-4.951199591159820557e-01,1.063445117324590683e-02,-6.090571358799934387e-02,-1.019063830375671387e+00,1.719673514366149902e+00,-3.320167362689971924e-01,9.343626499176025391e-01,-9.067447483539581299e-02,1.037186384201049805e+00,-1.914757490158081055e+00,-1.741594314575195312e+00,1.045704483985900879e+00,2.179585695266723633e-01
1.944632381200790405e-01,-3.189423680305480957e-01,8.219299316406250000e-01,-3.472456941381096840e-03,-4.227869957685470581e-02,-7.613701820373535156e-01,-6.469280123710632324e-01,-3.476186692714691162e-01,4.094215929508209229e-01,1.957767456769943237e-01,7.409716844558715820e-01,-2.798285484313964844e-01,-5.400113761425018311e-02,-2.485421746969223022e-01,-1.912478953599929810e-01,-2.319808751344680786e-01,5.699200630187988281e-01,-5.149813294410705566e-01,2.188606932759284973e-02,-5.577190220355987549e-02,-1.037341475486755371e+00,1.740863323211669922e+00,-3.394757211208343506e-01,9.281546473503112793e-01,-6.708236783742904663e-02,1.034896373748779297e+00,-1.913692474365234375e+00,-1.738678455352783203e+00,1.021992802619934082e+00,2.181707471609115601e-01
1.834049671888351440e-01,-3.161327242851257324e-01,8.199477791786193848e-01,-2.530144061893224716e-03,-3.902441635727882385e-02,-7.578045725822448730e-01,-6.513085961341857910e-01,-3.408406078815460205e-01,4.418742358684539795e-01,1.735564172267913818e-01,6.803430318832397461e-01,-2.657718360424041748e-01,-6.428332626819610596e-02,-2.461811602115631104e-01,-1.975491344928741455e-01,-2.202643007040023804e-01,5.790200233459472656e-01,-5.221909284591674805e-01,3.446567058563232422e-02,-5.151809751987457275e-02,-1.050941109657287598e+00,1.748562097549438477e+00,-3.515335917472839355e-01,9.229456782341003418e-01,-5.324737355113029480e-02,1.035503268241882324e+00,-1.911434531211853027e+00,-1.736808419227600098e+00,1.004680395126342773e+00,2.251144200563430786e-01
1.684568077325820923e-01,-3.075360357761383057e-01,8.185098767280578613e-01,1.450404757633805275e-03,-3.809161856770515442e-02,-7.518772482872009277e-01,-6.582002043724060059e-01,-3.114062547683715820e-01,4.743058085441589355e-01,1.338843405246734619e-01,5.595279932022094727e-01,-2.334761619567871094e-01,-7.366863638162612915e-02,-2.398468405008316040e-01,-2.031764984130859375e-01,-1.998369097709655762e-01,5.749671459197998047e-01,-5.283028483390808105e-01,4.950881004333496094e-02,-4.428332671523094177e-02,-1.069368481636047363e+00,1.753569841384887695e+00,-3.581067919731140137e-01,9.210605025291442871e-01,-4.174390062689781189e-02,1.038974881172180176e+00,-1.905983090400695801e+00,-1.735450148582458496e+00,9.769904017448425293e-01,2.268871366977691650e-01
1.532994657754898071e-01,-2.963440716266632080e-01,8.174303770065307617e-01,4.738830029964447021e-03,-3.760584816336631775e-02,-7.447811365127563477e-01,-6.662314534187316895e-01,-2.788167893886566162e-01,5.025116801261901855e-01,9.311009943485260010e-02,4.187150001525878906e-01,-1.965259760618209839e-01,-9.144555032253265381e-02,-2.298740148544311523e-01,-2.098652422428131104e-01,-1.765789091587066650e-01,5.694468617439270020e-01,-5.297171473503112793e-01,6.658288836479187012e-02,-4.305279999971389771e-02,-1.090586781501770020e+00,1.766126513481140137e+00,-3.653061091899871826e-01,9.147251844406127930e-01,-3.618351742625236511e-02,1.041166543960571289e+00,-1.906619906425476074e+00,-1.736077427864074707e+00,9.475050568580627441e-01,2.353666573762893677e-01
1.394412517547607422e-01,-2.902374863624572754e-01,8.174162507057189941e-01,8.506543934345245361e-03,-3.593141585588455200e-02,-7.406255602836608887e-01,-6.709026098251342773e-01,-2.564454078674316406e-01,5.111458897590637207e-01,7.527560740709304810e-02,3.421824276447296143e-01,-1.708137840032577515e-01,-1.078982055187225342e-01,-2.222784459590911865e-01,-2.154525369405746460e-01,-1.610911339521408081e-01,5.584153532981872559e-01,-5.183678269386291504e-01,7.939426600933074951e-02,-3.998205810785293579e-02,-1.105855107307434082e+00,1.766433119773864746e+00,-3.800566494464874268e-01,9.150439500808715820e-01,-2.587859705090522766e-02,1.043642163276672363e+00,-1.909574151039123535e+00,-1.738376855850219727e+00,9.414132833480834961e-01,2.352714985609054565e-01
1.211451292037963867e-01,-2.834461331367492676e-01,8.184195756912231445e-01,1.364197395741939545e-02,-3.618578985333442688e-02,-7.360700964927673340e-01,-6.757997274398803711e-01,-2.395031750202178955e-01,5.033527016639709473e-01,6.496334075927734375e-02,3.001378178596496582e-01,-1.610089391469955444e-01,-1.178032085299491882e-01,-2.154680043458938599e-01,-2.287328988313674927e-01,-1.449638456106185913e-01,5.382609963417053223e-01,-4.947285950183868408e-01,9.615977108478546143e-02,-3.979080915451049805e-02,-1.126803040504455566e+00,1.767961502075195312e+00,-3.924756944179534912e-01,9.097779393196105957e-01,-3.073645569384098053e-02,1.043595910072326660e+00,-1.916974663734436035e+00,-1.743202686309814453e+00,9.458751678466796875e-01,2.415028661489486694e-01
1.031335368752479553e-01,-2.790627181529998779e-01,8.205421566963195801e-01,1.895844936370849609e-02,-3.664434328675270081e-02,-7.313444018363952637e-01,-6.807592511177062988e-01,-2.270448505878448486e-01,4.883537888526916504e-01,5.780370160937309265e-02,2.749539315700531006e-01,-1.535768508911132812e-01,-1.243803054094314575e-01,-2.098556309938430786e-01,-2.410438656806945801e-01,-1.294818520545959473e-01,5.092481374740600586e-01,-4.588993191719055176e-01,1.111964806914329529e-01,-3.974914178252220154e-02,-1.140264034271240234e+00,1.764137744903564453e+00,-4.127653539180755615e-01,9.118751883506774902e-01,-3.006782382726669312e-02,1.043396115303039551e+00,-1.923542141914367676e+00,-1.748575687408447266e+00,9.537598490715026855e-01,2.411562353372573853e-01
8.128519356250762939e-02,-2.736186683177947998e-01,8.237627148628234863e-01,2.437448129057884216e-02,-4.026709869503974915e-02,-7.271555066108703613e-01,-6.848571300506591797e-01,-2.135434895753860474e-01,4.539689421653747559e-01,6.058090552687644958e-02,2.642116546630859375e-01,-1.595608592033386230e-01,-1.232848316431045532e-01,-1.951110661029815674e-01,-2.622547149658203125e-01,-1.132211238145828247e-01,4.526207149028778076e-01,-4.144417941570281982e-01,1.283641904592514038e-01,-4.062728211283683777e-02,-1.149728775024414062e+00,1.763351440429687500e+00,-4.271314442157745361e-01,9.098428487777709961e-01,-2.987754344940185547e-02,1.041636586189270020e+00,-1.933586478233337402e+00,-1.752255916595458984e+00,9.660876989364624023e-01,2.364034652709960938e-01
5.715819448232650757e-02,-2.707419991493225098e-01,8.284319639205932617e-01,2.771667949855327606e-02,-4.380381852388381958e-02,-7.227278351783752441e-01,-6.891860961914062500e-01,-2.069527357816696167e-01,4.160109460353851318e-01,7.808954268693923950e-02,2.650522887706756592e-01,-1.757732629776000977e-01,-1.113391444087028503e-01,-1.816197782754898071e-01,-2.907489836215972900e-01,-9.884639084339141846e-02,3.930448591709136963e-01,-3.429858386516571045e-01,1.487635076045989990e-01,-4.094378650188446045e-02,-1.156441926956176758e+00,1.756791830062866211e+00,-4.449199736118316650e-01,9.060370326042175293e-01,-3.195875138044357300e-02,1.035143852233886719e+00,-1.945287466049194336e+00,-1.760154843330383301e+00,9.745263457298278809e-01,2.431643754243850708e-01
3.135022521018981934e-02,-2.705619335174560547e-01,8.338117599487304688e-01,3.025630488991737366e-02,-4.790528863668441772e-02,-7.182986140251159668e-01,-6.934239268302917480e-01,-2.040654569864273071e-01,3.753451704978942871e-01,1.105257272720336914e-01,2.698254585266113281e-01,-1.998006403446197510e-01,-9.704618901014328003e-02,-1.692013740539550781e-01,-3.239162862300872803e-01,-8.786361664533615112e-02,3.246267437934875488e-01,-2.490950524806976318e-01,1.745550185441970825e-01,-4.648475721478462219e-02,-1.160263895988464355e+00,1.757440805435180664e+00,-4.662373661994934082e-01,9.042567014694213867e-01,-1.903066411614418030e-02,1.027792215347290039e+00,-1.954865813255310059e+00,-1.765832901000976562e+00,9.832751154899597168e-01,2.334256768226623535e-01
-1.678328590060118586e-05,-2.779583930969238281e-01,8.392747044563293457e-01,2.948625572025775909e-02,-4.917239397764205933e-02,-7.118541002273559570e-01,-6.999831199645996094e-01,-1.997067779302597046e-01,3.293080329895019531e-01,1.481536775827407837e-01,2.724420428276062012e-01,-2.259809374809265137e-01,-7.964563369750976562e-02,-1.639236807823181152e-01,-3.660171926021575928e-01,-8.453838527202606201e-02,2.548429071903228760e-01,-1.145345419645309448e-01,2.041479051113128662e-01,-4.967339336872100830e-02,-1.164630770683288574e+00,1.756279706954956055e+00,-4.843218326568603516e-01,8.968495726585388184e-01,-1.559916231781244278e-02,1.019313335418701172e+00,-1.961166739463806152e+00,-1.773470520973205566e+00,9.864813685417175293e-01,2.345043420791625977e-01
-2.610479295253753662e-02,-2.820172905921936035e-01,8.438052535057067871e-01,2.873783186078071594e-02,-4.838008433580398560e-02,-7.072135806083679199e-01,-7.047570347785949707e-01,-1.940039247274398804e-01,2.936039268970489502e-01,1.732002049684524536e-01,2.754688262939453125e-01,-2.431671619415283203e-01,-7.079793512821197510e-02,-1.629228442907333374e-01,-3.981264233589172363e-01,-8.584206551313400269e-02,2.103019207715988159e-01,2.560978988185524940e-03,2.305099070072174072e-01,-4.943970218300819397e-02,-1.171097278594970703e+00,1.762685298919677734e+00,-4.999706149101257324e-01,8.956302404403686523e-01,-2.054926939308643341e-02,1.008085250854492188e+00,-1.968196511268615723e+00,-1.781213521957397461e+00,9.924655556678771973e-01,2.419434934854507446e-01
-4.453249275684356689e-02,-2.861789464950561523e-01,8.475054502487182617e-01,2.762079797685146332e-02,-4.731314256787300110e-02,-7.004898786544799805e-01,-7.115563750267028809e-01,-1.923224478960037231e-01,2.713658213615417480e-01,1.939078718423843384e-01,2.880522310733795166e-01,-2.486753910779953003e-01,-6.502879410982131958e-02,-1.641455441713333130e-01,-4.205824732780456543e-01,-1.092463433742523193e-01,1.894343793392181396e-01,4.440812394022941589e-02,2.310542762279510498e-01,-4.811503365635871887e-02,-1.178898572921752930e+00,1.776294350624084473e+00,-5.134849548339843750e-01,8.995270133018493652e-01,-1.426271162927150726e-02,9.975156188011169434e-01,-1.975707650184631348e+00,-1.782258033752441406e+00,9.923608899116516113e-01,2.359600663185119629e-01
-6.768243014812469482e-02,-2.904889583587646484e-01,8.501580953598022461e-01,2.610809542238712311e-02,-4.554410278797149658e-02,-6.938126087188720703e-01,-7.182396650314331055e-01,-1.954175084829330444e-01,2.449407279491424561e-01,2.177465558052062988e-01,3.129217028617858887e-01,-2.682828903198242188e-01,-5.276492238044738770e-02,-1.671950370073318481e-01,-4.477098286151885986e-01,-1.467230021953582764e-01,1.896211206912994385e-01,7.134848088026046753e-02,2.233823686838150024e-01,-4.512063413858413696e-02,-1.187764644622802734e+00,1.786725521087646484e+00,-5.246412754058837891e-01,8.992635607719421387e-01,-9.098404087126255035e-03,9.832640290260314941e-01,-1.987188816070556641e+00,-1.782022118568420410e+00,9.940421581268310547e-01,2.363797724246978760e-01
-9.027668833732604980e-02,-2.958010435104370117e-01,8.517782688140869141e-01,2.590426616370677948e-02,-4.195745661854743958e-02,-6.847754120826721191e-01,-7.270840406417846680e-01,-2.050627022981643677e-01,2.285368591547012329e-01,2.412180751562118530e-01,3.508290350437164307e-01,-2.950357496738433838e-01,-3.955079615116119385e-02,-1.770693659782409668e-01,-4.687515199184417725e-01,-1.917775720357894897e-01,2.215720415115356445e-01,7.345189899206161499e-02,2.064798623323440552e-01,-4.082203656435012817e-02,-1.203038454055786133e+00,1.792268037796020508e+00,-5.368888974189758301e-01,9.082944989204406738e-01,-6.204475183039903641e-03,9.627044796943664551e-01,-2.005165815353393555e+00,-1.775856137275695801e+00,1.001870036125183105e+00,2.440477311611175537e-01
-1.116627156734466553e-01,-2.959037125110626221e-01,8.526881933212280273e-01,2.796178124845027924e-02,-4.022742435336112976e-02,-6.770550608634948730e-01,-7.342998981475830078e-01,-2.168159484863281250e-01,2.148490101099014282e-01,2.653752267360687256e-01,3.916958272457122803e-01,-3.225899934768676758e-01,-2.352689765393733978e-02,-1.847980618476867676e-01,-4.786303937435150146e-01,-2.383518218994140625e-01,2.801867723464965820e-01,4.213811829686164856e-02,1.815163195133209229e-01,-3.479768708348274231e-02,-1.220076322555541992e+00,1.792884230613708496e+00,-5.471314787864685059e-01,9.147560000419616699e-01,-6.137569900602102280e-03,9.422242045402526855e-01,-2.015950918197631836e+00,-1.765715479850769043e+00,1.004108190536499023e+00,2.445519715547561646e-01
-1.345161944627761841e-01,-2.985230982303619385e-01,8.530694246292114258e-01,3.050739131867885590e-02,-3.505373373627662659e-02,-6.687936782836914062e-01,-7.419943213462829590e-01,-2.262942343950271606e-01,2.057837992906570435e-01,2.891560792922973633e-01,4.283971786499023438e-01,-3.561867177486419678e-01,9.205443784594535828e-04,-2.036055475473403931e-01,-4.699318408966064453e-01,-2.793725132942199707e-01,3.920533359050750732e-01,-1.821607537567615509e-02,1.447328478097915649e-01,-2.485484629869461060e-02,-1.239831686019897461e+00,1.785072565078735352e+00,-5.653296709060668945e-01,9.246725440025329590e-01,-1.162557024508714676e-02,9.267085194587707520e-01,-2.027054309844970703e+00,-1.748293519020080566e+00,1.015294909477233887e+00,2.529446482658386230e-01
-1.512426733970642090e-01,-2.983107268810272217e-01,8.527300357818603516e-01,3.404248133301734924e-02,-3.092606551945209503e-02,-6.625367403030395508e-01,-7.476160526275634766e-01,-2.297218739986419678e-01,2.007763683795928955e-01,3.048259913921356201e-01,4.492787718772888184e-01,-3.879927098751068115e-01,2.315226383507251740e-02,-2.246727645397186279e-01,-4.523245096206665039e-01,-2.976289093494415283e-01,5.084263086318969727e-01,-8.355636149644851685e-02,1.172306537628173828e-01,-2.081534452736377716e-02,-1.267290234565734863e+00,1.773827195167541504e+00,-5.814557671546936035e-01,9.332163929939270020e-01,-2.238461747765541077e-02,9.117473363876342773e-01,-2.036710500717163086e+00,-1.739510536193847656e+00,1.021739959716796875e+00,2.610657811164855957e-01
-1.614801138639450073e-01,-2.941766381263732910e-01,8.517999649047851562e-01,3.732038289308547974e-02,-3.100608475506305695e-02,-6.581475138664245605e-01,-7.513239383697509766e-01,-2.323741763830184937e-01,1.944958567619323730e-01,3.136601150035858154e-01,4.632561206817626953e-01,-4.133384227752685547e-01,4.251618310809135437e-02,-2.406328618526458740e-01,-4.378889799118041992e-01,-3.047385215759277344e-01,5.909499526023864746e-01,-1.359232813119888306e-01,1.000540181994438171e-01,-1.687857881188392639e-02,-1.298571467399597168e+00,1.757935881614685059e+00,-6.006216406822204590e-01,9.453248381614685059e-01,-2.883255481719970703e-02,9.036141633987426758e-01,-2.043872594833374023e+00,-1.734400629997253418e+00,1.022530674934387207e+00,2.758645117282867432e-01
-1.732730418443679810e-01,-2.937577366828918457e-01,8.512914180755615234e-01,3.930446133017539978e-02,-2.965565212070941925e-02,-6.527137160301208496e-01,-7.560029625892639160e-01,-2.304714769124984741e-01,1.849853247404098511e-01,3.246258199214935303e-01,4.651508629322052002e-01,-4.338623285293579102e-01,6.628620624542236328e-02,-2.568337321281433105e-01,-4.079625904560089111e-01,-3.104143142700195312e-01,6.704031229019165039e-01,-1.814061850309371948e-01,8.803925663232803345e-02,-1.256583072245121002e-02,-1.331534981727600098e+00,1.740600705146789551e+00,-6.239664554595947266e-01,9.542563557624816895e-01,-3.558684140443801880e-02,9.068533778190612793e-01,-2.049512386322021484e+00,-1.733883142471313477e+00,1.027716398239135742e+00,2.885814309120178223e-01
-1.802731454372406006e-01,-2.920092046260833740e-01,8.510799407958984375e-01,4.143547639250755310e-02,-3.127068281173706055e-02,-6.481775641441345215e-01,-7.597177624702453613e-01,-2.295952588319778442e-01,1.761938482522964478e-01,3.315766751766204834e-01,4.605530500411987305e-01,-4.461849033832550049e-01,8.103851974010467529e-02,-2.693698406219482422e-01,-3.806338310241699219e-01,-3.077409267425537109e-01,7.202597260475158691e-01,-2.113132178783416748e-01,8.476979285478591919e-02,-8.455152623355388641e-03,-1.367253899574279785e+00,1.720784544944763184e+00,-6.502038836479187012e-01,9.684323668479919434e-01,-4.668965563178062439e-02,9.161045551300048828e-01,-2.053764343261718750e+00,-1.741609930992126465e+00,1.032228827476501465e+00,3.030126988887786865e-01
-1.889630705118179321e-01,-2.894033491611480713e-01,8.514745831489562988e-01,4.207904636859893799e-02,-3.268065303564071655e-02,-6.451514363288879395e-01,-7.621948122978210449e-01,-2.239702641963958740e-01,1.607808172702789307e-01,3.389987051486968994e-01,4.508922100067138672e-01,-4.520117938518524170e-01,9.621142596006393433e-02,-2.790783345699310303e-01,-3.364906311035156250e-01,-3.128667473793029785e-01,7.506644129753112793e-01,-2.420989871025085449e-01,8.373671770095825195e-02,-6.668367423117160797e-03,-1.403315663337707520e+00,1.704213738441467285e+00,-6.794447302818298340e-01,9.753062725067138672e-01,-6.234204396605491638e-02,9.320579171180725098e-01,-2.057594537734985352e+00,-1.753301858901977539e+00,1.041532039642333984e+00,3.134109079837799072e-01
-1.975741684436798096e-01,-2.849493026733398438e-01,8.521808385848999023e-01,4.270982742309570312e-02,-3.710356354713439941e-02,-6.407935023307800293e-01,-7.656258344650268555e-01,-2.175037860870361328e-01,1.400471776723861694e-01,3.483269810676574707e-01,4.345574378967285156e-01,-4.516226351261138916e-01,1.083332896232604980e-01,-2.783885598182678223e-01,-2.828532755374908447e-01,-3.160290420055389404e-01,7.488309741020202637e-01,-2.639529705047607422e-01,8.528762310743331909e-02,-1.259099692106246948e-03,-1.425742268562316895e+00,1.683452606201171875e+00,-6.993724703788757324e-01,9.839091897010803223e-01,-8.366864919662475586e-02,9.550599455833435059e-01,-2.054990291595458984e+00,-1.764825701713562012e+00,1.049528598785400391e+00,3.159483373165130615e-01
-2.014906406402587891e-01,-2.821668982505798340e-01,8.532514572143554688e-01,4.318150132894515991e-02,-4.102766141295433044e-02,-6.381611227989196777e-01,-7.675952911376953125e-01,-2.161886990070343018e-01,1.273689717054367065e-01,3.516294658184051514e-01,4.241673350334167480e-01,-4.418297111988067627e-01,1.103943660855293274e-01,-2.762145996093750000e-01,-2.502491474151611328e-01,-3.116190135478973389e-01,7.224637269973754883e-01,-2.721723020076751709e-01,8.973233401775360107e-02,-1.118746236898005009e-03,-1.451068878173828125e+00,1.673252820968627930e+00,-7.218454480171203613e-01,9.929840564727783203e-01,-9.629738330841064453e-02,9.757987856864929199e-01,-2.056473016738891602e+00,-1.780098438262939453e+00,1.047743916511535645e+00,3.148040771484375000e-01
-2.027697861194610596e-01,-2.789891064167022705e-01,8.543879985809326172e-01,4.283852502703666687e-02,-4.646469280123710632e-02,-6.363354921340942383e-01,-7.688192129135131836e-01,-2.151631414890289307e-01,1.139038875699043274e-01,3.524435460567474365e-01,4.119519591331481934e-01,-4.277943074703216553e-01,1.093587726354598999e-01,-2.683186829090118408e-01,-2.200535386800765991e-01,-3.028948903083801270e-01,6.712426543235778809e-01,-2.833753526210784912e-01,9.043449163436889648e-02,-2.127859275788068771e-03,-1.477116346359252930e+00,1.665818333625793457e+00,-7.439231872558593750e-01,9.984265565872192383e-01,-1.060392782092094421e-01,9.957004785537719727e-01,-2.059550046920776367e+00,-1.796993374824523926e+00,1.046013712882995605e+00,3.140442669391632080e-01
-2.038265168666839600e-01,-2.745754420757293701e-01,8.552766442298889160e-01,4.206759110093116760e-02,-5.344095081090927124e-02,-6.330354809761047363e-01,-7.711293101310729980e-01,-2.076146006584167480e-01,9.637329727411270142e-02,3.588667213916778564e-01,3.878379464149475098e-01,-4.161654412746429443e-01,1.076632812619209290e-01,-2.485475689172744751e-01,-1.880822181701660156e-01,-2.982423305511474609e-01,5.925576090812683105e-01,-2.976689040660858154e-01,8.596865832805633545e-02,-2.817951608449220657e-03,-1.493197798728942871e+00,1.660295963287353516e+00,-7.561788558959960938e-01,1.003834724426269531e+00,-1.094869300723075867e-01,1.011212348937988281e+00,-2.062973260879516602e+00,-1.808188915252685547e+00,1.044507622718811035e+00,3.110176026821136475e-01
-2.051347643136978149e-01,-2.689526677131652832e-01,8.560613989830017090e-01,4.228316992521286011e-02,-6.155567988753318787e-02,-6.301272511482238770e-01,-7.728924155235290527e-01,-2.005537003278732300e-01,7.781207561492919922e-02,3.667735159397125244e-01,3.593615293502807617e-01,-4.022915959358215332e-01,1.014121696352958679e-01,-2.202727496623992920e-01,-1.708420366048812866e-01,-3.030417859554290771e-01,4.911206066608428955e-01,-3.018612265586853027e-01,8.240244537591934204e-02,-8.029792224988341331e-04,-1.509005904197692871e+00,1.654486775398254395e+00,-7.677504420280456543e-01,1.009322643280029297e+00,-1.115628033876419067e-01,1.027197122573852539e+00,-2.065251827239990234e+00,-1.818313956260681152e+00,1.040513038635253906e+00,3.042291104793548584e-01
-2.050108611583709717e-01,-2.623009383678436279e-01,8.566563129425048828e-01,4.334998130798339844e-02,-7.074733078479766846e-02,-6.269458532333374023e-01,-7.746318578720092773e-01,-1.946538984775543213e-01,6.009993702173233032e-02,3.721442520618438721e-01,3.291213214397430420e-01,-3.856442272663116455e-01,8.874698728322982788e-02,-1.816349029541015625e-01,-1.562511026859283447e-01,-3.130933046340942383e-01,3.778958022594451904e-01,-3.124270141124725342e-01,6.965717673301696777e-02,3.473114920780062675e-04,-1.522240996360778809e+00,1.649298787117004395e+00,-7.847155928611755371e-01,1.005361437797546387e+00,-1.059747561812400818e-01,1.039772868156433105e+00,-2.065748214721679688e+00,-1.821364760398864746e+00,1.035339236259460449e+00,2.835022807121276855e-01
-2.042074799537658691e-01,-2.621494829654693604e-01,8.582334518432617188e-01,4.270832985639572144e-02,-7.380621135234832764e-02,-6.233373880386352539e-01,-7.772896289825439453e-01,-1.898979097604751587e-01,5.060825869441032410e-02,3.666503131389617920e-01,3.086104393005371094e-01,-3.624500930309295654e-01,7.595622539520263672e-02,-1.589899361133575439e-01,-1.497958153486251831e-01,-3.200005888938903809e-01,3.146784603595733643e-01,-3.064274489879608154e-01,6.617642939090728760e-02,4.895187448710203171e-03,-1.538130760192871094e+00,1.649265766143798828e+00,-8.007730841636657715e-01,1.006911039352416992e+00,-1.030957698822021484e-01,1.045501828193664551e+00,-2.068278789520263672e+00,-1.827029705047607422e+00,1.032255768775939941e+00,2.740575969219207764e-01
-2.033793479204177856e-01,-2.626499533653259277e-01,8.592526912689208984e-01,4.224615171551704407e-02,-7.479938119649887085e-02,-6.211152672767639160e-01,-7.789968848228454590e-01,-1.853449046611785889e-01,4.272751137614250183e-02,3.550247848033905029e-01,2.912434339523315430e-01,-3.454988300800323486e-01,6.757955998182296753e-02,-1.435841917991638184e-01,-1.428353190422058105e-01,-3.195829689502716064e-01,2.737014889717102051e-01,-2.988015115261077881e-01,6.345028430223464966e-02,6.175980903208255768e-03,-1.556549906730651855e+00,1.653462052345275879e+00,-8.193404674530029297e-01,9.995503425598144531e-01,-9.760599583387374878e-02,1.043645739555358887e+00,-2.071816682815551758e+00,-1.829600214958190918e+00,1.027913689613342285e+00,2.592698633670806885e-01
-2.034109085798263550e-01,-2.617709040641784668e-01,8.599761724472045898e-01,4.238436371088027954e-02,-7.406532019376754761e-02,-6.196841001510620117e-01,-7.801983356475830078e-01,-1.806894391775131226e-01,3.824951872229576111e-02,3.453435897827148438e-01,2.794804573059082031e-01,-3.346186876296997070e-01,6.455010175704956055e-02,-1.399039924144744873e-01,-1.405690759420394897e-01,-3.183340728282928467e-01,2.669188678264617920e-01,-2.874067425727844238e-01,6.386634707450866699e-02,8.906732313334941864e-03,-1.584661364555358887e+00,1.654385447502136230e+00,-8.420181870460510254e-01,1.001211166381835938e+00,-9.762477874755859375e-02,1.040177464485168457e+00,-2.073811054229736328e+00,-1.833225727081298828e+00,1.027598977088928223e+00,2.515539824962615967e-01
-2.052856534719467163e-01,-2.608382403850555420e-01,8.599674701690673828e-01,4.289845004677772522e-02,-7.168799638748168945e-02,-6.188158392906188965e-01,-7.810809612274169922e-01,-1.760946363210678101e-01,3.620303422212600708e-02,3.386519551277160645e-01,2.749568819999694824e-01,-3.364881873130798340e-01,6.675970554351806641e-02,-1.461361050605773926e-01,-1.417839080095291138e-01,-3.148818314075469971e-01,2.879542708396911621e-01,-2.785578370094299316e-01,6.824276596307754517e-02,1.199388038367033005e-02,-1.608877897262573242e+00,1.654393196105957031e+00,-8.642564415931701660e-01,1.002707242965698242e+00,-9.867367148399353027e-02,1.037825584411621094e+00,-2.073613166809082031e+00,-1.837918043136596680e+00,1.026963591575622559e+00,2.535246014595031738e-01
-2.039780616760253906e-01,-2.627903223037719727e-01,8.597059845924377441e-01,4.144198447465896606e-02,-6.705628335475921631e-02,-6.184683442115783691e-01,-7.818458676338195801e-01,-1.720478087663650513e-01,4.089272394776344299e-02,3.250117003917694092e-01,2.795256078243255615e-01,-3.433072268962860107e-01,7.449571043252944946e-02,-1.709274053573608398e-01,-1.436256170272827148e-01,-2.965721487998962402e-01,3.551358580589294434e-01,-2.606227993965148926e-01,8.141087740659713745e-02,1.226632762700319290e-02,-1.628818511962890625e+00,1.657651066780090332e+00,-8.847900629043579102e-01,1.004562735557556152e+00,-1.017669886350631714e-01,1.037164926528930664e+00,-2.075195550918579102e+00,-1.846294999122619629e+00,1.019015431404113770e+00,2.578715682029724121e-01
-2.049612104892730713e-01,-2.640881836414337158e-01,8.585770130157470703e-01,4.176817834377288818e-02,-6.148285046219825745e-02,-6.206812262535095215e-01,-7.805319428443908691e-01,-1.736301630735397339e-01,4.797366261482238770e-02,3.139896392822265625e-01,2.954972088336944580e-01,-3.594119548797607422e-01,8.105459809303283691e-02,-1.941672861576080322e-01,-1.545773148536682129e-01,-2.802309989929199219e-01,4.248969852924346924e-01,-2.385594546794891357e-01,9.954712539911270142e-02,1.086750067770481110e-02,-1.645319223403930664e+00,1.660325646400451660e+00,-9.055038690567016602e-01,1.003082752227783203e+00,-9.565044194459915161e-02,1.041502118110656738e+00,-2.070705175399780273e+00,-1.852642297744750977e+00,1.018084168434143066e+00,2.564561963081359863e-01
-2.009377181529998779e-01,-2.697328627109527588e-01,8.574670553207397461e-01,4.334799200296401978e-02,-5.273980274796485901e-02,-6.221746206283569336e-01,-7.798962593078613281e-01,-1.887798458337783813e-01,7.609637826681137085e-02,3.019382953643798828e-01,3.397718966007232666e-01,-3.774236440658569336e-01,8.251844346523284912e-02,-2.328260242938995361e-01,-1.972991228103637695e-01,-2.825097739696502686e-01,5.419347882270812988e-01,-2.269248962402343750e-01,1.032550558447837830e-01,1.164372731000185013e-02,-1.667747616767883301e+00,1.668183684349060059e+00,-9.302102327346801758e-01,1.000904083251953125e+00,-9.028199315071105957e-02,1.046368122100830078e+00,-2.062597751617431641e+00,-1.859356880187988281e+00,1.011013627052307129e+00,2.561064660549163818e-01
-1.987479031085968018e-01,-2.706516683101654053e-01,8.543983101844787598e-01,4.513066262006759644e-02,-4.586584493517875671e-02,-6.221801042556762695e-01,-7.802252769470214844e-01,-1.982304453849792480e-01,9.706645458936691284e-02,2.925719320774078369e-01,3.801047205924987793e-01,-4.101599752902984619e-01,8.499808609485626221e-02,-2.606617212295532227e-01,-2.423069775104522705e-01,-2.860405147075653076e-01,6.260074973106384277e-01,-2.314465492963790894e-01,1.015472188591957092e-01,1.425166614353656769e-02,-1.686051607131958008e+00,1.673629879951477051e+00,-9.589865207672119141e-01,9.982950687408447266e-01,-6.566275656223297119e-02,1.050433754920959473e+00,-2.057009220123291016e+00,-1.862540721893310547e+00,1.017381906509399414e+00,2.421555519104003906e-01
-1.981050968170166016e-01,-2.706255614757537842e-01,8.503129482269287109e-01,4.564984142780303955e-02,-4.004337638616561890e-02,-6.232908368110656738e-01,-7.796288728713989258e-01,-2.063627839088439941e-01,1.105121150612831116e-01,2.831165790557861328e-01,4.186950027942657471e-01,-4.458765983581542969e-01,8.542480319738388062e-02,-2.845554649829864502e-01,-2.841095328330993652e-01,-2.790718376636505127e-01,6.862245202064514160e-01,-2.381666749715805054e-01,1.034324988722801208e-01,1.315427757799625397e-02,-1.701402783393859863e+00,1.677812218666076660e+00,-9.852631092071533203e-01,9.907145500183105469e-01,-4.467447102069854736e-02,1.056454062461853027e+00,-2.049806356430053711e+00,-1.864399313926696777e+00,1.018518209457397461e+00,2.307257652282714844e-01
-1.897690147161483765e-01,-2.730392217636108398e-01,8.460531234741210938e-01,4.332797229290008545e-02,-3.458703681826591492e-02,-6.268307566642761230e-01,-7.771805524826049805e-01,-2.182113230228424072e-01,1.299290508031845093e-01,2.659889161586761475e-01,4.660313427448272705e-01,-4.718975424766540527e-01,8.164356648921966553e-02,-3.014788329601287842e-01,-3.404407799243927002e-01,-2.625856697559356689e-01,7.190942764282226562e-01,-2.341494262218475342e-01,1.026944965124130249e-01,9.218566119670867920e-03,-1.714375019073486328e+00,1.684441208839416504e+00,-1.010898351669311523e+00,9.821740388870239258e-01,-1.951536908745765686e-02,1.057515621185302734e+00,-2.039561510086059570e+00,-1.865115880966186523e+00,1.025805830955505371e+00,2.121631354093551636e-01
-1.744743883609771729e-01,-2.757105529308319092e-01,8.414363861083984375e-01,4.054565355181694031e-02,-3.094595484435558319e-02,-6.308112144470214844e-01,-7.742580771446228027e-01,-2.242311984300613403e-01,1.545601040124893188e-01,2.488612681627273560e-01,4.976051151752471924e-01,-4.968029856681823730e-01,6.876224279403686523e-02,-3.043001890182495117e-01,-4.076367914676666260e-01,-2.414654940366744995e-01,6.799119710922241211e-01,-2.114627808332443237e-01,1.041662469506263733e-01,4.863589070737361908e-03,-1.721626758575439453e+00,1.688346624374389648e+00,-1.033323287963867188e+00,9.690896868705749512e-01,9.298891760408878326e-03,1.055763244628906250e+00,-2.032976150512695312e+00,-1.861977458000183105e+00,1.034525990486145020e+00,2.085634469985961914e-01
-1.664278209209442139e-01,-2.769423723220825195e-01,8.376318216323852539e-01,3.835447132587432861e-02,-2.922255732119083405e-02,-6.334838271141052246e-01,-7.722520828247070312e-01,-2.279018759727478027e-01,1.648776084184646606e-01,2.364670783281326294e-01,5.154992938041687012e-01,-5.170097351074218750e-01,6.037947162985801697e-02,-3.047685623168945312e-01,-4.478986263275146484e-01,-2.234261184930801392e-01,6.261075735092163086e-01,-1.836714893579483032e-01,1.129509061574935913e-01,-2.105121966451406479e-03,-1.729701399803161621e+00,1.689735412597656250e+00,-1.048548579216003418e+00,9.601783752441406250e-01,3.686482831835746765e-02,1.056792140007019043e+00,-2.023503303527832031e+00,-1.857249617576599121e+00,1.041042923927307129e+00,1.922629028558731079e-01
-1.498329192399978638e-01,-2.759263813495635986e-01,8.343477845191955566e-01,3.514292463660240173e-02,-2.908361330628395081e-02,-6.422122120857238770e-01,-7.651683688163757324e-01,-2.327699363231658936e-01,1.791030764579772949e-01,2.108889222145080566e-01,5.335119366645812988e-01,-5.197951793670654297e-01,3.568859398365020752e-02,-2.930142879486083984e-01,-4.893233776092529297e-01,-1.919048577547073364e-01,5.237633585929870605e-01,-1.385749727487564087e-01,1.329070925712585449e-01,-1.162438374012708664e-02,-1.731408834457397461e+00,1.684686779975891113e+00,-1.055665493011474609e+00,9.470229744911193848e-01,4.188317432999610901e-02,1.056538105010986328e+00,-2.007785558700561523e+00,-1.860705852508544922e+00,1.048279404640197754e+00,1.997732967138290405e-01
-1.347101777791976929e-01,-2.748083770275115967e-01,8.321002721786499023e-01,3.059088066220283508e-02,-3.134047240018844604e-02,-6.480420827865600586e-01,-7.603442668914794922e-01,-2.325938791036605835e-01,1.845702379941940308e-01,1.895672082901000977e-01,5.377270579338073730e-01,-5.108399987220764160e-01,1.821073144674301147e-02,-2.739226818084716797e-01,-5.094796419143676758e-01,-1.649179011583328247e-01,4.092898666858673096e-01,-7.899666577577590942e-02,1.616014391183853149e-01,-2.019890211522579193e-02,-1.730619311332702637e+00,1.680830955505371094e+00,-1.055512905120849609e+00,9.383420944213867188e-01,4.420176148414611816e-02,1.059590816497802734e+00,-1.995173096656799316e+00,-1.865121841430664062e+00,1.053524374961853027e+00,2.083017677068710327e-01
-1.209633499383926392e-01,-2.760527729988098145e-01,8.311398625373840332e-01,2.665361016988754272e-02,-3.273309767246246338e-02,-6.526028513908386230e-01,-7.565233707427978516e-01,-2.251917123794555664e-01,1.906196922063827515e-01,1.749475300312042236e-01,5.214624404907226562e-01,-4.974502921104431152e-01,3.344532102346420288e-03,-2.589648365974426270e-01,-5.085221529006958008e-01,-1.402316093444824219e-01,3.304644227027893066e-01,-3.587374836206436157e-02,1.894929260015487671e-01,-2.836819551885128021e-02,-1.728455543518066406e+00,1.676105737686157227e+00,-1.056343197822570801e+00,9.276167750358581543e-01,4.358913004398345947e-02,1.064670085906982422e+00,-1.989400386810302734e+00,-1.864324569702148438e+00,1.061622381210327148e+00,2.097556442022323608e-01
-1.038898751139640808e-01,-2.749397754669189453e-01,8.307332396507263184e-01,2.305048145353794098e-02,-3.677513822913169861e-02,-6.581331491470336914e-01,-7.516494989395141602e-01,-2.181211113929748535e-01,1.954130679368972778e-01,1.541183888912200928e-01,4.990705549716949463e-01,-4.709255993366241455e-01,-1.295704860240221024e-02,-2.416590899229049683e-01,-4.984888434410095215e-01,-1.092849150300025940e-01,2.550069391727447510e-01,6.424547173082828522e-03,2.179993242025375366e-01,-3.559050709009170532e-02,-1.726915121078491211e+00,1.673976421356201172e+00,-1.053000450134277344e+00,9.218402504920959473e-01,4.751027375459671021e-02,1.067604660987854004e+00,-1.981027126312255859e+00,-1.867862820625305176e+00,1.066518425941467285e+00,2.140477150678634644e-01
-8.376309275627136230e-02,-2.752521336078643799e-01,8.306073546409606934e-01,1.989963091909885406e-02,-4.060820490121841431e-02,-6.643900275230407715e-01,-7.460166811943054199e-01,-2.091742902994155884e-01,2.036185711622238159e-01,1.270954012870788574e-01,4.639838337898254395e-01,-4.376155436038970947e-01,-2.382405288517475128e-02,-2.274971157312393188e-01,-4.715811312198638916e-01,-6.764078885316848755e-02,2.095942795276641846e-01,3.043960966169834137e-02,2.388189435005187988e-01,-4.474975168704986572e-02,-1.726594805717468262e+00,1.668504595756530762e+00,-1.046996951103210449e+00,9.214951395988464355e-01,3.907705098390579224e-02,1.070529699325561523e+00,-1.974020123481750488e+00,-1.871378302574157715e+00,1.071995019912719727e+00,2.098217606544494629e-01
-6.288050860166549683e-02,-2.751377820968627930e-01,8.304374217987060547e-01,1.921261847019195557e-02,-4.557218030095100403e-02,-6.681964993476867676e-01,-7.423391938209533691e-01,-1.971412003040313721e-01,2.176410108804702759e-01,1.073730885982513428e-01,4.153794944286346436e-01,-4.040608704090118408e-01,-3.271950781345367432e-02,-2.189936190843582153e-01,-4.401197135448455811e-01,-4.899621382355690002e-02,1.937223672866821289e-01,1.785852760076522827e-02,2.383108288049697876e-01,-4.878421872854232788e-02,-1.727705359458923340e+00,1.667398929595947266e+00,-1.039390802383422852e+00,9.196469187736511230e-01,2.307990007102489471e-02,1.075989007949829102e+00,-1.969336628913879395e+00,-1.872219324111938477e+00,1.076029539108276367e+00,2.004409432411193848e-01
-3.610495850443840027e-02,-2.778747081756591797e-01,8.301551938056945801e-01,2.001086808741092682e-02,-4.938822612166404724e-02,-6.692365407943725586e-01,-7.411361336708068848e-01,-1.839145272970199585e-01,2.483080923557281494e-01,9.387893974781036377e-02,3.588391542434692383e-01,-3.554775714874267578e-01,-4.551785066723823547e-02,-2.194321304559707642e-01,-4.025352001190185547e-01,-5.867013707756996155e-02,2.052602767944335938e-01,-5.008646100759506226e-02,2.148764133453369141e-01,-4.857354238629341125e-02,-1.729867815971374512e+00,1.666427493095397949e+00,-1.030342698097229004e+00,9.215564131736755371e-01,3.281432902440428734e-03,1.082486391067504883e+00,-1.970641255378723145e+00,-1.870676994323730469e+00,1.066541314125061035e+00,1.812395453453063965e-01
-1.160740200430154800e-02,-2.800919115543365479e-01,8.298559784889221191e-01,2.081755362451076508e-02,-5.110728740692138672e-02,-6.726066470146179199e-01,-7.379397153854370117e-01,-1.742696613073348999e-01,2.803529798984527588e-01,9.130281209945678711e-02,3.117210865020751953e-01,-2.982421815395355225e-01,-5.902170389890670776e-02,-2.211544215679168701e-01,-3.715657591819763184e-01,-7.334575802087783813e-02,2.233940064907073975e-01,-1.155862063169479370e-01,1.897187232971191406e-01,-5.067910999059677124e-02,-1.733217716217041016e+00,1.664327263832092285e+00,-1.026188492774963379e+00,9.214318394660949707e-01,-1.328362431377172470e-02,1.086186528205871582e+00,-1.974602699279785156e+00,-1.869007825851440430e+00,1.066111922264099121e+00,1.673516035079956055e-01
6.324870511889457703e-03,-2.811250388622283936e-01,8.293425440788269043e-01,2.160698175430297852e-02,-5.161597579717636108e-02,-6.767092347145080566e-01,-7.341209650039672852e-01,-1.696073859930038452e-01,3.069412708282470703e-01,1.047116070985794067e-01,2.809813618659973145e-01,-2.518693506717681885e-01,-6.838849186897277832e-02,-2.226286828517913818e-01,-3.500328660011291504e-01,-9.006597846746444702e-02,2.433427721261978149e-01,-1.650339812040328979e-01,1.696481555700302124e-01,-5.437696725130081177e-02,-1.737850785255432129e+00,1.663939356803894043e+00,-1.025075316429138184e+00,9.157044887542724609e-01,-2.108740620315074921e-02,1.089306473731994629e+00,-1.978544592857360840e+00,-1.866087436676025391e+00,1.065760731697082520e+00,1.621846258640289307e-01
2.846262603998184204e-02,-2.801332473754882812e-01,8.285645246505737305e-01,2.274773828685283661e-02,-5.223621055483818054e-02,-6.809846758842468262e-01,-7.300779223442077637e-01,-1.688383668661117554e-01,3.415412306785583496e-01,1.259571611881256104e-01,2.541965246200561523e-01,-1.904452741146087646e-01,-8.130113780498504639e-02,-2.226831912994384766e-01,-3.232898414134979248e-01,-1.119174882769584656e-01,2.664349377155303955e-01,-2.236777544021606445e-01,1.418642103672027588e-01,-5.746456608176231384e-02,-1.744357943534851074e+00,1.665200471878051758e+00,-1.028804779052734375e+00,9.104942679405212402e-01,-1.669098250567913055e-02,1.096812963485717773e+00,-1.981540918350219727e+00,-1.853965759277343750e+00,1.061407566070556641e+00,1.491999179124832153e-01
4.575670883059501648e-02,-2.802109718322753906e-01,8.275511264801025391e-01,2.308829315006732941e-02,-5.286335572600364685e-02,-6.842170953750610352e-01,-7.269933819770812988e-01,-1.711249351501464844e-01,3.655599355697631836e-01,1.472475677728652954e-01,2.375679910182952881e-01,-1.512410491704940796e-01,-8.768498897552490234e-02,-2.240947037935256958e-01,-3.037784099578857422e-01,-1.314100772142410278e-01,2.848533093929290771e-01,-2.698552310466766357e-01,1.205330491065979004e-01,-5.809690803289413452e-02,-1.751368761062622070e+00,1.666226983070373535e+00,-1.032130479812622070e+00,9.008982777595520020e-01,-1.751641742885112762e-02,1.100452542304992676e+00,-1.983105421066284180e+00,-1.846048116683959961e+00,1.058217763900756836e+00,1.483452469110488892e-01
7.244100421667098999e-02,-2.834812104701995850e-01,8.263786435127258301e-01,2.253037504851818085e-02,-5.384745448827743530e-02,-6.899590492248535156e-01,-7.214910387992858887e-01,-1.848260760307312012e-01,3.947662711143493652e-01,1.452611088752746582e-01,2.248588353395462036e-01,-1.051680892705917358e-01,-9.842732548713684082e-02,-2.295907884836196899e-01,-2.738002538681030273e-01,-1.547030359506607056e-01,3.117204010486602783e-01,-3.313561677932739258e-01,8.501951396465301514e-02,-5.719062313437461853e-02,-1.761684656143188477e+00,1.670067310333251953e+00,-1.048460364341735840e+00,8.912338614463806152e-01,1.058982592076063156e-02,1.108358740806579590e+00,-1.978378534317016602e+00,-1.819746136665344238e+00,1.044010758399963379e+00,1.292591989040374756e-01
9.218723326921463013e-02,-2.861735522747039795e-01,8.251677155494689941e-01,2.092749811708927155e-02,-5.440902337431907654e-02,-6.956865787506103516e-01,-7.159761786460876465e-01,-1.965029239654541016e-01,4.123477041721343994e-01,1.682787686586380005e-01,2.294534891843795776e-01,-9.833234548568725586e-02,-9.384973347187042236e-02,-2.298115193843841553e-01,-2.556426525115966797e-01,-1.812924146652221680e-01,3.300361037254333496e-01,-3.760582804679870605e-01,6.012932583689689636e-02,-5.364617705345153809e-02,-1.774540066719055176e+00,1.670343637466430664e+00,-1.052517652511596680e+00,8.878610134124755859e-01,1.143914647400379181e-02,1.107393980026245117e+00,-1.970754504203796387e+00,-1.805956125259399414e+00,1.036756277084350586e+00,1.298462301492691040e-01
1.098792701959609985e-01,-2.881555557250976562e-01,8.235838413238525391e-01,1.769066974520683289e-02,-5.614345520734786987e-02,-6.997323632240295410e-01,-7.119758129119873047e-01,-2.020452916622161865e-01,4.186818599700927734e-01,1.896258443593978882e-01,2.458789795637130737e-01,-1.074416339397430420e-01,-8.305474370718002319e-02,-2.358396649360656738e-01,-2.437276244163513184e-01,-1.974031776189804077e-01,3.570562601089477539e-01,-4.176301360130310059e-01,3.948308154940605164e-02,-4.714826494455337524e-02,-1.777455568313598633e+00,1.675866007804870605e+00,-1.057768702507019043e+00,8.778451681137084961e-01,1.461203210055828094e-03,1.107627272605895996e+00,-1.960467219352722168e+00,-1.793913245201110840e+00,1.023547768592834473e+00,1.363833844661712646e-01
1.220816373825073242e-01,-2.910314500331878662e-01,8.215364813804626465e-01,1.545119006186723709e-02,-5.694006010890007019e-02,-7.031109333038330078e-01,-7.086282968521118164e-01,-2.096962034702301025e-01,4.220599532127380371e-01,2.157321572303771973e-01,2.770248651504516602e-01,-1.193594709038734436e-01,-6.912606209516525269e-02,-2.411514222621917725e-01,-2.356950789690017700e-01,-2.114718407392501831e-01,3.754881024360656738e-01,-4.506088495254516602e-01,2.367332018911838531e-02,-4.455950856208801270e-02,-1.778674364089965820e+00,1.676202297210693359e+00,-1.058664083480834961e+00,8.750599622726440430e-01,-6.615335587412118912e-04,1.107276678085327148e+00,-1.957372784614562988e+00,-1.786452770233154297e+00,1.014739751815795898e+00,1.416271924972534180e-01
1.320500969886779785e-01,-2.941391468048095703e-01,8.192964792251586914e-01,1.316055003553628922e-02,-5.656914040446281433e-02,-7.075724601745605469e-01,-7.042499184608459473e-01,-2.198953628540039062e-01,4.139444828033447266e-01,2.333670854568481445e-01,3.258502781391143799e-01,-1.452844738960266113e-01,-5.628730729222297668e-02,-2.507879734039306641e-01,-2.309503704309463501e-01,-2.221140712499618530e-01,4.076786935329437256e-01,-4.792637825012207031e-01,9.950167499482631683e-03,-4.081236198544502258e-02,-1.771893024444580078e+00,1.680320024490356445e+00,-1.056242465972900391e+00,8.717672824859619141e-01,-9.686208330094814301e-03,1.104560136795043945e+00,-1.952573299407958984e+00,-1.784432172775268555e+00,1.007354974746704102e+00,1.446085423231124878e-01
1.425625532865524292e-01,-2.978361546993255615e-01,8.171164989471435547e-01,9.726725518703460693e-03,-5.730865895748138428e-02,-7.114326953887939453e-01,-7.003460526466369629e-01,-2.375493943691253662e-01,4.014528691768646240e-01,2.540081441402435303e-01,4.100317656993865967e-01,-1.802534461021423340e-01,-4.059414193034172058e-02,-2.649674713611602783e-01,-2.303075343370437622e-01,-2.327833771705627441e-01,4.459719359874725342e-01,-5.053074359893798828e-01,-4.514524480327963829e-04,-3.769947588443756104e-02,-1.755417823791503906e+00,1.688647985458374023e+00,-1.040195584297180176e+00,8.652118444442749023e-01,-2.542765811085700989e-02,1.105451941490173340e+00,-1.943541407585144043e+00,-1.785604000091552734e+00,9.960130453109741211e-01,1.465534269809722900e-01
1.512961685657501221e-01,-2.986921072006225586e-01,8.153464198112487793e-01,6.523180752992630005e-03,-5.743204802274703979e-02,-7.134041190147399902e-01,-6.983649730682373047e-01,-2.575892806053161621e-01,3.797048330307006836e-01,2.657816410064697266e-01,5.087450146675109863e-01,-2.264429777860641479e-01,-3.008766472339630127e-02,-2.750806212425231934e-01,-2.289262861013412476e-01,-2.386183291673660278e-01,4.826184213161468506e-01,-5.252981185913085938e-01,-7.765064481645822525e-03,-3.193915262818336487e-02,-1.733882427215576172e+00,1.692251801490783691e+00,-1.017052769660949707e+00,8.618730306625366211e-01,-4.668579623103141785e-02,1.105692028999328613e+00,-1.938665270805358887e+00,-1.793214917182922363e+00,9.913800954818725586e-01,1.579365879297256470e-01
1.617348939180374146e-01,-3.025709092617034912e-01,8.140851259231567383e-01,4.720708355307579041e-03,-5.596970021724700928e-02,-7.175685763359069824e-01,-6.942192912101745605e-01,-2.784679532051086426e-01,3.422019481658935547e-01,2.782416343688964844e-01,6.025025844573974609e-01,-2.614282369613647461e-01,-3.148674219846725464e-02,-2.852554023265838623e-01,-2.233099043369293213e-01,-2.544069588184356689e-01,5.154891610145568848e-01,-5.337281227111816406e-01,-9.976056404411792755e-03,-2.885554172098636627e-02,-1.708778500556945801e+00,1.700861573219299316e+00,-1.000420570373535156e+00,8.569788932800292969e-01,-4.289094731211662292e-02,1.108275055885314941e+00,-1.941779971122741699e+00,-1.796747922897338867e+00,9.805896878242492676e-01,1.594421565532684326e-01
1.703852564096450806e-01,-3.005520701408386230e-01,8.139623403549194336e-01,5.868177860975265503e-03,-5.731736868619918823e-02,-7.194608449935913086e-01,-6.921389698982238770e-01,-2.873892188072204590e-01,3.006443977355957031e-01,2.780051827430725098e-01,6.558759808540344238e-01,-2.846739590167999268e-01,-3.148023411631584167e-02,-2.875613868236541748e-01,-2.136656492948532104e-01,-2.630778253078460693e-01,5.247217416763305664e-01,-5.390293598175048828e-01,-1.596564240753650665e-02,-2.422391995787620544e-02,-1.678982019424438477e+00,1.699305176734924316e+00,-9.780172109603881836e-01,8.539041280746459961e-01,-5.954963341355323792e-02,1.116200923919677734e+00,-1.939141988754272461e+00,-1.799117684364318848e+00,9.697897434234619141e-01,1.607234627008438110e-01
1.740651875734329224e-01,-2.970230281352996826e-01,8.148275017738342285e-01,8.858542889356613159e-03,-5.819036439061164856e-02,-7.206642627716064453e-01,-6.907810568809509277e-01,-2.850615680217742920e-01,2.674752771854400635e-01,2.794246375560760498e-01,6.598093509674072266e-01,-2.957777082920074463e-01,-3.178231418132781982e-02,-2.835254967212677002e-01,-2.051964551210403442e-01,-2.704358100891113281e-01,5.183570384979248047e-01,-5.358189940452575684e-01,-1.900226622819900513e-02,-2.293015643954277039e-02,-1.657480716705322266e+00,1.699657559394836426e+00,-9.593660235404968262e-01,8.559620976448059082e-01,-6.511915475130081177e-02,1.122279405593872070e+00,-1.936283826828002930e+00,-1.801288127899169922e+00,9.666832089424133301e-01,1.556814759969711304e-01
1.776849925518035889e-01,-2.933836579322814941e-01,8.167916536331176758e-01,1.332942955195903778e-02,-5.775500088930130005e-02,-7.210995554924011230e-01,-6.902912855148315430e-01,-2.753858566284179688e-01,2.251655459403991699e-01,2.769178450107574463e-01,6.334036588668823242e-01,-2.937251329421997070e-01,-3.753084316849708557e-02,-2.771770954132080078e-01,-1.911220252513885498e-01,-2.791181504726409912e-01,5.049850940704345703e-01,-5.195526480674743652e-01,-2.072897367179393768e-02,-1.949742622673511505e-02,-1.634429693222045898e+00,1.698941469192504883e+00,-9.432838559150695801e-01,8.567121028900146484e-01,-7.186130434274673462e-02,1.135299921035766602e+00,-1.938376665115356445e+00,-1.797418236732482910e+00,9.632492065429687500e-01,1.458195596933364868e-01
1.794999688863754272e-01,-2.887548804283142090e-01,8.195484280586242676e-01,1.896955259144306183e-02,-5.613950267434120178e-02,-7.215446233749389648e-01,-6.898274421691894531e-01,-2.547324299812316895e-01,1.872802078723907471e-01,2.764120399951934814e-01,5.815844535827636719e-01,-2.914751172065734863e-01,-3.830584138631820679e-02,-2.663096785545349121e-01,-1.750623434782028198e-01,-2.887504100799560547e-01,4.848378002643585205e-01,-4.930530190467834473e-01,-1.515287067741155624e-02,-1.855770498514175415e-02,-1.619011521339416504e+00,1.696025371551513672e+00,-9.328874945640563965e-01,8.608283996582031250e-01,-8.159714937210083008e-02,1.145559072494506836e+00,-1.942094922065734863e+00,-1.794914603233337402e+00,9.654631614685058594e-01,1.400562226772308350e-01
1.809171885251998901e-01,-2.850851416587829590e-01,8.223531246185302734e-01,2.488254383206367493e-02,-5.428790301084518433e-02,-7.204941511154174805e-01,-6.908848285675048828e-01,-2.268793284893035889e-01,1.581030935049057007e-01,2.739201188087463379e-01,5.054218173027038574e-01,-2.839845120906829834e-01,-3.350974991917610168e-02,-2.560144066810607910e-01,-1.565661579370498657e-01,-2.951066792011260986e-01,4.583247303962707520e-01,-4.639193117618560791e-01,-8.554060943424701691e-03,-1.857975684106349945e-02,-1.608013868331909180e+00,1.693637609481811523e+00,-9.199121594429016113e-01,8.677343130111694336e-01,-8.943845331668853760e-02,1.148999571800231934e+00,-1.948447346687316895e+00,-1.787130117416381836e+00,9.691104292869567871e-01,1.325361430644989014e-01
1.815562248229980469e-01,-2.800665497779846191e-01,8.249691724777221680e-01,3.153811022639274597e-02,-5.261555314064025879e-02,-7.191847562789916992e-01,-6.921056509017944336e-01,-1.928901672363281250e-01,1.359819173812866211e-01,2.845394611358642578e-01,4.254716634750366211e-01,-2.852621972560882568e-01,-1.511757727712392807e-02,-2.467685490846633911e-01,-1.386304646730422974e-01,-3.011572360992431641e-01,4.347076416015625000e-01,-4.340783059597015381e-01,3.282357938587665558e-03,-1.795695163309574127e-02,-1.598817586898803711e+00,1.689324617385864258e+00,-9.035400152206420898e-01,8.754545450210571289e-01,-1.011288762092590332e-01,1.149000048637390137e+00,-1.956951856613159180e+00,-1.777197718620300293e+00,9.672867059707641602e-01,1.274404525756835938e-01
1.819005906581878662e-01,-2.787375152111053467e-01,8.274902105331420898e-01,3.480486944317817688e-02,-5.184026435017585754e-02,-7.196455597877502441e-01,-6.915283799171447754e-01,-1.638234257698059082e-01,1.316799372434616089e-01,3.078786134719848633e-01,3.638991415500640869e-01,-2.884177863597869873e-01,7.563051767647266388e-03,-2.409689277410507202e-01,-1.301482319831848145e-01,-3.062721788883209229e-01,4.167544841766357422e-01,-4.054948091506958008e-01,1.232825312763452530e-02,-2.421971410512924194e-02,-1.589691400527954102e+00,1.684461236000061035e+00,-8.869750499725341797e-01,8.808482289314270020e-01,-1.186631619930267334e-01,1.149000048637390137e+00,-1.964345693588256836e+00,-1.770946383476257324e+00,9.686666727066040039e-01,1.271488517522811890e-01
1.813022643327713013e-01,-2.774985134601593018e-01,8.296629786491394043e-01,3.631148859858512878e-02,-5.148426815867424011e-02,-7.186407446861267090e-01,-6.925217509269714355e-01,-1.430522054433822632e-01,1.292621791362762451e-01,3.233334124088287354e-01,3.221578598022460938e-01,-2.797548472881317139e-01,1.185612846165895462e-02,-2.352545708417892456e-01,-1.262410730123519897e-01,-3.103329241275787354e-01,4.034894704818725586e-01,-3.825485706329345703e-01,1.732495240867137909e-02,-2.823065221309661865e-02,-1.580728769302368164e+00,1.682269454002380371e+00,-8.716914057731628418e-01,8.847725987434387207e-01,-1.344228982925415039e-01,1.149000048637390137e+00,-1.969215393066406250e+00,-1.771052598953247070e+00,9.732548594474792480e-01,1.350039094686508179e-01
1.803416162729263306e-01,-2.761783599853515625e-01,8.314111232757568359e-01,3.708788752555847168e-02,-5.127130448818206787e-02,-7.171291112899780273e-01,-6.940616965293884277e-01,-1.273575872182846069e-01,1.261732429265975952e-01,3.317163586616516113e-01,2.924714982509613037e-01,-2.691476047039031982e-01,1.223980169743299484e-02,-2.280864715576171875e-01,-1.234997510910034180e-01,-3.129699826240539551e-01,3.886702060699462891e-01,-3.643412590026855469e-01,2.010459639132022858e-02,-3.237859159708023071e-02,-1.574284553527832031e+00,1.682311654090881348e+00,-8.572175502777099609e-01,8.839820027351379395e-01,-1.442820876836776733e-01,1.148735404014587402e+00,-1.971205949783325195e+00,-1.766310572624206543e+00,9.761062860488891602e-01,1.390773057937622070e-01
1.819998472929000854e-01,-2.764057815074920654e-01,8.329154253005981445e-01,3.572592884302139282e-02,-5.251387879252433777e-02,-7.146630287170410156e-01,-6.965793371200561523e-01,-1.244495213031768799e-01,1.248893663287162781e-01,3.305604457855224609e-01,2.851875722408294678e-01,-2.467640042304992676e-01,4.675397940445691347e-04,-2.218632996082305908e-01,-1.214685589075088501e-01,-3.107611835002899170e-01,3.704397976398468018e-01,-3.524838984012603760e-01,2.393607795238494873e-02,-3.237646445631980896e-02,-1.562673449516296387e+00,1.684069156646728516e+00,-8.415384292602539062e-01,8.791721463203430176e-01,-1.454849541187286377e-01,1.148305177688598633e+00,-1.968263983726501465e+00,-1.766233086585998535e+00,9.745731353759765625e-01,1.443612724542617798e-01
1.851653754711151123e-01,-2.760299444198608398e-01,8.337920308113098145e-01,3.270289674401283264e-02,-5.384716019034385681e-02,-7.122458815574645996e-01,-6.990970969200134277e-01,-1.299964189529418945e-01,1.248091608285903931e-01,3.153459727764129639e-01,2.999278008937835693e-01,-2.217821776866912842e-01,-1.896099187433719635e-02,-2.160799801349639893e-01,-1.198114976286888123e-01,-3.018187284469604492e-01,3.607108294963836670e-01,-3.480318486690521240e-01,2.965339273214340210e-02,-3.034386597573757172e-02,-1.552221059799194336e+00,1.689674139022827148e+00,-8.322418928146362305e-01,8.701443076133728027e-01,-1.357886046171188354e-01,1.148067831993103027e+00,-1.961546897888183594e+00,-1.765472531318664551e+00,9.732816219329833984e-01,1.398262232542037964e-01
1.924519687891006470e-01,-2.778538763523101807e-01,8.341772556304931641e-01,2.626026421785354614e-02,-5.493131652474403381e-02,-7.116743326187133789e-01,-6.998661160469055176e-01,-1.550983339548110962e-01,1.319922208786010742e-01,2.871665358543395996e-01,3.526423871517181396e-01,-1.804860979318618774e-01,-6.055144965648651123e-02,-2.142151892185211182e-01,-1.209490671753883362e-01,-2.910391986370086670e-01,3.666914701461791992e-01,-3.470606207847595215e-01,3.858339786529541016e-02,-3.284258767962455750e-02,-1.546340227127075195e+00,1.707737326622009277e+00,-8.395043015480041504e-01,8.528605699539184570e-01,-9.578911960124969482e-02,1.142783403396606445e+00,-1.950583100318908691e+00,-1.760686635971069336e+00,9.749444127082824707e-01,1.165311560034751892e-01
1.911431699991226196e-01,-2.789129018783569336e-01,8.337245583534240723e-01,1.913432963192462921e-02,-5.718433111906051636e-02,-7.108346819877624512e-01,-7.007695436477661133e-01,-1.777589917182922363e-01,1.474559009075164795e-01,2.781642973423004150e-01,4.020302891731262207e-01,-1.973666846752166748e-01,-6.284756958484649658e-02,-2.153221815824508667e-01,-1.385150551795959473e-01,-2.779972255229949951e-01,3.796622157096862793e-01,-3.578938841819763184e-01,3.927266970276832581e-02,-3.232749924063682556e-02,-1.545700550079345703e+00,1.722047328948974609e+00,-8.460195660591125488e-01,8.332975506782531738e-01,-6.500474363565444946e-02,1.136035203933715820e+00,-1.940998911857604980e+00,-1.756461381912231445e+00,9.782912731170654297e-01,1.003996506333351135e-01
1.892282515764236450e-01,-2.800514996051788330e-01,8.319284915924072266e-01,1.280314195901155472e-02,-5.862906202673912048e-02,-7.105476260185241699e-01,-7.010853886604309082e-01,-1.984499245882034302e-01,1.783904135227203369e-01,2.927536070346832275e-01,4.549950659275054932e-01,-2.203171104192733765e-01,-5.615324527025222778e-02,-2.211659699678421021e-01,-1.568634063005447388e-01,-2.685902714729309082e-01,4.037808775901794434e-01,-3.758686482906341553e-01,4.188117012381553650e-02,-3.552167117595672607e-02,-1.547427058219909668e+00,1.731596827507019043e+00,-8.516498804092407227e-01,8.214958906173706055e-01,-4.207290336489677429e-02,1.129494547843933105e+00,-1.937340259552001953e+00,-1.750948190689086914e+00,9.765448570251464844e-01,8.858692646026611328e-02
1.852793693542480469e-01,-2.820872068405151367e-01,8.289173841476440430e-01,6.923127919435501099e-03,-5.808604136109352112e-02,-7.093586325645446777e-01,-7.024161219596862793e-01,-2.204175889492034912e-01,2.208082973957061768e-01,2.960577607154846191e-01,5.080251097679138184e-01,-2.316117584705352783e-01,-5.797972157597541809e-02,-2.313016653060913086e-01,-1.753573119640350342e-01,-2.596878111362457275e-01,4.395226240158081055e-01,-3.974245488643646240e-01,4.331607744097709656e-02,-3.808291628956794739e-02,-1.550702214241027832e+00,1.741253733634948730e+00,-8.575651645660400391e-01,8.119046092033386230e-01,-2.448066882789134979e-02,1.120793581008911133e+00,-1.935630559921264648e+00,-1.747245192527770996e+00,9.849178791046142578e-01,7.813040912151336670e-02
1.802948266267776489e-01,-2.841514945030212402e-01,8.250117897987365723e-01,2.389392815530300140e-03,-5.659849569201469421e-02,-7.082790732383728027e-01,-7.036558985710144043e-01,-2.415591180324554443e-01,2.754027247428894043e-01,2.873705327510833740e-01,5.451849102973937988e-01,-2.321536093950271606e-01,-6.209973618388175964e-02,-2.418802231550216675e-01,-1.917159706354141235e-01,-2.522025108337402344e-01,4.751837551593780518e-01,-4.224808216094970703e-01,4.490505531430244446e-02,-4.161872714757919312e-02,-1.555664300918579102e+00,1.750796914100646973e+00,-8.659703731536865234e-01,8.072090148925781250e-01,2.943399595096707344e-03,1.111751198768615723e+00,-1.933950781822204590e+00,-1.742288231849670410e+00,9.890881180763244629e-01,7.177504897117614746e-02
1.739460229873657227e-01,-2.812442481517791748e-01,8.203979134559631348e-01,3.013499954249709845e-04,-5.609444156289100647e-02,-7.044858336448669434e-01,-7.074977159500122070e-01,-2.481307387351989746e-01,3.484342694282531738e-01,2.693568766117095947e-01,5.317472219467163086e-01,-2.364615052938461304e-01,-5.520998314023017883e-02,-2.489069998264312744e-01,-2.041485756635665894e-01,-2.404621243476867676e-01,5.029862523078918457e-01,-4.558406472206115723e-01,4.839871078729629517e-02,-4.664728417992591858e-02,-1.564174056053161621e+00,1.753252983093261719e+00,-8.742967247962951660e-01,8.077815771102905273e-01,3.124620951712131500e-02,1.105454206466674805e+00,-1.934015631675720215e+00,-1.735901236534118652e+00,9.795291423797607422e-01,7.079347968101501465e-02
1.691392809152603149e-01,-2.826078534126281738e-01,8.160177469253540039e-01,-2.106652536895126104e-04,-5.274273455142974854e-02,-7.032836079597473145e-01,-7.089501619338989258e-01,-2.451356500387191772e-01,3.897963464260101318e-01,2.579963207244873047e-01,5.019052028656005859e-01,-2.284516543149948120e-01,-6.058879569172859192e-02,-2.568005323410034180e-01,-2.082035839557647705e-01,-2.342952489852905273e-01,5.272319912910461426e-01,-4.801346063613891602e-01,5.010101944208145142e-02,-4.929948598146438599e-02,-1.572158098220825195e+00,1.745317816734313965e+00,-8.820345401763916016e-01,8.125567436218261719e-01,4.495948925614356995e-02,1.101252436637878418e+00,-1.933760166168212891e+00,-1.732100248336791992e+00,9.785008430480957031e-01,7.311423867940902710e-02
1.636976748704910278e-01,-2.811747789382934570e-01,8.121573925018310547e-01,3.384858719073235989e-04,-5.045510828495025635e-02,-7.007281780242919922e-01,-7.116419076919555664e-01,-2.319642156362533569e-01,4.250659942626953125e-01,2.379409372806549072e-01,4.437295496463775635e-01,-2.137201279401779175e-01,-6.893902271986007690e-02,-2.610186934471130371e-01,-2.102514803409576416e-01,-2.240727245807647705e-01,5.424990057945251465e-01,-5.022857785224914551e-01,5.572381988167762756e-02,-5.079091712832450867e-02,-1.582090616226196289e+00,1.737979531288146973e+00,-8.869206905364990234e-01,8.197543025016784668e-01,5.709568038582801819e-02,1.100128054618835449e+00,-1.929512143135070801e+00,-1.730300188064575195e+00,9.683962464332580566e-01,8.249948918819427490e-02
1.571128815412521362e-01,-2.794098854064941406e-01,8.092318177223205566e-01,3.022659569978713989e-03,-4.846993461251258850e-02,-6.993785500526428223e-01,-7.130996584892272949e-01,-2.154448032379150391e-01,4.403213262557983398e-01,2.250254005193710327e-01,3.926771283149719238e-01,-2.010660618543624878e-01,-8.144490420818328857e-02,-2.654782533645629883e-01,-2.126031368970870972e-01,-2.193289697170257568e-01,5.530428290367126465e-01,-5.144496560096740723e-01,6.265775114297866821e-02,-5.302347242832183838e-02,-1.587125778198242188e+00,1.727133512496948242e+00,-8.925940394401550293e-01,8.302655220031738281e-01,5.390254035592079163e-02,1.100278019905090332e+00,-1.926682472229003906e+00,-1.732828617095947266e+00,9.685478210449218750e-01,9.129066765308380127e-02
1.472482979297637939e-01,-2.746598720550537109e-01,8.070331811904907227e-01,6.987177766859531403e-03,-4.749131575226783752e-02,-6.968149542808532715e-01,-7.156428694725036621e-01,-1.947109103202819824e-01,4.535381793975830078e-01,2.112414836883544922e-01,3.267724215984344482e-01,-1.835233420133590698e-01,-9.198388457298278809e-02,-2.663909494876861572e-01,-2.169390171766281128e-01,-2.098068445920944214e-01,5.538449883460998535e-01,-5.218455791473388672e-01,7.094437628984451294e-02,-5.585061013698577881e-02,-1.592352867126464844e+00,1.714804053306579590e+00,-8.957494497299194336e-01,8.435668945312500000e-01,5.715438351035118103e-02,1.104524612426757812e+00,-1.926828026771545410e+00,-1.734551310539245605e+00,9.690753221511840820e-01,9.498042613267898560e-02
1.343033313751220703e-01,-2.686979770660400391e-01,8.056546449661254883e-01,1.215139683336019516e-02,-4.750133305788040161e-02,-6.953115463256835938e-01,-7.170340418815612793e-01,-1.768014729022979736e-01,4.548941552639007568e-01,2.024599611759185791e-01,2.704424262046813965e-01,-1.765103191137313843e-01,-1.004888862371444702e-01,-2.622427940368652344e-01,-2.243343740701675415e-01,-1.991863399744033813e-01,5.406322479248046875e-01,-5.234118700027465820e-01,7.792196422815322876e-02,-6.279950588941574097e-02,-1.593117237091064453e+00,1.706532597541809082e+00,-9.003127217292785645e-01,8.483502268791198730e-01,4.867397993803024292e-02,1.106262922286987305e+00,-1.925052762031555176e+00,-1.736417412757873535e+00,9.785037636756896973e-01,9.013357013463973999e-02
1.216721460223197937e-01,-2.647393047809600830e-01,8.052820563316345215e-01,1.676949672400951385e-02,-4.686124622821807861e-02,-6.941012740135192871e-01,-7.181547284126281738e-01,-1.650601476430892944e-01,4.482991993427276611e-01,1.970467865467071533e-01,2.435307502746582031e-01,-1.736973375082015991e-01,-1.032406464219093323e-01,-2.631269097328186035e-01,-2.325096577405929565e-01,-1.890801191329956055e-01,5.343440771102905273e-01,-5.126101970672607422e-01,8.545664697885513306e-02,-6.564334779977798462e-02,-1.595329999923706055e+00,1.699751973152160645e+00,-9.053931832313537598e-01,8.637395501136779785e-01,5.507691577076911926e-02,1.108319163322448730e+00,-1.930546760559082031e+00,-1.741018772125244141e+00,9.899895787239074707e-01,9.055480360984802246e-02
1.008363142609596252e-01,-2.595408856868743896e-01,8.056222200393676758e-01,2.231785096228122711e-02,-4.764237999916076660e-02,-6.906207799911499023e-01,-7.213009595870971680e-01,-1.491684019565582275e-01,4.202019274234771729e-01,2.112440317869186401e-01,2.239712625741958618e-01,-1.912660002708435059e-01,-9.754646569490432739e-02,-2.607488036155700684e-01,-2.487819343805313110e-01,-1.685591340065002441e-01,5.076625347137451172e-01,-4.873897433280944824e-01,9.794843196868896484e-02,-6.974488496780395508e-02,-1.594786524772644043e+00,1.684480667114257812e+00,-9.034477472305297852e-01,8.757156729698181152e-01,2.818961814045906067e-02,1.104961991310119629e+00,-1.941171884536743164e+00,-1.752620339393615723e+00,1.006026268005371094e+00,1.040010452270507812e-01
8.744849264621734619e-02,-2.578243315219879150e-01,8.065841794013977051e-01,2.484631538391113281e-02,-4.818575084209442139e-02,-6.880810260772705078e-01,-7.236057519912719727e-01,-1.424512565135955811e-01,4.033837616443634033e-01,2.120776474475860596e-01,2.128466069698333740e-01,-2.051021605730056763e-01,-9.628248959779739380e-02,-2.571278512477874756e-01,-2.601580619812011719e-01,-1.553303152322769165e-01,4.822012782096862793e-01,-4.639550149440765381e-01,1.107102036476135254e-01,-7.029481977224349976e-02,-1.592910766601562500e+00,1.676770210266113281e+00,-9.022494554519653320e-01,8.841966986656188965e-01,2.051080577075481415e-02,1.103581905364990234e+00,-1.946384310722351074e+00,-1.762462019920349121e+00,1.013248801231384277e+00,1.023517921566963196e-01
7.337051630020141602e-02,-2.570815384387969971e-01,8.081454634666442871e-01,2.703353762626647949e-02,-4.961322247982025146e-02,-6.867389678955078125e-01,-7.247049808502197266e-01,-1.401272714138031006e-01,3.806224763393402100e-01,2.205638736486434937e-01,2.096813917160034180e-01,-2.260250598192214966e-01,-8.474171161651611328e-02,-2.498802691698074341e-01,-2.739083170890808105e-01,-1.426253318786621094e-01,4.447384774684906006e-01,-4.360789358615875244e-01,1.182413995265960693e-01,-7.397107779979705811e-02,-1.589720368385314941e+00,1.667707085609436035e+00,-9.072362780570983887e-01,8.924509882926940918e-01,2.704873122274875641e-02,1.100769042968750000e+00,-1.956455230712890625e+00,-1.771422982215881348e+00,1.024320363998413086e+00,9.884565323591232300e-02
6.238671392202377319e-02,-2.561243772506713867e-01,8.101335763931274414e-01,2.768095582723617554e-02,-5.109313875436782837e-02,-6.849861741065979004e-01,-7.262349724769592285e-01,-1.397409439086914062e-01,3.620162904262542725e-01,2.202137857675552368e-01,2.132353186607360840e-01,-2.380907982587814331e-01,-8.222197741270065308e-02,-2.427456378936767578e-01,-2.869653105735778809e-01,-1.329794526100158691e-01,4.136186838150024414e-01,-4.039532542228698730e-01,1.292316466569900513e-01,-7.360325753688812256e-02,-1.590825080871582031e+00,1.664093375205993652e+00,-9.072190523147583008e-01,9.004444479942321777e-01,2.862083539366722107e-02,1.096881508827209473e+00,-1.963518261909484863e+00,-1.780910730361938477e+00,1.026691555976867676e+00,9.513107687234878540e-02
4.518888890743255615e-02,-2.551706731319427490e-01,8.124700784683227539e-01,2.870462834835052490e-02,-5.376731231808662415e-02,-6.839782595634460449e-01,-7.269517779350280762e-01,-1.450367420911788940e-01,3.349705040454864502e-01,2.319729328155517578e-01,2.228402644395828247e-01,-2.585350573062896729e-01,-7.378516346216201782e-02,-2.284835577011108398e-01,-3.110085427761077881e-01,-1.286340355873107910e-01,3.596519529819488525e-01,-3.565557599067687988e-01,1.429783552885055542e-01,-7.534654438495635986e-02,-1.593405961990356445e+00,1.659672141075134277e+00,-9.129910469055175781e-01,9.058842062950134277e-01,4.538236930966377258e-02,1.088259220123291016e+00,-1.971856594085693359e+00,-1.790354371070861816e+00,1.034846425056457520e+00,9.139230102300643921e-02
2.534068375825881958e-02,-2.549576163291931152e-01,8.147192597389221191e-01,2.816877886652946472e-02,-5.553835630416870117e-02,-6.814089417457580566e-01,-7.292488217353820801e-01,-1.505291461944580078e-01,3.052123785018920898e-01,2.462862133979797363e-01,2.412897944450378418e-01,-2.814840972423553467e-01,-6.612982600927352905e-02,-2.152437269687652588e-01,-3.418254256248474121e-01,-1.309578418731689453e-01,3.055033981800079346e-01,-2.864539325237274170e-01,1.673699170351028442e-01,-7.435835152864456177e-02,-1.597817420959472656e+00,1.655249476432800293e+00,-9.173265099525451660e-01,9.086742401123046875e-01,5.425559356808662415e-02,1.078982472419738770e+00,-1.979709863662719727e+00,-1.798648834228515625e+00,1.037036180496215820e+00,8.997357636690139771e-02
-3.532759437803179026e-04,-2.575758993625640869e-01,8.165227770805358887e-01,2.496022172272205353e-02,-5.530683696269989014e-02,-6.785030961036682129e-01,-7.320872545242309570e-01,-1.593173146247863770e-01,2.674362659454345703e-01,2.617934346199035645e-01,2.732335925102233887e-01,-3.126434385776519775e-01,-5.368757247924804688e-02,-2.068895697593688965e-01,-3.869702816009521484e-01,-1.493906527757644653e-01,2.574438750743865967e-01,-1.800127178430557251e-01,1.903133690357208252e-01,-6.762357801198959351e-02,-1.600796937942504883e+00,1.649521112442016602e+00,-9.194567203521728516e-01,9.091200828552246094e-01,5.861829966306686401e-02,1.065382957458496094e+00,-1.985897183418273926e+00,-1.814691185951232910e+00,1.042642354965209961e+00,1.089853048324584961e-01
-1.565387099981307983e-02,-2.602596282958984375e-01,8.177237510681152344e-01,2.251457609236240387e-02,-5.497341975569725037e-02,-6.742318868637084961e-01,-7.361266613006591797e-01,-1.684605628252029419e-01,2.471709400415420532e-01,2.717589139938354492e-01,3.032741844654083252e-01,-3.262974023818969727e-01,-4.445341601967811584e-02,-2.061197310686111450e-01,-4.188791513442993164e-01,-1.843905597925186157e-01,2.358573228120803833e-01,-9.459283202886581421e-02,1.950944066047668457e-01,-5.954075232148170471e-02,-1.604546546936035156e+00,1.649688959121704102e+00,-9.203754067420959473e-01,9.094678163528442383e-01,6.135115027427673340e-02,1.061122179031372070e+00,-1.986183404922485352e+00,-1.819626808166503906e+00,1.042006134986877441e+00,1.119068264961242676e-01
-3.064540214836597443e-02,-2.628764510154724121e-01,8.183247447013854980e-01,2.179012633860111237e-02,-5.553663894534111023e-02,-6.676852703094482422e-01,-7.420493364334106445e-01,-1.773724257946014404e-01,2.306974232196807861e-01,2.884224951267242432e-01,3.282639384269714355e-01,-3.442207276821136475e-01,-3.449548035860061646e-02,-2.084256708621978760e-01,-4.443284273147583008e-01,-2.288263589143753052e-01,2.337103784084320068e-01,-4.794742912054061890e-02,1.887767314910888672e-01,-5.012280866503715515e-02,-1.605613231658935547e+00,1.647160172462463379e+00,-9.219857454299926758e-01,9.160593748092651367e-01,6.705013662576675415e-02,1.058073282241821289e+00,-1.989146232604980469e+00,-1.823735117912292480e+00,1.039048910140991211e+00,1.134221553802490234e-01
-5.259989947080612183e-02,-2.644919455051422119e-01,8.186874389648437500e-01,2.375275455415248871e-02,-5.501256883144378662e-02,-6.610157489776611328e-01,-7.479756474494934082e-01,-1.966874897480010986e-01,2.133048772811889648e-01,3.060611486434936523e-01,3.703456223011016846e-01,-3.740422427654266357e-01,-1.897102780640125275e-02,-2.183887064456939697e-01,-4.671393930912017822e-01,-2.723962962627410889e-01,2.553700804710388184e-01,-2.637052908539772034e-02,1.742683947086334229e-01,-3.865324705839157104e-02,-1.603159904479980469e+00,1.640611410140991211e+00,-9.196173548698425293e-01,9.213072061538696289e-01,6.393387913703918457e-02,1.059276938438415527e+00,-1.989937901496887207e+00,-1.830529212951660156e+00,1.031881332397460938e+00,1.245815828442573547e-01
-7.413589209318161011e-02,-2.639951109886169434e-01,8.188380002975463867e-01,2.741741389036178589e-02,-5.265590548515319824e-02,-6.553015708923339844e-01,-7.530308961868286133e-01,-2.118948101997375488e-01,2.026173025369644165e-01,3.276148140430450439e-01,4.100060164928436279e-01,-4.050247073173522949e-01,-1.163299195468425751e-03,-2.275734692811965942e-01,-4.745092988014221191e-01,-3.160888850688934326e-01,3.041671216487884521e-01,-5.223881080746650696e-02,1.474133133888244629e-01,-2.902758680284023285e-02,-1.597290515899658203e+00,1.630577921867370605e+00,-9.129210710525512695e-01,9.263712167739868164e-01,6.372777372598648071e-02,1.066011190414428711e+00,-1.993997097015380859e+00,-1.841100931167602539e+00,1.033958315849304199e+00,1.436957716941833496e-01
-9.999909251928329468e-02,-2.679840028285980225e-01,8.192772269248962402e-01,3.210723400115966797e-02,-4.314931109547615051e-02,-6.479710340499877930e-01,-7.597636580467224121e-01,-2.208724319934844971e-01,1.979489773511886597e-01,3.460551798343658447e-01,4.431733787059783936e-01,-4.462200701236724854e-01,2.995792403817176819e-02,-2.552914917469024658e-01,-4.543805122375488281e-01,-3.337007761001586914e-01,4.319848716259002686e-01,-1.362888067960739136e-01,1.102332621812820435e-01,-2.091700769960880280e-02,-1.583384156227111816e+00,1.620732784271240234e+00,-8.999431133270263672e-01,9.257982969284057617e-01,5.886760354042053223e-02,1.084663867950439453e+00,-2.001483678817749023e+00,-1.856653690338134766e+00,1.038293600082397461e+00,1.492466777563095093e-01
-1.126180663704872131e-01,-2.665494382381439209e-01,8.183865547180175781e-01,3.655856102705001831e-02,-4.079310223460197449e-02,-6.440268754959106445e-01,-7.630391716957092285e-01,-2.284696847200393677e-01,1.958724856376647949e-01,3.553900420665740967e-01,4.622521698474884033e-01,-4.733991324901580811e-01,4.450073093175888062e-02,-2.679661512374877930e-01,-4.446942806243896484e-01,-3.415340781211853027e-01,4.997212588787078857e-01,-1.799386441707611084e-01,9.536749869585037231e-02,-1.660322397947311401e-02,-1.565876722335815430e+00,1.609169006347656250e+00,-8.766281008720397949e-01,9.271361827850341797e-01,4.929041862487792969e-02,1.110516548156738281e+00,-2.007917165756225586e+00,-1.881208062171936035e+00,1.035793185234069824e+00,1.515327244997024536e-01
-1.242280825972557068e-01,-2.666121423244476318e-01,8.182165622711181641e-01,3.912214934825897217e-02,-3.683407232165336609e-02,-6.410765647888183594e-01,-7.655935883522033691e-01,-2.299824059009552002e-01,1.912426203489303589e-01,3.593113422393798828e-01,4.722319245338439941e-01,-4.921029508113861084e-01,6.347337365150451660e-02,-2.850399911403656006e-01,-4.190585613250732422e-01,-3.323991596698760986e-01,5.778698325157165527e-01,-2.317472845315933228e-01,8.014085888862609863e-02,-1.669138856232166290e-02,-1.537584066390991211e+00,1.597434163093566895e+00,-8.499611616134643555e-01,9.294331073760986328e-01,3.892857581377029419e-02,1.147413372993469238e+00,-2.014974355697631836e+00,-1.910189509391784668e+00,1.032911896705627441e+00,1.542341262102127075e-01
-1.309822201728820801e-01,-2.668814361095428467e-01,8.183699846267700195e-01,4.092866554856300354e-02,-3.460919111967086792e-02,-6.389088034629821777e-01,-7.674129009246826172e-01,-2.284516394138336182e-01,1.874107122421264648e-01,3.608927726745605469e-01,4.707370102405548096e-01,-5.029436349868774414e-01,7.735187560319900513e-02,-2.958734333515167236e-01,-3.894468843936920166e-01,-3.237921893596649170e-01,6.343889832496643066e-01,-2.705244421958923340e-01,7.344388216733932495e-02,-1.768172346055507660e-02,-1.506478786468505859e+00,1.589836478233337402e+00,-8.141959309577941895e-01,9.298389554023742676e-01,3.453296422958374023e-02,1.149000048637390137e+00,-2.020070314407348633e+00,-1.916684150695800781e+00,1.030456066131591797e+00,1.479146629571914673e-01
-1.334348320960998535e-01,-2.644318640232086182e-01,8.191944360733032227e-01,4.247186705470085144e-02,-3.515812009572982788e-02,-6.392382383346557617e-01,-7.670297026634216309e-01,-2.253414392471313477e-01,1.817143857479095459e-01,3.574883043766021729e-01,4.623604714870452881e-01,-5.017724037170410156e-01,8.524154126644134521e-02,-2.971369624137878418e-01,-3.635369539260864258e-01,-3.141535520553588867e-01,6.444382667541503906e-01,-2.853715121746063232e-01,7.396145164966583252e-02,-2.016308158636093140e-02,-1.483629941940307617e+00,1.583269000053405762e+00,-7.885943055152893066e-01,9.314272403717041016e-01,3.409542515873908997e-02,1.149000048637390137e+00,-2.027189493179321289e+00,-1.913871765136718750e+00,1.026997089385986328e+00,1.484754979610443115e-01
-1.374031901359558105e-01,-2.636313438415527344e-01,8.209511637687683105e-01,4.335527122020721436e-02,-3.600450605154037476e-02,-6.383540630340576172e-01,-7.676770687103271484e-01,-2.233027517795562744e-01,1.735501587390899658e-01,3.571273982524871826e-01,4.522570073604583740e-01,-4.905367791652679443e-01,9.219463169574737549e-02,-2.947226464748382568e-01,-3.326383531093597412e-01,-3.029090464115142822e-01,6.416254639625549316e-01,-2.982682287693023682e-01,7.229264080524444580e-02,-2.116204239428043365e-02,-1.459198594093322754e+00,1.575333952903747559e+00,-7.615478038787841797e-01,9.303374290466308594e-01,3.167179226875305176e-02,1.149000048637390137e+00,-2.033995866775512695e+00,-1.912546157836914062e+00,1.024566769599914551e+00,1.432311236858367920e-01
-1.408597528934478760e-01,-2.630890309810638428e-01,8.232463598251342773e-01,4.303408414125442505e-02,-3.753112629055976868e-02,-6.374435424804687500e-01,-7.683782577514648438e-01,-2.132607400417327881e-01,1.600684672594070435e-01,3.578301668167114258e-01,4.248388111591339111e-01,-4.751329720020294189e-01,9.500135481357574463e-02,-2.865717113018035889e-01,-3.073982000350952148e-01,-2.936368286609649658e-01,6.078752875328063965e-01,-2.897149622440338135e-01,7.626712322235107422e-02,-2.197922766208648682e-02,-1.429998993873596191e+00,1.566011548042297363e+00,-7.349784970283508301e-01,9.299042224884033203e-01,2.143571339547634125e-02,1.149000048637390137e+00,-2.040543317794799805e+00,-1.912976145744323730e+00,1.021603822708129883e+00,1.394775062799453735e-01
-1.416456699371337891e-01,-2.582639753818511963e-01,8.257643580436706543e-01,4.414121434092521667e-02,-4.139416664838790894e-02,-6.375453472137451172e-01,-7.680325508117675781e-01,-2.001069784164428711e-01,1.471026241779327393e-01,3.582256436347961426e-01,3.916232585906982422e-01,-4.576389193534851074e-01,9.272406250238418579e-02,-2.689742743968963623e-01,-2.809170484542846680e-01,-2.816029191017150879e-01,5.426752567291259766e-01,-2.811353504657745361e-01,8.214589953422546387e-02,-2.536398172378540039e-02,-1.408924341201782227e+00,1.560137033462524414e+00,-7.195142507553100586e-01,9.296134710311889648e-01,1.559685822576284409e-02,1.149000048637390137e+00,-2.045865297317504883e+00,-1.908100605010986328e+00,1.021674036979675293e+00,1.364691406488418579e-01
-1.428957134485244751e-01,-2.545549869537353516e-01,8.281590342521667480e-01,4.487838596105575562e-02,-4.504425823688507080e-02,-6.377223134040832520e-01,-7.676374316215515137e-01,-1.870213747024536133e-01,1.338924169540405273e-01,3.611359596252441406e-01,3.563211560249328613e-01,-4.367695152759552002e-01,8.809368312358856201e-02,-2.482344657182693481e-01,-2.655713558197021484e-01,-2.760253846645355225e-01,4.678637981414794922e-01,-2.634333968162536621e-01,8.828705549240112305e-02,-2.811474539339542389e-02,-1.389403820037841797e+00,1.555674076080322266e+00,-7.048891782760620117e-01,9.281102418899536133e-01,1.312715746462345123e-02,1.149000048637390137e+00,-2.049326896667480469e+00,-1.900756835937500000e+00,1.014476895332336426e+00,1.289464831352233887e-01
-1.420352160930633545e-01,-2.543587088584899902e-01,8.306381106376647949e-01,4.387683793902397156e-02,-4.771035537123680115e-02,-6.382828950881958008e-01,-7.670680880546569824e-01,-1.798394918441772461e-01,1.250315159559249878e-01,3.617994189262390137e-01,3.323882520198822021e-01,-4.081688821315765381e-01,8.177734911441802979e-02,-2.290244847536087036e-01,-2.544361948966979980e-01,-2.700367867946624756e-01,4.086967706680297852e-01,-2.488549798727035522e-01,9.025137871503829956e-02,-2.920299395918846130e-02,-1.373239755630493164e+00,1.552955031394958496e+00,-6.892182826995849609e-01,9.242697358131408691e-01,8.933261036872863770e-03,1.149000048637390137e+00,-2.047678232192993164e+00,-1.899252653121948242e+00,1.005029797554016113e+00,1.207917928695678711e-01
-1.412119120359420776e-01,-2.515474855899810791e-01,8.323845267295837402e-01,4.452402889728546143e-02,-5.093405395746231079e-02,-6.376868486404418945e-01,-7.673192620277404785e-01,-1.689392030239105225e-01,1.174099370837211609e-01,3.654328882694244385e-01,3.032836318016052246e-01,-3.892343640327453613e-01,7.597754895687103271e-02,-2.057627439498901367e-01,-2.462031245231628418e-01,-2.724526524543762207e-01,3.451865017414093018e-01,-2.401342540979385376e-01,9.042856097221374512e-02,-2.837012521922588348e-02,-1.360185146331787109e+00,1.551817417144775391e+00,-6.757876276969909668e-01,9.197390675544738770e-01,7.858888246119022369e-03,1.149000048637390137e+00,-2.045321941375732422e+00,-1.894637107849121094e+00,9.981765747070312500e-01,1.178632900118827820e-01
-1.414224952459335327e-01,-2.506709396839141846e-01,8.334518671035766602e-01,4.531691595911979675e-02,-5.276776850223541260e-02,-6.380801796913146973e-01,-7.668218016624450684e-01,-1.623332798480987549e-01,1.112293228507041931e-01,3.664138317108154297e-01,2.811088263988494873e-01,-3.753982186317443848e-01,7.222156226634979248e-02,-1.842361837625503540e-01,-2.397184669971466064e-01,-2.759249508380889893e-01,2.901580631732940674e-01,-2.338724434375762939e-01,8.917990326881408691e-02,-2.597707323729991913e-02,-1.352663993835449219e+00,1.549414038658142090e+00,-6.623590588569641113e-01,9.133294820785522461e-01,2.153533976525068283e-03,1.149000048637390137e+00,-2.043118715286254883e+00,-1.889168739318847656e+00,9.908732175827026367e-01,1.198987886309623718e-01
-1.402854323387145996e-01,-2.492053359746932983e-01,8.340060710906982422e-01,4.501318559050559998e-02,-5.400745943188667297e-02,-6.385430097579956055e-01,-7.663679122924804688e-01,-1.567319929599761963e-01,1.077741682529449463e-01,3.661918640136718750e-01,2.696180641651153564e-01,-3.654403090476989746e-01,6.882520765066146851e-02,-1.663740724325180054e-01,-2.358249723911285400e-01,-2.801010012626647949e-01,2.538251876831054688e-01,-2.333492934703826904e-01,8.593678474426269531e-02,-2.476018294692039490e-02,-1.346281886100769043e+00,1.549062728881835938e+00,-6.512568593025207520e-01,9.106755852699279785e-01,2.073601353913545609e-03,1.149000048637390137e+00,-2.038024902343750000e+00,-1.885162115097045898e+00,9.872776865959167480e-01,1.200253516435623169e-01
-1.417777538299560547e-01,-2.491585612297058105e-01,8.339279890060424805e-01,4.514887556433677673e-02,-5.345926433801651001e-02,-6.394670605659484863e-01,-7.656275629997253418e-01,-1.525635123252868652e-01,1.044503077864646912e-01,3.661673367023468018e-01,2.606667876243591309e-01,-3.641764521598815918e-01,6.628673523664474487e-02,-1.550813317298889160e-01,-2.346714586019515991e-01,-2.847776710987091064e-01,2.318823039531707764e-01,-2.300060689449310303e-01,8.810752630233764648e-02,-2.224916964769363403e-02,-1.340145707130432129e+00,1.548546075820922852e+00,-6.427922248840332031e-01,9.086760878562927246e-01,8.577045984566211700e-03,1.149000048637390137e+00,-2.033613443374633789e+00,-1.878546357154846191e+00,9.875442385673522949e-01,1.235970556735992432e-01
-1.418461650609970093e-01,-2.506563663482666016e-01,8.336703181266784668e-01,4.452707245945930481e-02,-5.211323499679565430e-02,-6.405557990074157715e-01,-7.648462653160095215e-01,-1.541216373443603516e-01,1.054440140724182129e-01,3.614932894706726074e-01,2.640917003154754639e-01,-3.641431629657745361e-01,6.701523065567016602e-02,-1.521996110677719116e-01,-2.333327531814575195e-01,-2.829672098159790039e-01,2.281539738178253174e-01,-2.317302823066711426e-01,8.396673947572708130e-02,-1.917500607669353485e-02,-1.326835155487060547e+00,1.548792362213134766e+00,-6.288857460021972656e-01,9.082317352294921875e-01,1.257606688886880875e-02,1.149000048637390137e+00,-2.024503707885742188e+00,-1.867918133735656738e+00,9.795326590538024902e-01,1.238357499241828918e-01
-1.435579806566238403e-01,-2.510910630226135254e-01,8.331131339073181152e-01,4.454833269119262695e-02,-5.078617855906486511e-02,-6.412811279296875000e-01,-7.643262743949890137e-01,-1.562319993972778320e-01,1.052765548229217529e-01,3.584289550781250000e-01,2.707217335700988770e-01,-3.697346746921539307e-01,6.798983365297317505e-02,-1.518818587064743042e-01,-2.340299338102340698e-01,-2.808938026428222656e-01,2.308072745800018311e-01,-2.334318459033966064e-01,8.373019844293594360e-02,-1.513623725622892380e-02,-1.313227534294128418e+00,1.548546075820922852e+00,-6.125034093856811523e-01,9.038046002388000488e-01,1.613250561058521271e-02,1.149000048637390137e+00,-2.018277883529663086e+00,-1.865445017814636230e+00,9.803664088249206543e-01,1.278192698955535889e-01
-1.428843885660171509e-01,-2.554874122142791748e-01,8.325831294059753418e-01,4.402122274041175842e-02,-4.851301014423370361e-02,-6.429531574249267578e-01,-7.630988359451293945e-01,-1.599259823560714722e-01,1.099154502153396606e-01,3.576184809207916260e-01,2.742218971252441406e-01,-3.737993240356445312e-01,6.649658083915710449e-02,-1.593879759311676025e-01,-2.320576310157775879e-01,-2.802605628967285156e-01,2.467192560434341431e-01,-2.375581711530685425e-01,7.881750911474227905e-02,-1.807992719113826752e-02,-1.299795150756835938e+00,1.552148461341857910e+00,-6.028586030006408691e-01,9.089213609695434570e-01,3.398634493350982666e-02,1.149000048637390137e+00,-2.018144369125366211e+00,-1.855960369110107422e+00,9.896768927574157715e-01,1.113069579005241394e-01
